timestamp,marker_id,x_base,y_base,z_base
1777047783.156806,0,0.012450,-0.116990,0.365500
1777047783.156806,1,-0.013014,-0.143102,0.399061
1777047783.156806,2,-0.041815,-0.177233,0.428851
1777047783.156806,3,-0.026384,-0.091941,0.351481
1777047783.156806,4,-0.049576,-0.112352,0.391189
1777047783.156806,5,-0.076501,-0.138963,0.424749
1777047783.156806,6,-0.067557,-0.066841,0.336252
1777047783.156806,7,-0.088723,-0.085696,0.378696
1777047783.156806,8,-0.110481,-0.105287,0.418630
1777047783.156806,9,-0.105597,-0.037587,0.326490
1777047783.156806,10,-0.129631,-0.060797,0.364454
1777047783.156806,11,-0.152650,-0.082047,0.403074
1777047783.190432,0,0.012450,-0.116990,0.365500
1777047783.190432,1,-0.014227,-0.143802,0.398609
1777047783.190432,2,-0.041933,-0.177140,0.428637
1777047783.190432,3,-0.026165,-0.091461,0.351834
1777047783.190432,4,-0.049576,-0.112352,0.391189
1777047783.190432,5,-0.075439,-0.137354,0.425735
1777047783.190432,6,-0.067184,-0.066337,0.337382
1777047783.190432,7,-0.088447,-0.085175,0.379099
1777047783.190432,8,-0.113156,-0.108452,0.415692
1777047783.190432,9,-0.106364,-0.038258,0.325458
1777047783.190432,10,-0.128947,-0.059898,0.365351
1777047783.190432,11,-0.152650,-0.082047,0.403074
1777047783.224058,0,0.012073,-0.118450,0.363741
1777047783.224058,1,-0.013821,-0.142790,0.399350
1777047783.224058,2,-0.042223,-0.175950,0.429299
1777047783.224058,3,-0.025384,-0.089909,0.353780
1777047783.224058,4,-0.050200,-0.111970,0.391449
1777047783.224058,5,-0.076501,-0.138963,0.424749
1777047783.224058,6,-0.066382,-0.065024,0.338768
1777047783.224058,7,-0.088723,-0.085696,0.378696
1777047783.224058,8,-0.113156,-0.108452,0.415692
1777047783.224058,9,-0.107913,-0.039947,0.323152
1777047783.224058,10,-0.128947,-0.059898,0.365351
1777047783.224058,11,-0.152650,-0.082047,0.403074
1777047783.257685,0,0.011982,-0.118562,0.363407
1777047783.257685,1,-0.013403,-0.144229,0.398331
1777047783.257685,2,-0.042223,-0.175950,0.429299
1777047783.257685,3,-0.026358,-0.092016,0.351342
1777047783.257685,4,-0.050200,-0.111970,0.391449
1777047783.257685,5,-0.075115,-0.138399,0.425147
1777047783.257685,6,-0.066748,-0.065437,0.338006
1777047783.257685,7,-0.088723,-0.085696,0.378696
1777047783.257685,8,-0.113156,-0.108452,0.415692
1777047783.257685,9,-0.106364,-0.038258,0.325458
1777047783.257685,10,-0.129631,-0.060797,0.364454
1777047783.257685,11,-0.153516,-0.082994,0.402454
1777047784.333286,0,0.012680,-0.116010,0.366388
1777047784.333286,1,-0.012984,-0.143415,0.399064
1777047784.333286,2,-0.040629,-0.174335,0.430486
1777047784.333286,3,-0.025537,-0.090246,0.353596
1777047784.333286,4,-0.049576,-0.112352,0.391189
1777047784.333286,5,-0.075500,-0.137682,0.425663
1777047784.333286,6,-0.066382,-0.065024,0.338768
1777047784.333286,7,-0.088723,-0.085696,0.378696
1777047784.333286,8,-0.111994,-0.106554,0.417270
1777047784.333286,9,-0.106221,-0.038435,0.325417
1777047784.333286,10,-0.128947,-0.059898,0.365351
1777047784.333286,11,-0.152650,-0.082047,0.403074
1777047784.366878,0,0.012228,-0.117548,0.364750
1777047784.366878,1,-0.012466,-0.141614,0.400356
1777047784.366878,2,-0.041029,-0.175119,0.429843
1777047784.366878,3,-0.026384,-0.091941,0.351481
1777047784.366878,4,-0.049576,-0.112352,0.391189
1777047784.366878,5,-0.076037,-0.138090,0.425114
1777047784.366878,6,-0.066912,-0.065691,0.337977
1777047784.366878,7,-0.088723,-0.085696,0.378696
1777047784.366878,8,-0.112021,-0.107276,0.416763
1777047784.366878,9,-0.106221,-0.038435,0.325417
1777047784.366878,10,-0.129066,-0.059705,0.365417
1777047784.366878,11,-0.152182,-0.081381,0.403529
1777047784.434061,0,0.012377,-0.116631,0.365742
1777047784.434061,1,-0.013938,-0.146081,0.397000
1777047784.434061,2,-0.041070,-0.174936,0.430277
1777047784.434061,3,-0.025532,-0.090372,0.353393
1777047784.434061,4,-0.049576,-0.112352,0.391189
1777047784.434061,5,-0.076191,-0.138597,0.424911
1777047784.434061,6,-0.066356,-0.065328,0.338390
1777047784.434061,7,-0.088723,-0.085696,0.378696
1777047784.434061,8,-0.113156,-0.108452,0.415692
1777047784.434061,9,-0.106221,-0.038435,0.325417
1777047784.434061,10,-0.128947,-0.059898,0.365351
1777047784.434061,11,-0.152650,-0.082047,0.403074
1777047784.467718,0,0.012377,-0.116631,0.365742
1777047784.467718,1,-0.013014,-0.143102,0.399061
1777047784.467718,2,-0.042223,-0.175950,0.429299
1777047784.467718,3,-0.025532,-0.090372,0.353393
1777047784.467718,4,-0.049576,-0.112352,0.391189
1777047784.467718,5,-0.075115,-0.138399,0.425147
1777047784.467718,6,-0.066912,-0.065691,0.337977
1777047784.467718,7,-0.088723,-0.085696,0.378696
1777047784.467718,8,-0.113156,-0.108452,0.415692
1777047784.467718,9,-0.106221,-0.038435,0.325417
1777047784.467718,10,-0.128947,-0.059898,0.365351
1777047784.467718,11,-0.152182,-0.081381,0.403529
1777047784.568483,0,0.012170,-0.117128,0.365052
1777047784.568483,1,-0.012666,-0.142376,0.399866
1777047784.568483,2,-0.042223,-0.175950,0.429299
1777047784.568483,3,-0.025384,-0.089909,0.353780
1777047784.568483,4,-0.050200,-0.111970,0.391449
1777047784.568483,5,-0.076037,-0.138090,0.425114
1777047784.568483,6,-0.066912,-0.065691,0.337977
1777047784.568483,7,-0.088723,-0.085696,0.378696
1777047784.568483,8,-0.113156,-0.108452,0.415692
1777047784.568483,9,-0.106221,-0.038435,0.325417
1777047784.568483,10,-0.129631,-0.060797,0.364454
1777047784.568483,11,-0.152650,-0.082047,0.403074
1777047785.038708,0,0.011981,-0.118358,0.364095
1777047785.038708,1,-0.013231,-0.143914,0.398534
1777047785.038708,2,-0.042469,-0.178499,0.427941
1777047785.038708,3,-0.026358,-0.092016,0.351342
1777047785.038708,4,-0.050200,-0.111970,0.391449
1777047785.038708,5,-0.076501,-0.138963,0.424749
1777047785.038708,6,-0.066284,-0.064915,0.338909
1777047785.038708,7,-0.088723,-0.085696,0.378696
1777047785.038708,8,-0.113156,-0.108452,0.415692
1777047785.038708,9,-0.106221,-0.038435,0.325417
1777047785.038708,10,-0.129631,-0.060797,0.364454
1777047785.038708,11,-0.152182,-0.081381,0.403529
1777047785.105882,0,0.012377,-0.116631,0.365742
1777047785.105882,1,-0.013740,-0.145685,0.397268
1777047785.105882,2,-0.041933,-0.177140,0.428637
1777047785.105882,3,-0.025384,-0.089909,0.353780
1777047785.105882,4,-0.049576,-0.112352,0.391189
1777047785.105882,5,-0.075115,-0.138399,0.425147
1777047785.105882,6,-0.066382,-0.065024,0.338768
1777047785.105882,7,-0.088447,-0.085175,0.379099
1777047785.105882,8,-0.112735,-0.107842,0.415918
1777047785.105882,9,-0.106221,-0.038435,0.325417
1777047785.105882,10,-0.129631,-0.060797,0.364454
1777047785.105882,11,-0.152650,-0.082047,0.403074
1777047785.206641,0,0.012718,-0.116502,0.366012
1777047785.206641,1,-0.012984,-0.143415,0.399064
1777047785.206641,2,-0.042223,-0.175950,0.429299
1777047785.206641,3,-0.026358,-0.092016,0.351342
1777047785.206641,4,-0.050200,-0.111970,0.391449
1777047785.206641,5,-0.076037,-0.138090,0.425114
1777047785.206641,6,-0.066618,-0.065284,0.338207
1777047785.206641,7,-0.088723,-0.085696,0.378696
1777047785.206641,8,-0.113156,-0.108452,0.415692
1777047785.206641,9,-0.106221,-0.038435,0.325417
1777047785.206641,10,-0.129343,-0.060232,0.365098
1777047785.206641,11,-0.152650,-0.082047,0.403074
1777047785.273814,0,0.012680,-0.116010,0.366388
1777047785.273814,1,-0.014027,-0.142931,0.399153
1777047785.273814,2,-0.041933,-0.177140,0.428637
1777047785.273814,3,-0.026384,-0.091941,0.351481
1777047785.273814,4,-0.050200,-0.111970,0.391449
1777047785.273814,5,-0.074285,-0.135334,0.427343
1777047785.273814,6,-0.066284,-0.064915,0.338909
1777047785.273814,7,-0.088723,-0.085696,0.378696
1777047785.273814,8,-0.113156,-0.108452,0.415692
1777047785.273814,9,-0.106221,-0.038435,0.325417
1777047785.273814,10,-0.129343,-0.060232,0.365098
1777047785.273814,11,-0.152650,-0.082047,0.403074
1777047785.340987,0,0.012680,-0.116010,0.366388
1777047785.340987,1,-0.012466,-0.141614,0.400356
1777047785.340987,2,-0.040185,-0.172942,0.431461
1777047785.340987,3,-0.026165,-0.091461,0.351834
1777047785.340987,4,-0.050200,-0.111970,0.391449
1777047785.340987,5,-0.075006,-0.138056,0.425279
1777047785.340987,6,-0.066748,-0.065437,0.338006
1777047785.340987,7,-0.088447,-0.085175,0.379099
1777047785.340987,8,-0.113156,-0.108452,0.415692
1777047785.340987,9,-0.106221,-0.038435,0.325417
1777047785.340987,10,-0.128947,-0.059898,0.365351
1777047785.340987,11,-0.152650,-0.082047,0.403074
1777047785.408159,0,0.012680,-0.116010,0.366388
1777047785.408159,1,-0.012226,-0.140957,0.401276
1777047785.408159,2,-0.040288,-0.173465,0.431256
1777047785.408159,3,-0.026358,-0.092016,0.351342
1777047785.408159,4,-0.050200,-0.111970,0.391449
1777047785.408159,5,-0.075006,-0.138056,0.425279
1777047785.408159,6,-0.067153,-0.066366,0.337106
1777047785.408159,7,-0.088723,-0.085696,0.378696
1777047785.408159,8,-0.113156,-0.108452,0.415692
1777047785.408159,9,-0.106221,-0.038435,0.325417
1777047785.408159,10,-0.128947,-0.059898,0.365351
1777047785.408159,11,-0.152650,-0.082047,0.403074
1777047785.475331,0,0.012073,-0.118450,0.363741
1777047785.475331,1,-0.014227,-0.143802,0.398609
1777047785.475331,2,-0.041815,-0.177233,0.428851
1777047785.475331,3,-0.025532,-0.090372,0.353393
1777047785.475331,4,-0.049934,-0.111436,0.391656
1777047785.475331,5,-0.076526,-0.139223,0.424727
1777047785.475331,6,-0.066382,-0.065024,0.338768
1777047785.475331,7,-0.088723,-0.085696,0.378696
1777047785.475331,8,-0.113156,-0.108452,0.415692
1777047785.475331,9,-0.107589,-0.039939,0.323416
1777047785.475331,10,-0.127776,-0.058548,0.367130
1777047785.475331,11,-0.152650,-0.082047,0.403074
1777047785.542502,0,0.012377,-0.116631,0.365742
1777047785.542502,1,-0.014040,-0.143479,0.398738
1777047785.542502,2,-0.042223,-0.175950,0.429299
1777047785.542502,3,-0.026165,-0.091461,0.351834
1777047785.542502,4,-0.049576,-0.112352,0.391189
1777047785.542502,5,-0.076191,-0.138597,0.424911
1777047785.542502,6,-0.067040,-0.066115,0.337364
1777047785.542502,7,-0.088447,-0.085175,0.379099
1777047785.542502,8,-0.113156,-0.108452,0.415692
1777047785.542502,9,-0.106221,-0.038435,0.325417
1777047785.542502,10,-0.128454,-0.059436,0.366243
1777047785.542502,11,-0.152182,-0.081381,0.403529
1777047785.643259,0,0.012450,-0.116990,0.365500
1777047785.643259,1,-0.013014,-0.143102,0.399061
1777047785.643259,2,-0.041070,-0.174936,0.430277
1777047785.643259,3,-0.026165,-0.091461,0.351834
1777047785.643259,4,-0.049576,-0.112352,0.391189
1777047785.643259,5,-0.076526,-0.139223,0.424727
1777047785.643259,6,-0.067224,-0.066025,0.337328
1777047785.643259,7,-0.088723,-0.085696,0.378696
1777047785.643259,8,-0.113156,-0.108452,0.415692
1777047785.643259,9,-0.107589,-0.039939,0.323416
1777047785.643259,10,-0.128947,-0.059898,0.365351
1777047785.643259,11,-0.152650,-0.082047,0.403074
1777047785.710429,0,0.012288,-0.117922,0.364464
1777047785.710429,1,-0.013231,-0.143914,0.398534
1777047785.710429,2,-0.040629,-0.174335,0.430486
1777047785.710429,3,-0.026358,-0.092016,0.351342
1777047785.710429,4,-0.050200,-0.111970,0.391449
1777047785.710429,5,-0.076526,-0.139223,0.424727
1777047785.710429,6,-0.066356,-0.065328,0.338390
1777047785.710429,7,-0.088652,-0.085831,0.378545
1777047785.710429,8,-0.113156,-0.108452,0.415692
1777047785.710429,9,-0.106221,-0.038435,0.325417
1777047785.710429,10,-0.128454,-0.059436,0.366243
1777047785.710429,11,-0.152650,-0.082047,0.403074
1777047786.113441,0,0.012170,-0.117128,0.365052
1777047786.113441,1,-0.013512,-0.144841,0.397821
1777047786.113441,2,-0.042223,-0.175950,0.429299
1777047786.113441,3,-0.026165,-0.091461,0.351834
1777047786.113441,4,-0.049576,-0.112352,0.391189
1777047786.113441,5,-0.075115,-0.138399,0.425147
1777047786.113441,6,-0.066912,-0.065691,0.337977
1777047786.113441,7,-0.088723,-0.085696,0.378696
1777047786.113441,8,-0.113156,-0.108452,0.415692
1777047786.113441,9,-0.106364,-0.038258,0.325458
1777047786.113441,10,-0.128736,-0.059412,0.365891
1777047786.113441,11,-0.153516,-0.082994,0.402454
1777047786.147024,0,0.012450,-0.116990,0.365500
1777047786.147024,1,-0.012873,-0.142706,0.400030
1777047786.147024,2,-0.040590,-0.173746,0.430809
1777047786.147024,3,-0.026358,-0.092016,0.351342
1777047786.147024,4,-0.050200,-0.111970,0.391449
1777047786.147024,5,-0.076526,-0.139223,0.424727
1777047786.147024,6,-0.066912,-0.065691,0.337977
1777047786.147024,7,-0.088723,-0.085696,0.378696
1777047786.147024,8,-0.112047,-0.107273,0.416793
1777047786.147024,9,-0.107589,-0.039939,0.323416
1777047786.147024,10,-0.127776,-0.058548,0.367130
1777047786.147024,11,-0.152650,-0.082047,0.403074
1777047786.180608,0,0.011936,-0.117926,0.364438
1777047786.180608,1,-0.013740,-0.145685,0.397268
1777047786.180608,2,-0.040629,-0.174335,0.430486
1777047786.180608,3,-0.026358,-0.092016,0.351342
1777047786.180608,4,-0.050200,-0.111970,0.391449
1777047786.180608,5,-0.075500,-0.137682,0.425663
1777047786.180608,6,-0.066382,-0.065024,0.338768
1777047786.180608,7,-0.088723,-0.085696,0.378696
1777047786.180608,8,-0.111594,-0.106476,0.417523
1777047786.180608,9,-0.105597,-0.037587,0.326490
1777047786.180608,10,-0.128947,-0.059898,0.365351
1777047786.180608,11,-0.152650,-0.082047,0.403074
1777047786.214191,0,0.012680,-0.116010,0.366388
1777047786.214191,1,-0.013991,-0.143567,0.398882
1777047786.214191,2,-0.040185,-0.172942,0.431461
1777047786.214191,3,-0.026358,-0.092016,0.351342
1777047786.214191,4,-0.050200,-0.111970,0.391449
1777047786.214191,5,-0.076501,-0.138963,0.424749
1777047786.214191,6,-0.066912,-0.065691,0.337977
1777047786.214191,7,-0.088723,-0.085696,0.378696
1777047786.214191,8,-0.113156,-0.108452,0.415692
1777047786.214191,9,-0.106221,-0.038435,0.325417
1777047786.214191,10,-0.128947,-0.059898,0.365351
1777047786.214191,11,-0.152650,-0.082047,0.403074
1777047786.247774,0,0.012377,-0.116631,0.365742
1777047786.247774,1,-0.014420,-0.144521,0.397816
1777047786.247774,2,-0.041933,-0.177140,0.428637
1777047786.247774,3,-0.026358,-0.092016,0.351342
1777047786.247774,4,-0.049576,-0.112352,0.391189
1777047786.247774,5,-0.076037,-0.138090,0.425114
1777047786.247774,6,-0.066912,-0.065691,0.337977
1777047786.247774,7,-0.088723,-0.085696,0.378696
1777047786.247774,8,-0.113156,-0.108452,0.415692
1777047786.247774,9,-0.106221,-0.038435,0.325417
1777047786.247774,10,-0.128947,-0.059898,0.365351
1777047786.247774,11,-0.152650,-0.082047,0.403074
1777047786.281358,0,0.012228,-0.117548,0.364750
1777047786.281358,1,-0.014610,-0.145366,0.397296
1777047786.281358,2,-0.041070,-0.174936,0.430277
1777047786.281358,3,-0.025384,-0.089909,0.353780
1777047786.281358,4,-0.050200,-0.111970,0.391449
1777047786.281358,5,-0.076191,-0.138597,0.424911
1777047786.281358,6,-0.067224,-0.066025,0.337328
1777047786.281358,7,-0.088723,-0.085696,0.378696
1777047786.281358,8,-0.113156,-0.108452,0.415692
1777047786.281358,9,-0.106221,-0.038435,0.325417
1777047786.281358,10,-0.127776,-0.058548,0.367130
1777047786.281358,11,-0.152182,-0.081381,0.403529
1777047786.314940,0,0.012228,-0.117511,0.364757
1777047786.314940,1,-0.014420,-0.144521,0.397816
1777047786.314940,2,-0.041070,-0.174936,0.430277
1777047786.314940,3,-0.026165,-0.091461,0.351834
1777047786.314940,4,-0.050200,-0.111970,0.391449
1777047786.314940,5,-0.076526,-0.139223,0.424727
1777047786.314940,6,-0.066912,-0.065691,0.337977
1777047786.314940,7,-0.088723,-0.085696,0.378696
1777047786.314940,8,-0.113156,-0.108452,0.415692
1777047786.314940,9,-0.107589,-0.039939,0.323416
1777047786.314940,10,-0.128947,-0.059898,0.365351
1777047786.314940,11,-0.152650,-0.082047,0.403074
1777047786.348523,0,0.012114,-0.117749,0.364327
1777047786.348523,1,-0.013512,-0.144841,0.397821
1777047786.348523,2,-0.041893,-0.174812,0.429877
1777047786.348523,3,-0.026358,-0.092016,0.351342
1777047786.348523,4,-0.049576,-0.112352,0.391189
1777047786.348523,5,-0.076501,-0.138963,0.424749
1777047786.348523,6,-0.066912,-0.065691,0.337977
1777047786.348523,7,-0.088723,-0.085696,0.378696
1777047786.348523,8,-0.113156,-0.108452,0.415692
1777047786.348523,9,-0.106221,-0.038435,0.325417
1777047786.348523,10,-0.129631,-0.060797,0.364454
1777047786.348523,11,-0.152182,-0.081381,0.403529
1777047786.382106,0,0.012377,-0.116631,0.365742
1777047786.382106,1,-0.013512,-0.144841,0.397821
1777047786.382106,2,-0.041029,-0.175119,0.429843
1777047786.382106,3,-0.026358,-0.092016,0.351342
1777047786.382106,4,-0.050200,-0.111970,0.391449
1777047786.382106,5,-0.076191,-0.138597,0.424911
1777047786.382106,6,-0.066356,-0.065328,0.338390
1777047786.382106,7,-0.088447,-0.085175,0.379099
1777047786.382106,8,-0.111594,-0.106476,0.417523
1777047786.382106,9,-0.106221,-0.038435,0.325417
1777047786.382106,10,-0.127776,-0.058548,0.367130
1777047786.382106,11,-0.152182,-0.081381,0.403529
1777047786.415689,0,0.012288,-0.117922,0.364464
1777047786.415689,1,-0.012812,-0.142147,0.399937
1777047786.415689,2,-0.041070,-0.174936,0.430277
1777047786.415689,3,-0.025532,-0.090372,0.353393
1777047786.415689,4,-0.050200,-0.111970,0.391449
1777047786.415689,5,-0.076864,-0.139477,0.424490
1777047786.415689,6,-0.066618,-0.065284,0.338207
1777047786.415689,7,-0.088723,-0.085696,0.378696
1777047786.415689,8,-0.111637,-0.106196,0.417460
1777047786.415689,9,-0.106221,-0.038435,0.325417
1777047786.415689,10,-0.129066,-0.059705,0.365417
1777047786.415689,11,-0.153516,-0.082994,0.402454
1777047786.818702,0,0.012170,-0.117128,0.365052
1777047786.818702,1,-0.014420,-0.144521,0.397816
1777047786.818702,2,-0.041040,-0.174778,0.430399
1777047786.818702,3,-0.026358,-0.092016,0.351342
1777047786.818702,4,-0.048544,-0.110467,0.393053
1777047786.818702,5,-0.076501,-0.138963,0.424749
1777047786.818702,6,-0.066912,-0.065691,0.337977
1777047786.818702,7,-0.088723,-0.085696,0.378696
1777047786.818702,8,-0.113156,-0.108452,0.415692
1777047786.818702,9,-0.106221,-0.038435,0.325417
1777047786.818702,10,-0.127776,-0.058548,0.367130
1777047786.818702,11,-0.153516,-0.082994,0.402454
1777047786.885883,0,0.012073,-0.118450,0.363741
1777047786.885883,1,-0.013828,-0.142804,0.399314
1777047786.885883,2,-0.042534,-0.177049,0.428755
1777047786.885883,3,-0.025537,-0.090246,0.353596
1777047786.885883,4,-0.049576,-0.112352,0.391189
1777047786.885883,5,-0.076191,-0.138597,0.424911
1777047786.885883,6,-0.066912,-0.065691,0.337977
1777047786.885883,7,-0.088723,-0.085696,0.378696
1777047786.885883,8,-0.113156,-0.108452,0.415692
1777047786.885883,9,-0.106221,-0.038435,0.325417
1777047786.885883,10,-0.128947,-0.059898,0.365351
1777047786.885883,11,-0.152650,-0.082047,0.403074
1777047786.953064,0,0.012228,-0.117548,0.364750
1777047786.953064,1,-0.013991,-0.143567,0.398882
1777047786.953064,2,-0.041070,-0.174936,0.430277
1777047786.953064,3,-0.025532,-0.090372,0.353393
1777047786.953064,4,-0.050200,-0.111970,0.391449
1777047786.953064,5,-0.076501,-0.138963,0.424749
1777047786.953064,6,-0.066912,-0.065691,0.337977
1777047786.953064,7,-0.088447,-0.085175,0.379099
1777047786.953064,8,-0.113156,-0.108452,0.415692
1777047786.953064,9,-0.106221,-0.038435,0.325417
1777047786.953064,10,-0.129631,-0.060797,0.364454
1777047786.953064,11,-0.152650,-0.082047,0.403074
1777047787.020229,0,0.011816,-0.118696,0.363560
1777047787.020229,1,-0.012914,-0.143391,0.398949
1777047787.020229,2,-0.041514,-0.176322,0.429305
1777047787.020229,3,-0.026358,-0.092016,0.351342
1777047787.020229,4,-0.049576,-0.112352,0.391189
1777047787.020229,5,-0.076501,-0.138963,0.424749
1777047787.020229,6,-0.066382,-0.065024,0.338768
1777047787.020229,7,-0.088723,-0.085696,0.378696
1777047787.020229,8,-0.112735,-0.107842,0.415918
1777047787.020229,9,-0.106221,-0.038435,0.325417
1777047787.020229,10,-0.128947,-0.059898,0.365351
1777047787.020229,11,-0.153516,-0.082994,0.402454
1777047787.120983,0,0.012377,-0.116631,0.365742
1777047787.120983,1,-0.013014,-0.143102,0.399061
1777047787.120983,2,-0.040180,-0.172856,0.431536
1777047787.120983,3,-0.026384,-0.091941,0.351481
1777047787.120983,4,-0.050200,-0.111970,0.391449
1777047787.120983,5,-0.076191,-0.138597,0.424911
1777047787.120983,6,-0.066912,-0.065691,0.337977
1777047787.120983,7,-0.088723,-0.085696,0.378696
1777047787.120983,8,-0.113156,-0.108452,0.415692
1777047787.120983,9,-0.106221,-0.038435,0.325417
1777047787.120983,10,-0.128947,-0.059898,0.365351
1777047787.120983,11,-0.152650,-0.082047,0.403074
1777047787.154568,0,0.012031,-0.117969,0.364104
1777047787.154568,1,-0.013617,-0.141902,0.399887
1777047787.154568,2,-0.040892,-0.174296,0.430918
1777047787.154568,3,-0.026165,-0.091461,0.351834
1777047787.154568,4,-0.050200,-0.111970,0.391449
1777047787.154568,5,-0.075006,-0.138056,0.425279
1777047787.154568,6,-0.066382,-0.065024,0.338768
1777047787.154568,7,-0.088723,-0.085696,0.378696
1777047787.154568,8,-0.113156,-0.108452,0.415692
1777047787.154568,9,-0.106364,-0.038258,0.325458
1777047787.154568,10,-0.128947,-0.059898,0.365351
1777047787.154568,11,-0.152650,-0.082047,0.403074
1777047787.221737,0,0.012680,-0.116010,0.366388
1777047787.221737,1,-0.013740,-0.145685,0.397268
1777047787.221737,2,-0.042223,-0.175950,0.429299
1777047787.221737,3,-0.026384,-0.091941,0.351481
1777047787.221737,4,-0.049576,-0.112352,0.391189
1777047787.221737,5,-0.076501,-0.138963,0.424749
1777047787.221737,6,-0.066912,-0.065691,0.337977
1777047787.221737,7,-0.088447,-0.085175,0.379099
1777047787.221737,8,-0.113156,-0.108452,0.415692
1777047787.221737,9,-0.106221,-0.038435,0.325417
1777047787.221737,10,-0.127776,-0.058548,0.367130
1777047787.221737,11,-0.152182,-0.081381,0.403529
1777047787.322489,0,0.012680,-0.116010,0.366388
1777047787.322489,1,-0.012861,-0.142548,0.400064
1777047787.322489,2,-0.041070,-0.174936,0.430277
1777047787.322489,3,-0.026165,-0.091461,0.351834
1777047787.322489,4,-0.049576,-0.112352,0.391189
1777047787.322489,5,-0.076191,-0.138597,0.424911
1777047787.322489,6,-0.066618,-0.065284,0.338207
1777047787.322489,7,-0.088723,-0.085696,0.378696
1777047787.322489,8,-0.113156,-0.108452,0.415692
1777047787.322489,9,-0.106221,-0.038435,0.325417
1777047787.322489,10,-0.128947,-0.059898,0.365351
1777047787.322489,11,-0.152650,-0.082047,0.403074
1777047787.356073,0,0.012450,-0.116990,0.365500
1777047787.356073,1,-0.013014,-0.143102,0.399061
1777047787.356073,2,-0.040297,-0.173288,0.431288
1777047787.356073,3,-0.026384,-0.091941,0.351481
1777047787.356073,4,-0.050200,-0.111970,0.391449
1777047787.356073,5,-0.075115,-0.138399,0.425147
1777047787.356073,6,-0.066912,-0.065691,0.337977
1777047787.356073,7,-0.088723,-0.085696,0.378696
1777047787.356073,8,-0.112735,-0.107842,0.415918
1777047787.356073,9,-0.106221,-0.038435,0.325417
1777047787.356073,10,-0.128454,-0.059436,0.366243
1777047787.356073,11,-0.152650,-0.082047,0.403074
1777047787.423241,0,0.012228,-0.117511,0.364757
1777047787.423241,1,-0.014219,-0.144151,0.397983
1777047787.423241,2,-0.041380,-0.175875,0.429804
1777047787.423241,3,-0.026165,-0.091461,0.351834
1777047787.423241,4,-0.050200,-0.111970,0.391449
1777047787.423241,5,-0.076501,-0.138963,0.424749
1777047787.423241,6,-0.066912,-0.065691,0.337977
1777047787.423241,7,-0.088723,-0.085696,0.378696
1777047787.423241,8,-0.113156,-0.108452,0.415692
1777047787.423241,9,-0.106221,-0.038435,0.325417
1777047787.423241,10,-0.128947,-0.059898,0.365351
1777047787.423241,11,-0.152650,-0.082047,0.403074
1777047787.490408,0,0.012501,-0.116402,0.365802
1777047787.490408,1,-0.012984,-0.143415,0.399064
1777047787.490408,2,-0.039740,-0.171479,0.432499
1777047787.490408,3,-0.026165,-0.091461,0.351834
1777047787.490408,4,-0.050200,-0.111970,0.391449
1777047787.490408,5,-0.075439,-0.137354,0.425735
1777047787.490408,6,-0.067399,-0.066527,0.336937
1777047787.490408,7,-0.088723,-0.085696,0.378696
1777047787.490408,8,-0.113156,-0.108452,0.415692
1777047787.490408,9,-0.107589,-0.039939,0.323416
1777047787.490408,10,-0.128947,-0.059898,0.365351
1777047787.490408,11,-0.152650,-0.082047,0.403074
1777047787.557575,0,0.012450,-0.116990,0.365500
1777047787.557575,1,-0.012466,-0.141614,0.400356
1777047787.557575,2,-0.040629,-0.174335,0.430486
1777047787.557575,3,-0.026358,-0.092016,0.351342
1777047787.557575,4,-0.050200,-0.111970,0.391449
1777047787.557575,5,-0.076501,-0.138963,0.424749
1777047787.557575,6,-0.066912,-0.065691,0.337977
1777047787.557575,7,-0.088723,-0.085696,0.378696
1777047787.557575,8,-0.113156,-0.108452,0.415692
1777047787.557575,9,-0.106221,-0.038435,0.325417
1777047787.557575,10,-0.127776,-0.058548,0.367130
1777047787.557575,11,-0.152650,-0.082047,0.403074
1777047787.624742,0,0.012501,-0.116402,0.365802
1777047787.624742,1,-0.013740,-0.145685,0.397268
1777047787.624742,2,-0.041070,-0.174936,0.430277
1777047787.624742,3,-0.026165,-0.091461,0.351834
1777047787.624742,4,-0.049576,-0.112352,0.391189
1777047787.624742,5,-0.076037,-0.138090,0.425114
1777047787.624742,6,-0.066284,-0.064915,0.338909
1777047787.624742,7,-0.088723,-0.085696,0.378696
1777047787.624742,8,-0.112839,-0.108184,0.415816
1777047787.624742,9,-0.106221,-0.038435,0.325417
1777047787.624742,10,-0.128947,-0.059898,0.365351
1777047787.624742,11,-0.153516,-0.082994,0.402454
1777047787.691907,0,0.012073,-0.118450,0.363741
1777047787.691907,1,-0.013231,-0.143914,0.398534
1777047787.691907,2,-0.039890,-0.172029,0.431923
1777047787.691907,3,-0.026165,-0.091461,0.351834
1777047787.691907,4,-0.049576,-0.112352,0.391189
1777047787.691907,5,-0.075006,-0.138056,0.425279
1777047787.691907,6,-0.066912,-0.065691,0.337977
1777047787.691907,7,-0.088992,-0.086442,0.378048
1777047787.691907,8,-0.113156,-0.108452,0.415692
1777047787.691907,9,-0.106221,-0.038435,0.325417
1777047787.691907,10,-0.128947,-0.059898,0.365351
1777047787.691907,11,-0.153516,-0.082994,0.402454
1777047787.759073,0,0.012092,-0.118192,0.364210
1777047787.759073,1,-0.012466,-0.141614,0.400356
1777047787.759073,2,-0.041070,-0.174936,0.430277
1777047787.759073,3,-0.026358,-0.092016,0.351342
1777047787.759073,4,-0.050200,-0.111970,0.391449
1777047787.759073,5,-0.075439,-0.137354,0.425735
1777047787.759073,6,-0.066912,-0.065691,0.337977
1777047787.759073,7,-0.088723,-0.085696,0.378696
1777047787.759073,8,-0.113156,-0.108452,0.415692
1777047787.759073,9,-0.106364,-0.038258,0.325458
1777047787.759073,10,-0.128454,-0.059436,0.366243
1777047787.759073,11,-0.152650,-0.082047,0.403074
1777047787.826238,0,0.012377,-0.116631,0.365742
1777047787.826238,1,-0.013512,-0.144841,0.397821
1777047787.826238,2,-0.041326,-0.175253,0.430361
1777047787.826238,3,-0.026358,-0.092016,0.351342
1777047787.826238,4,-0.049576,-0.112352,0.391189
1777047787.826238,5,-0.076191,-0.138597,0.424911
1777047787.826238,6,-0.066298,-0.064759,0.339170
1777047787.826238,7,-0.088652,-0.085831,0.378545
1777047787.826238,8,-0.113156,-0.108452,0.415692
1777047787.826238,9,-0.106364,-0.038258,0.325458
1777047787.826238,10,-0.127776,-0.058548,0.367130
1777047787.826238,11,-0.152650,-0.082047,0.403074
1777047787.859821,0,0.012377,-0.116631,0.365742
1777047787.859821,1,-0.013828,-0.142804,0.399314
1777047787.859821,2,-0.041070,-0.174936,0.430277
1777047787.859821,3,-0.026165,-0.091461,0.351834
1777047787.859821,4,-0.049934,-0.111436,0.391656
1777047787.859821,5,-0.075439,-0.137354,0.425735
1777047787.859821,6,-0.066382,-0.065024,0.338768
1777047787.859821,7,-0.088723,-0.085696,0.378696
1777047787.859821,8,-0.111637,-0.106196,0.417460
1777047787.859821,9,-0.106221,-0.038435,0.325417
1777047787.859821,10,-0.128947,-0.059898,0.365351
1777047787.859821,11,-0.153516,-0.082994,0.402454
1777047787.926987,0,0.012114,-0.117536,0.365022
1777047787.926987,1,-0.013991,-0.143567,0.398882
1777047787.926987,2,-0.040883,-0.174646,0.430357
1777047787.926987,3,-0.026165,-0.091461,0.351834
1777047787.926987,4,-0.050200,-0.111970,0.391449
1777047787.926987,5,-0.075439,-0.137354,0.425735
1777047787.926987,6,-0.067224,-0.066025,0.337328
1777047787.926987,7,-0.088723,-0.085696,0.378696
1777047787.926987,8,-0.113156,-0.108452,0.415692
1777047787.926987,9,-0.106364,-0.038258,0.325458
1777047787.926987,10,-0.129680,-0.060261,0.364877
1777047787.926987,11,-0.152650,-0.082047,0.403074
1777047787.994167,0,0.012228,-0.117511,0.364757
1777047787.994167,1,-0.013740,-0.145685,0.397268
1777047787.994167,2,-0.042223,-0.175950,0.429299
1777047787.994167,3,-0.026165,-0.091461,0.351834
1777047787.994167,4,-0.050200,-0.111970,0.391449
1777047787.994167,5,-0.076501,-0.138963,0.424749
1777047787.994167,6,-0.065727,-0.064205,0.339759
1777047787.994167,7,-0.088723,-0.085696,0.378696
1777047787.994167,8,-0.113156,-0.108452,0.415692
1777047787.994167,9,-0.106364,-0.038258,0.325458
1777047787.994167,10,-0.129779,-0.060631,0.364484
1777047787.994167,11,-0.152650,-0.082047,0.403074
1777047788.061349,0,0.012470,-0.116929,0.365174
1777047788.061349,1,-0.014227,-0.143802,0.398609
1777047788.061349,2,-0.039740,-0.171479,0.432499
1777047788.061349,3,-0.026358,-0.092016,0.351342
1777047788.061349,4,-0.050200,-0.111970,0.391449
1777047788.061349,5,-0.076191,-0.138597,0.424911
1777047788.061349,6,-0.066356,-0.065328,0.338390
1777047788.061349,7,-0.088992,-0.086442,0.378048
1777047788.061349,8,-0.113156,-0.108452,0.415692
1777047788.061349,9,-0.106221,-0.038435,0.325417
1777047788.061349,10,-0.128947,-0.059898,0.365351
1777047788.061349,11,-0.152650,-0.082047,0.403074
1777047788.128531,0,0.012377,-0.116631,0.365742
1777047788.128531,1,-0.013991,-0.143567,0.398882
1777047788.128531,2,-0.041933,-0.177140,0.428637
1777047788.128531,3,-0.026165,-0.091461,0.351834
1777047788.128531,4,-0.050200,-0.111970,0.391449
1777047788.128531,5,-0.076501,-0.138963,0.424749
1777047788.128531,6,-0.066912,-0.065691,0.337977
1777047788.128531,7,-0.088723,-0.085696,0.378696
1777047788.128531,8,-0.113156,-0.108452,0.415692
1777047788.128531,9,-0.106221,-0.038435,0.325417
1777047788.128531,10,-0.128947,-0.059898,0.365351
1777047788.128531,11,-0.152650,-0.082047,0.403074
1777047788.430845,0,0.012155,-0.118017,0.364658
1777047788.430845,1,-0.013617,-0.141902,0.399887
1777047788.430845,2,-0.041815,-0.177233,0.428851
1777047788.430845,3,-0.026358,-0.092016,0.351342
1777047788.430845,4,-0.050200,-0.111970,0.391449
1777047788.430845,5,-0.076501,-0.138963,0.424749
1777047788.430845,6,-0.066382,-0.065024,0.338768
1777047788.430845,7,-0.088723,-0.085696,0.378696
1777047788.430845,8,-0.111778,-0.107069,0.416865
1777047788.430845,9,-0.106221,-0.038435,0.325417
1777047788.430845,10,-0.127776,-0.058548,0.367130
1777047788.430845,11,-0.152650,-0.082047,0.403074
1777047788.565205,0,0.012520,-0.116967,0.365353
1777047788.565205,1,-0.012859,-0.143194,0.399080
1777047788.565205,2,-0.040892,-0.174296,0.430918
1777047788.565205,3,-0.026165,-0.091461,0.351834
1777047788.565205,4,-0.050200,-0.111970,0.391449
1777047788.565205,5,-0.076526,-0.139223,0.424727
1777047788.565205,6,-0.066748,-0.065437,0.338006
1777047788.565205,7,-0.088723,-0.085696,0.378696
1777047788.565205,8,-0.113156,-0.108452,0.415692
1777047788.565205,9,-0.106221,-0.038435,0.325417
1777047788.565205,10,-0.127776,-0.058548,0.367130
1777047788.565205,11,-0.152650,-0.082047,0.403074
1777047788.598795,0,0.012680,-0.116010,0.366388
1777047788.598795,1,-0.013196,-0.144212,0.398547
1777047788.598795,2,-0.041070,-0.174936,0.430277
1777047788.598795,3,-0.026358,-0.092016,0.351342
1777047788.598795,4,-0.049576,-0.112352,0.391189
1777047788.598795,5,-0.075006,-0.138056,0.425279
1777047788.598795,6,-0.066912,-0.065691,0.337977
1777047788.598795,7,-0.088723,-0.085696,0.378696
1777047788.598795,8,-0.113156,-0.108452,0.415692
1777047788.598795,9,-0.106221,-0.038435,0.325417
1777047788.598795,10,-0.127776,-0.058548,0.367130
1777047788.598795,11,-0.152650,-0.082047,0.403074
1777047788.632385,0,0.011936,-0.117926,0.364438
1777047788.632385,1,-0.014027,-0.142931,0.399153
1777047788.632385,2,-0.041070,-0.174936,0.430277
1777047788.632385,3,-0.026384,-0.091941,0.351481
1777047788.632385,4,-0.050200,-0.111970,0.391449
1777047788.632385,5,-0.075439,-0.137354,0.425735
1777047788.632385,6,-0.066257,-0.064506,0.338994
1777047788.632385,7,-0.088930,-0.086008,0.378580
1777047788.632385,8,-0.112735,-0.107842,0.415918
1777047788.632385,9,-0.106221,-0.038435,0.325417
1777047788.632385,10,-0.129066,-0.059705,0.365417
1777047788.632385,11,-0.152650,-0.082047,0.403074
1777047788.665974,0,0.012450,-0.116990,0.365500
1777047788.665974,1,-0.012666,-0.142376,0.399866
1777047788.665974,2,-0.040883,-0.174646,0.430357
1777047788.665974,3,-0.025384,-0.089909,0.353780
1777047788.665974,4,-0.050200,-0.111970,0.391449
1777047788.665974,5,-0.076526,-0.139223,0.424727
1777047788.665974,6,-0.066912,-0.065691,0.337977
1777047788.665974,7,-0.088447,-0.085175,0.379099
1777047788.665974,8,-0.111637,-0.106196,0.417460
1777047788.665974,9,-0.107876,-0.040503,0.322604
1777047788.665974,10,-0.127776,-0.058548,0.367130
1777047788.665974,11,-0.152182,-0.081381,0.403529
1777047788.699564,0,0.012450,-0.116990,0.365500
1777047788.699564,1,-0.013231,-0.143914,0.398534
1777047788.699564,2,-0.041070,-0.174936,0.430277
1777047788.699564,3,-0.026165,-0.091461,0.351834
1777047788.699564,4,-0.050200,-0.111970,0.391449
1777047788.699564,5,-0.075500,-0.137682,0.425663
1777047788.699564,6,-0.066912,-0.065691,0.337977
1777047788.699564,7,-0.088723,-0.085696,0.378696
1777047788.699564,8,-0.113156,-0.108452,0.415692
1777047788.699564,9,-0.106221,-0.038435,0.325417
1777047788.699564,10,-0.128947,-0.059898,0.365351
1777047788.699564,11,-0.152650,-0.082047,0.403074
1777047788.766743,0,0.012155,-0.118017,0.364658
1777047788.766743,1,-0.013828,-0.142804,0.399314
1777047788.766743,2,-0.041070,-0.174936,0.430277
1777047788.766743,3,-0.025384,-0.089909,0.353780
1777047788.766743,4,-0.050200,-0.111970,0.391449
1777047788.766743,5,-0.076526,-0.139223,0.424727
1777047788.766743,6,-0.067153,-0.066366,0.337106
1777047788.766743,7,-0.088723,-0.085696,0.378696
1777047788.766743,8,-0.113156,-0.108452,0.415692
1777047788.766743,9,-0.107589,-0.039939,0.323416
1777047788.766743,10,-0.128947,-0.059898,0.365351
1777047788.766743,11,-0.152182,-0.081381,0.403529
1777047788.833919,0,0.012450,-0.116990,0.365500
1777047788.833919,1,-0.014420,-0.144521,0.397816
1777047788.833919,2,-0.040479,-0.173852,0.431004
1777047788.833919,3,-0.026165,-0.091461,0.351834
1777047788.833919,4,-0.049576,-0.112352,0.391189
1777047788.833919,5,-0.076191,-0.138597,0.424911
1777047788.833919,6,-0.066356,-0.065328,0.338390
1777047788.833919,7,-0.088723,-0.085696,0.378696
1777047788.833919,8,-0.113156,-0.108452,0.415692
1777047788.833919,9,-0.106221,-0.038435,0.325417
1777047788.833919,10,-0.127776,-0.058548,0.367130
1777047788.833919,11,-0.152650,-0.082047,0.403074
1777047788.867504,0,0.012680,-0.116010,0.366388
1777047788.867504,1,-0.013014,-0.143102,0.399061
1777047788.867504,2,-0.041610,-0.174855,0.430371
1777047788.867504,3,-0.025537,-0.090246,0.353596
1777047788.867504,4,-0.049576,-0.112352,0.391189
1777047788.867504,5,-0.076191,-0.138597,0.424911
1777047788.867504,6,-0.067224,-0.066025,0.337328
1777047788.867504,7,-0.088723,-0.085696,0.378696
1777047788.867504,8,-0.113156,-0.108452,0.415692
1777047788.867504,9,-0.106221,-0.038435,0.325417
1777047788.867504,10,-0.128947,-0.059898,0.365351
1777047788.867504,11,-0.152650,-0.082047,0.403074
1777047788.934675,0,0.012718,-0.116502,0.366012
1777047788.934675,1,-0.012914,-0.143391,0.398949
1777047788.934675,2,-0.040629,-0.174335,0.430486
1777047788.934675,3,-0.025384,-0.089909,0.353780
1777047788.934675,4,-0.049576,-0.112352,0.391189
1777047788.934675,5,-0.076501,-0.138963,0.424749
1777047788.934675,6,-0.066356,-0.065328,0.338390
1777047788.934675,7,-0.088723,-0.085696,0.378696
1777047788.934675,8,-0.113156,-0.108452,0.415692
1777047788.934675,9,-0.106221,-0.038435,0.325417
1777047788.934675,10,-0.129631,-0.060797,0.364454
1777047788.934675,11,-0.152650,-0.082047,0.403074
1777047789.001847,0,0.012228,-0.117548,0.364750
1777047789.001847,1,-0.013231,-0.143914,0.398534
1777047789.001847,2,-0.041070,-0.174936,0.430277
1777047789.001847,3,-0.025384,-0.089909,0.353780
1777047789.001847,4,-0.049576,-0.112352,0.391189
1777047789.001847,5,-0.076526,-0.139223,0.424727
1777047789.001847,6,-0.065727,-0.064205,0.339759
1777047789.001847,7,-0.088723,-0.085696,0.378696
1777047789.001847,8,-0.113156,-0.108452,0.415692
1777047789.001847,9,-0.106364,-0.038258,0.325458
1777047789.001847,10,-0.129631,-0.060797,0.364454
1777047789.001847,11,-0.152182,-0.081381,0.403529
1777047789.035432,0,0.012377,-0.116631,0.365742
1777047789.035432,1,-0.013512,-0.144841,0.397821
1777047789.035432,2,-0.042534,-0.177049,0.428755
1777047789.035432,3,-0.025532,-0.090372,0.353393
1777047789.035432,4,-0.050200,-0.111970,0.391449
1777047789.035432,5,-0.076526,-0.139223,0.424727
1777047789.035432,6,-0.066912,-0.065691,0.337977
1777047789.035432,7,-0.088992,-0.086442,0.378048
1777047789.035432,8,-0.113156,-0.108452,0.415692
1777047789.035432,9,-0.106221,-0.038435,0.325417
1777047789.035432,10,-0.128454,-0.059436,0.366243
1777047789.035432,11,-0.152650,-0.082047,0.403074
1777047789.337694,0,0.012450,-0.116990,0.365500
1777047789.337694,1,-0.014040,-0.143479,0.398738
1777047789.337694,2,-0.040185,-0.172942,0.431461
1777047789.337694,3,-0.026384,-0.091941,0.351481
1777047789.337694,4,-0.049960,-0.111218,0.392398
1777047789.337694,5,-0.076526,-0.139223,0.424727
1777047789.337694,6,-0.066912,-0.065691,0.337977
1777047789.337694,7,-0.088447,-0.085175,0.379099
1777047789.337694,8,-0.113156,-0.108452,0.415692
1777047789.337694,9,-0.106221,-0.038435,0.325417
1777047789.337694,10,-0.128947,-0.059898,0.365351
1777047789.337694,11,-0.152650,-0.082047,0.403074
1777047789.371278,0,0.012288,-0.117922,0.364464
1777047789.371278,1,-0.013231,-0.143914,0.398534
1777047789.371278,2,-0.041070,-0.174936,0.430277
1777047789.371278,3,-0.026384,-0.091941,0.351481
1777047789.371278,4,-0.049576,-0.112352,0.391189
1777047789.371278,5,-0.076501,-0.138963,0.424749
1777047789.371278,6,-0.066284,-0.064915,0.338909
1777047789.371278,7,-0.088723,-0.085696,0.378696
1777047789.371278,8,-0.113156,-0.108452,0.415692
1777047789.371278,9,-0.106221,-0.038435,0.325417
1777047789.371278,10,-0.128947,-0.059898,0.365351
1777047789.371278,11,-0.152650,-0.082047,0.403074
1777047789.438446,0,0.012377,-0.116631,0.365742
1777047789.438446,1,-0.014227,-0.143802,0.398609
1777047789.438446,2,-0.041029,-0.175119,0.429843
1777047789.438446,3,-0.025384,-0.089909,0.353780
1777047789.438446,4,-0.049576,-0.112352,0.391189
1777047789.438446,5,-0.076864,-0.139477,0.424490
1777047789.438446,6,-0.066912,-0.065691,0.337977
1777047789.438446,7,-0.088992,-0.086442,0.378048
1777047789.438446,8,-0.113156,-0.108452,0.415692
1777047789.438446,9,-0.106221,-0.038435,0.325417
1777047789.438446,10,-0.128947,-0.059898,0.365351
1777047789.438446,11,-0.152650,-0.082047,0.403074
1777047789.505614,0,0.012377,-0.116631,0.365742
1777047789.505614,1,-0.014272,-0.144453,0.398108
1777047789.505614,2,-0.041070,-0.174936,0.430277
1777047789.505614,3,-0.026358,-0.092016,0.351342
1777047789.505614,4,-0.050200,-0.111970,0.391449
1777047789.505614,5,-0.075006,-0.138056,0.425279
1777047789.505614,6,-0.066284,-0.064915,0.338909
1777047789.505614,7,-0.088652,-0.085831,0.378545
1777047789.505614,8,-0.113156,-0.108452,0.415692
1777047789.505614,9,-0.106221,-0.038435,0.325417
1777047789.505614,10,-0.128736,-0.059412,0.365891
1777047789.505614,11,-0.152650,-0.082047,0.403074
1777047789.572781,0,0.012228,-0.117511,0.364757
1777047789.572781,1,-0.012984,-0.143415,0.399064
1777047789.572781,2,-0.041380,-0.175875,0.429804
1777047789.572781,3,-0.026384,-0.091941,0.351481
1777047789.572781,4,-0.050200,-0.111970,0.391449
1777047789.572781,5,-0.075788,-0.138056,0.425506
1777047789.572781,6,-0.066912,-0.065691,0.337977
1777047789.572781,7,-0.088723,-0.085696,0.378696
1777047789.572781,8,-0.113156,-0.108452,0.415692
1777047789.572781,9,-0.106221,-0.038435,0.325417
1777047789.572781,10,-0.128947,-0.059898,0.365351
1777047789.572781,11,-0.152650,-0.082047,0.403074
1777047789.639948,0,0.012718,-0.116502,0.366012
1777047789.639948,1,-0.013740,-0.145685,0.397268
1777047789.639948,2,-0.041070,-0.174936,0.430277
1777047789.639948,3,-0.026384,-0.091941,0.351481
1777047789.639948,4,-0.049934,-0.111436,0.391656
1777047789.639948,5,-0.075500,-0.137682,0.425663
1777047789.639948,6,-0.067586,-0.067256,0.336166
1777047789.639948,7,-0.088992,-0.086442,0.378048
1777047789.639948,8,-0.113156,-0.108452,0.415692
1777047789.639948,9,-0.106221,-0.038435,0.325417
1777047789.639948,10,-0.129631,-0.060797,0.364454
1777047789.639948,11,-0.152650,-0.082047,0.403074
1777047789.707114,0,0.012006,-0.118901,0.363669
1777047789.707114,1,-0.013231,-0.143914,0.398534
1777047789.707114,2,-0.042223,-0.175950,0.429299
1777047789.707114,3,-0.026384,-0.091941,0.351481
1777047789.707114,4,-0.049576,-0.112352,0.391189
1777047789.707114,5,-0.074915,-0.136136,0.426676
1777047789.707114,6,-0.066382,-0.065024,0.338768
1777047789.707114,7,-0.088723,-0.085696,0.378696
1777047789.707114,8,-0.113156,-0.108452,0.415692
1777047789.707114,9,-0.107913,-0.039947,0.323152
1777047789.707114,10,-0.129631,-0.060797,0.364454
1777047789.707114,11,-0.152650,-0.082047,0.403074
1777047789.774280,0,0.012520,-0.116967,0.365353
1777047789.774280,1,-0.013014,-0.143102,0.399061
1777047789.774280,2,-0.041070,-0.174936,0.430277
1777047789.774280,3,-0.026384,-0.091941,0.351481
1777047789.774280,4,-0.050200,-0.111970,0.391449
1777047789.774280,5,-0.075496,-0.137520,0.425665
1777047789.774280,6,-0.066912,-0.065691,0.337977
1777047789.774280,7,-0.088723,-0.085696,0.378696
1777047789.774280,8,-0.113156,-0.108452,0.415692
1777047789.774280,9,-0.106221,-0.038435,0.325417
1777047789.774280,10,-0.129343,-0.060232,0.365098
1777047789.774280,11,-0.152650,-0.082047,0.403074
1777047789.841450,0,0.012377,-0.116631,0.365742
1777047789.841450,1,-0.013014,-0.143102,0.399061
1777047789.841450,2,-0.040917,-0.175224,0.430042
1777047789.841450,3,-0.026358,-0.092016,0.351342
1777047789.841450,4,-0.049576,-0.112352,0.391189
1777047789.841450,5,-0.076526,-0.139223,0.424727
1777047789.841450,6,-0.066912,-0.065691,0.337977
1777047789.841450,7,-0.088723,-0.085696,0.378696
1777047789.841450,8,-0.112735,-0.107842,0.415918
1777047789.841450,9,-0.106221,-0.038435,0.325417
1777047789.841450,10,-0.127776,-0.058548,0.367130
1777047789.841450,11,-0.152182,-0.081381,0.403529
1777047789.908623,0,0.012377,-0.116631,0.365742
1777047789.908623,1,-0.013512,-0.144841,0.397821
1777047789.908623,2,-0.041070,-0.174936,0.430277
1777047789.908623,3,-0.026358,-0.092016,0.351342
1777047789.908623,4,-0.050200,-0.111970,0.391449
1777047789.908623,5,-0.075006,-0.138056,0.425279
1777047789.908623,6,-0.066912,-0.065691,0.337977
1777047789.908623,7,-0.088723,-0.085696,0.378696
1777047789.908623,8,-0.113156,-0.108452,0.415692
1777047789.908623,9,-0.105597,-0.037587,0.326490
1777047789.908623,10,-0.128947,-0.059898,0.365351
1777047789.908623,11,-0.152650,-0.082047,0.403074
1777047789.975797,0,0.012288,-0.117922,0.364464
1777047789.975797,1,-0.013196,-0.144212,0.398547
1777047789.975797,2,-0.041514,-0.176322,0.429305
1777047789.975797,3,-0.026165,-0.091461,0.351834
1777047789.975797,4,-0.050200,-0.111970,0.391449
1777047789.975797,5,-0.076191,-0.138597,0.424911
1777047789.975797,6,-0.066356,-0.065328,0.338390
1777047789.975797,7,-0.088723,-0.085696,0.378696
1777047789.975797,8,-0.113156,-0.108452,0.415692
1777047789.975797,9,-0.106221,-0.038435,0.325417
1777047789.975797,10,-0.127776,-0.058548,0.367130
1777047789.975797,11,-0.152650,-0.082047,0.403074
1777047790.043064,0,0.012377,-0.116631,0.365742
1777047790.043064,1,-0.014227,-0.143802,0.398609
1777047790.043064,2,-0.041815,-0.177233,0.428851
1777047790.043064,3,-0.026384,-0.091941,0.351481
1777047790.043064,4,-0.049576,-0.112352,0.391189
1777047790.043064,5,-0.076501,-0.138963,0.424749
1777047790.043064,6,-0.066912,-0.065691,0.337977
1777047790.043064,7,-0.088723,-0.085696,0.378696
1777047790.043064,8,-0.113156,-0.108452,0.415692
1777047790.043064,9,-0.106221,-0.038435,0.325417
1777047790.043064,10,-0.128454,-0.059436,0.366243
1777047790.043064,11,-0.152650,-0.082047,0.403074
1777047790.110334,0,0.012073,-0.118450,0.363741
1777047790.110334,1,-0.014272,-0.144453,0.398108
1777047790.110334,2,-0.041029,-0.175119,0.429843
1777047790.110334,3,-0.026384,-0.091941,0.351481
1777047790.110334,4,-0.050200,-0.111970,0.391449
1777047790.110334,5,-0.076526,-0.139223,0.424727
1777047790.110334,6,-0.066912,-0.065691,0.337977
1777047790.110334,7,-0.088723,-0.085696,0.378696
1777047790.110334,8,-0.113156,-0.108452,0.415692
1777047790.110334,9,-0.106364,-0.038258,0.325458
1777047790.110334,10,-0.128947,-0.059898,0.365351
1777047790.110334,11,-0.152650,-0.082047,0.403074
1777047790.177606,0,0.012450,-0.116990,0.365500
1777047790.177606,1,-0.014610,-0.145366,0.397296
1777047790.177606,2,-0.042223,-0.175950,0.429299
1777047790.177606,3,-0.026358,-0.092016,0.351342
1777047790.177606,4,-0.050200,-0.111970,0.391449
1777047790.177606,5,-0.075006,-0.138056,0.425279
1777047790.177606,6,-0.066382,-0.065024,0.338768
1777047790.177606,7,-0.088723,-0.085696,0.378696
1777047790.177606,8,-0.113156,-0.108452,0.415692
1777047790.177606,9,-0.106221,-0.038435,0.325417
1777047790.177606,10,-0.129631,-0.060797,0.364454
1777047790.177606,11,-0.153516,-0.082994,0.402454
1777047790.244880,0,0.012718,-0.116502,0.366012
1777047790.244880,1,-0.013196,-0.144212,0.398547
1777047790.244880,2,-0.040603,-0.173414,0.431354
1777047790.244880,3,-0.026165,-0.091461,0.351834
1777047790.244880,4,-0.049576,-0.112352,0.391189
1777047790.244880,5,-0.076503,-0.138800,0.424709
1777047790.244880,6,-0.066912,-0.065691,0.337977
1777047790.244880,7,-0.088992,-0.086442,0.378048
1777047790.244880,8,-0.113156,-0.108452,0.415692
1777047790.244880,9,-0.107589,-0.039939,0.323416
1777047790.244880,10,-0.128947,-0.059898,0.365351
1777047790.244880,11,-0.152182,-0.081381,0.403529
1777047790.312156,0,0.012718,-0.116502,0.366012
1777047790.312156,1,-0.014227,-0.143802,0.398609
1777047790.312156,2,-0.041933,-0.177140,0.428637
1777047790.312156,3,-0.026358,-0.092016,0.351342
1777047790.312156,4,-0.050200,-0.111970,0.391449
1777047790.312156,5,-0.076864,-0.139477,0.424490
1777047790.312156,6,-0.066292,-0.064867,0.338552
1777047790.312156,7,-0.088723,-0.085696,0.378696
1777047790.312156,8,-0.112047,-0.107273,0.416793
1777047790.312156,9,-0.105597,-0.037587,0.326490
1777047790.312156,10,-0.128947,-0.059898,0.365351
1777047790.312156,11,-0.152650,-0.082047,0.403074
1777047790.379434,0,0.012073,-0.118450,0.363741
1777047790.379434,1,-0.012666,-0.142376,0.399866
1777047790.379434,2,-0.042223,-0.175950,0.429299
1777047790.379434,3,-0.025532,-0.090372,0.353393
1777047790.379434,4,-0.049969,-0.111490,0.391805
1777047790.379434,5,-0.076191,-0.138597,0.424911
1777047790.379434,6,-0.066912,-0.065691,0.337977
1777047790.379434,7,-0.088723,-0.085696,0.378696
1777047790.379434,8,-0.113156,-0.108452,0.415692
1777047790.379434,9,-0.106221,-0.038435,0.325417
1777047790.379434,10,-0.128736,-0.059412,0.365891
1777047790.379434,11,-0.152650,-0.082047,0.403074
1777047790.446715,0,0.012377,-0.116631,0.365742
1777047790.446715,1,-0.014027,-0.142931,0.399153
1777047790.446715,2,-0.042223,-0.175950,0.429299
1777047790.446715,3,-0.025384,-0.089909,0.353780
1777047790.446715,4,-0.049576,-0.112352,0.391189
1777047790.446715,5,-0.075500,-0.137682,0.425663
1777047790.446715,6,-0.067224,-0.066025,0.337328
1777047790.446715,7,-0.088992,-0.086442,0.378048
1777047790.446715,8,-0.113156,-0.108452,0.415692
1777047790.446715,9,-0.106221,-0.038435,0.325417
1777047790.446715,10,-0.128947,-0.059898,0.365351
1777047790.446715,11,-0.152650,-0.082047,0.403074
1777047790.547639,0,0.012170,-0.117128,0.365052
1777047790.547639,1,-0.012666,-0.142376,0.399866
1777047790.547639,2,-0.041380,-0.175875,0.429804
1777047790.547639,3,-0.026358,-0.092016,0.351342
1777047790.547639,4,-0.049576,-0.112352,0.391189
1777047790.547639,5,-0.075006,-0.138056,0.425279
1777047790.547639,6,-0.066912,-0.065691,0.337977
1777047790.547639,7,-0.088723,-0.085696,0.378696
1777047790.547639,8,-0.113156,-0.108452,0.415692
1777047790.547639,9,-0.106221,-0.038435,0.325417
1777047790.547639,10,-0.129343,-0.060232,0.365098
1777047790.547639,11,-0.152182,-0.081381,0.403529
1777047790.917739,0,0.012450,-0.116990,0.365500
1777047790.917739,1,-0.014610,-0.145366,0.397296
1777047790.917739,2,-0.042223,-0.175950,0.429299
1777047790.917739,3,-0.026165,-0.091461,0.351834
1777047790.917739,4,-0.050200,-0.111970,0.391449
1777047790.917739,5,-0.076501,-0.138963,0.424749
1777047790.917739,6,-0.065514,-0.063741,0.340428
1777047790.917739,7,-0.088723,-0.085696,0.378696
1777047790.917739,8,-0.113156,-0.108452,0.415692
1777047790.917739,9,-0.106221,-0.038435,0.325417
1777047790.917739,10,-0.127776,-0.058548,0.367130
1777047790.917739,11,-0.152650,-0.082047,0.403074
1777047791.018523,0,0.011791,-0.119200,0.362954
1777047791.018523,1,-0.013991,-0.143567,0.398882
1777047791.018523,2,-0.041815,-0.177233,0.428851
1777047791.018523,3,-0.026384,-0.091941,0.351481
1777047791.018523,4,-0.049934,-0.111436,0.391656
1777047791.018523,5,-0.076501,-0.138963,0.424749
1777047791.018523,6,-0.066912,-0.065691,0.337977
1777047791.018523,7,-0.088447,-0.085175,0.379099
1777047791.018523,8,-0.113156,-0.108452,0.415692
1777047791.018523,9,-0.106221,-0.038435,0.325417
1777047791.018523,10,-0.128947,-0.059898,0.365351
1777047791.018523,11,-0.152650,-0.082047,0.403074
1777047791.119417,0,0.012450,-0.116990,0.365500
1777047791.119417,1,-0.014420,-0.144521,0.397816
1777047791.119417,2,-0.041815,-0.177233,0.428851
1777047791.119417,3,-0.026358,-0.092016,0.351342
1777047791.119417,4,-0.050200,-0.111970,0.391449
1777047791.119417,5,-0.076191,-0.138597,0.424911
1777047791.119417,6,-0.066912,-0.065691,0.337977
1777047791.119417,7,-0.088447,-0.085175,0.379099
1777047791.119417,8,-0.113156,-0.108452,0.415692
1777047791.119417,9,-0.105597,-0.037587,0.326490
1777047791.119417,10,-0.129631,-0.060797,0.364454
1777047791.119417,11,-0.152650,-0.082047,0.403074
1777047791.153049,0,0.012377,-0.116631,0.365742
1777047791.153049,1,-0.012984,-0.143415,0.399064
1777047791.153049,2,-0.042223,-0.175950,0.429299
1777047791.153049,3,-0.026165,-0.091461,0.351834
1777047791.153049,4,-0.050200,-0.111970,0.391449
1777047791.153049,5,-0.076191,-0.138597,0.424911
1777047791.153049,6,-0.067184,-0.066337,0.337382
1777047791.153049,7,-0.088447,-0.085175,0.379099
1777047791.153049,8,-0.113156,-0.108452,0.415692
1777047791.153049,9,-0.106221,-0.038435,0.325417
1777047791.153049,10,-0.129631,-0.060797,0.364454
1777047791.153049,11,-0.153516,-0.082994,0.402454
1777047791.186681,0,0.012114,-0.117749,0.364327
1777047791.186681,1,-0.013991,-0.143567,0.398882
1777047791.186681,2,-0.041380,-0.175875,0.429804
1777047791.186681,3,-0.026384,-0.091941,0.351481
1777047791.186681,4,-0.050200,-0.111970,0.391449
1777047791.186681,5,-0.075788,-0.138056,0.425506
1777047791.186681,6,-0.065881,-0.064081,0.339779
1777047791.186681,7,-0.088723,-0.085696,0.378696
1777047791.186681,8,-0.113156,-0.108452,0.415692
1777047791.186681,9,-0.106221,-0.038435,0.325417
1777047791.186681,10,-0.127776,-0.058548,0.367130
1777047791.186681,11,-0.152650,-0.082047,0.403074
1777047791.253947,0,0.012170,-0.117128,0.365052
1777047791.253947,1,-0.013828,-0.142804,0.399314
1777047791.253947,2,-0.041070,-0.174936,0.430277
1777047791.253947,3,-0.026358,-0.092016,0.351342
1777047791.253947,4,-0.050200,-0.111970,0.391449
1777047791.253947,5,-0.075115,-0.138399,0.425147
1777047791.253947,6,-0.067184,-0.066337,0.337382
1777047791.253947,7,-0.088447,-0.085175,0.379099
1777047791.253947,8,-0.113156,-0.108452,0.415692
1777047791.253947,9,-0.106221,-0.038435,0.325417
1777047791.253947,10,-0.128947,-0.059898,0.365351
1777047791.253947,11,-0.152650,-0.082047,0.403074
1777047791.287580,0,0.012228,-0.117548,0.364750
1777047791.287580,1,-0.014040,-0.143479,0.398738
1777047791.287580,2,-0.041070,-0.174936,0.430277
1777047791.287580,3,-0.026165,-0.091461,0.351834
1777047791.287580,4,-0.049934,-0.111436,0.391656
1777047791.287580,5,-0.075500,-0.137682,0.425663
1777047791.287580,6,-0.066356,-0.065328,0.338390
1777047791.287580,7,-0.088723,-0.085696,0.378696
1777047791.287580,8,-0.112839,-0.108184,0.415816
1777047791.287580,9,-0.106221,-0.038435,0.325417
1777047791.287580,10,-0.128947,-0.059898,0.365351
1777047791.287580,11,-0.152650,-0.082047,0.403074
1777047791.388482,0,0.011982,-0.118562,0.363407
1777047791.388482,1,-0.014610,-0.145366,0.397296
1777047791.388482,2,-0.042223,-0.175950,0.429299
1777047791.388482,3,-0.026358,-0.092016,0.351342
1777047791.388482,4,-0.050200,-0.111970,0.391449
1777047791.388482,5,-0.075115,-0.138399,0.425147
1777047791.388482,6,-0.066912,-0.065691,0.337977
1777047791.388482,7,-0.088723,-0.085696,0.378696
1777047791.388482,8,-0.112735,-0.107842,0.415918
1777047791.388482,9,-0.106221,-0.038435,0.325417
1777047791.388482,10,-0.128736,-0.059412,0.365891
1777047791.388482,11,-0.152650,-0.082047,0.403074
1777047791.455751,0,0.012228,-0.117548,0.364750
1777047791.455751,1,-0.013231,-0.143914,0.398534
1777047791.455751,2,-0.041070,-0.174936,0.430277
1777047791.455751,3,-0.026165,-0.091461,0.351834
1777047791.455751,4,-0.049576,-0.112352,0.391189
1777047791.455751,5,-0.075006,-0.138056,0.425279
1777047791.455751,6,-0.066284,-0.064915,0.338909
1777047791.455751,7,-0.088723,-0.085696,0.378696
1777047791.455751,8,-0.113156,-0.108452,0.415692
1777047791.455751,9,-0.106221,-0.038435,0.325417
1777047791.455751,10,-0.128454,-0.059436,0.366243
1777047791.455751,11,-0.152182,-0.081381,0.403529
1777047791.523022,0,0.012170,-0.117128,0.365052
1777047791.523022,1,-0.013991,-0.143567,0.398882
1777047791.523022,2,-0.040892,-0.174296,0.430918
1777047791.523022,3,-0.025384,-0.089909,0.353780
1777047791.523022,4,-0.049576,-0.112352,0.391189
1777047791.523022,5,-0.076501,-0.138963,0.424749
1777047791.523022,6,-0.067224,-0.066025,0.337328
1777047791.523022,7,-0.088447,-0.085175,0.379099
1777047791.523022,8,-0.113156,-0.108452,0.415692
1777047791.523022,9,-0.107589,-0.039939,0.323416
1777047791.523022,10,-0.127776,-0.058548,0.367130
1777047791.523022,11,-0.152650,-0.082047,0.403074
1777047791.590294,0,0.012377,-0.116631,0.365742
1777047791.590294,1,-0.013828,-0.142804,0.399314
1777047791.590294,2,-0.041070,-0.174936,0.430277
1777047791.590294,3,-0.026165,-0.091461,0.351834
1777047791.590294,4,-0.050200,-0.111970,0.391449
1777047791.590294,5,-0.076501,-0.138963,0.424749
1777047791.590294,6,-0.066912,-0.065691,0.337977
1777047791.590294,7,-0.088992,-0.086442,0.378048
1777047791.590294,8,-0.113156,-0.108452,0.415692
1777047791.590294,9,-0.106221,-0.038435,0.325417
1777047791.590294,10,-0.128454,-0.059436,0.366243
1777047791.590294,11,-0.152650,-0.082047,0.403074
1777047791.657568,0,0.012228,-0.117511,0.364757
1777047791.657568,1,-0.013014,-0.143102,0.399061
1777047791.657568,2,-0.040093,-0.173645,0.431084
1777047791.657568,3,-0.025532,-0.090372,0.353393
1777047791.657568,4,-0.049934,-0.111436,0.391656
1777047791.657568,5,-0.075006,-0.138056,0.425279
1777047791.657568,6,-0.066284,-0.064915,0.338909
1777047791.657568,7,-0.088652,-0.085831,0.378545
1777047791.657568,8,-0.112839,-0.108184,0.415816
1777047791.657568,9,-0.106221,-0.038435,0.325417
1777047791.657568,10,-0.128947,-0.059898,0.365351
1777047791.657568,11,-0.153516,-0.082994,0.402454
1777047791.758430,0,0.012680,-0.116010,0.366388
1777047791.758430,1,-0.013991,-0.143567,0.398882
1777047791.758430,2,-0.041070,-0.174936,0.430277
1777047791.758430,3,-0.026384,-0.091941,0.351481
1777047791.758430,4,-0.050200,-0.111970,0.391449
1777047791.758430,5,-0.076501,-0.138963,0.424749
1777047791.758430,6,-0.066912,-0.065691,0.337977
1777047791.758430,7,-0.088723,-0.085696,0.378696
1777047791.758430,8,-0.113156,-0.108452,0.415692
1777047791.758430,9,-0.106221,-0.038435,0.325417
1777047791.758430,10,-0.128947,-0.059898,0.365351
1777047791.758430,11,-0.152650,-0.082047,0.403074
1777047791.825625,0,0.012450,-0.116990,0.365500
1777047791.825625,1,-0.012466,-0.141614,0.400356
1777047791.825625,2,-0.041815,-0.177233,0.428851
1777047791.825625,3,-0.026165,-0.091461,0.351834
1777047791.825625,4,-0.049576,-0.112352,0.391189
1777047791.825625,5,-0.075115,-0.138399,0.425147
1777047791.825625,6,-0.067224,-0.066025,0.337328
1777047791.825625,7,-0.088992,-0.086442,0.378048
1777047791.825625,8,-0.113156,-0.108452,0.415692
1777047791.825625,9,-0.106364,-0.038258,0.325458
1777047791.825625,10,-0.128454,-0.059436,0.366243
1777047791.825625,11,-0.152650,-0.082047,0.403074
1777047791.892820,0,0.012680,-0.116010,0.366388
1777047791.892820,1,-0.013658,-0.144965,0.397997
1777047791.892820,2,-0.041514,-0.176322,0.429305
1777047791.892820,3,-0.026165,-0.091461,0.351834
1777047791.892820,4,-0.049934,-0.111436,0.391656
1777047791.892820,5,-0.076501,-0.138963,0.424749
1777047791.892820,6,-0.067153,-0.066366,0.337106
1777047791.892820,7,-0.088652,-0.085831,0.378545
1777047791.892820,8,-0.113156,-0.108452,0.415692
1777047791.892820,9,-0.106221,-0.038435,0.325417
1777047791.892820,10,-0.127625,-0.058124,0.367588
1777047791.892820,11,-0.152650,-0.082047,0.403074
1777047791.993613,0,0.012288,-0.117922,0.364464
1777047791.993613,1,-0.013740,-0.145685,0.397268
1777047791.993613,2,-0.041070,-0.174936,0.430277
1777047791.993613,3,-0.025537,-0.090246,0.353596
1777047791.993613,4,-0.049934,-0.111436,0.391656
1777047791.993613,5,-0.075319,-0.136942,0.426405
1777047791.993613,6,-0.065727,-0.064205,0.339759
1777047791.993613,7,-0.088723,-0.085696,0.378696
1777047791.993613,8,-0.113156,-0.108452,0.415692
1777047791.993613,9,-0.106221,-0.038435,0.325417
1777047791.993613,10,-0.129631,-0.060797,0.364454
1777047791.993613,11,-0.152650,-0.082047,0.403074
1777047792.027211,0,0.012718,-0.116502,0.366012
1777047792.027211,1,-0.012786,-0.142860,0.399571
1777047792.027211,2,-0.041070,-0.174936,0.430277
1777047792.027211,3,-0.026384,-0.091941,0.351481
1777047792.027211,4,-0.050200,-0.111970,0.391449
1777047792.027211,5,-0.076501,-0.138963,0.424749
1777047792.027211,6,-0.066912,-0.065691,0.337977
1777047792.027211,7,-0.088723,-0.085696,0.378696
1777047792.027211,8,-0.113156,-0.108452,0.415692
1777047792.027211,9,-0.106221,-0.038435,0.325417
1777047792.027211,10,-0.128947,-0.059898,0.365351
1777047792.027211,11,-0.152650,-0.082047,0.403074
1777047792.094406,0,0.012718,-0.116502,0.366012
1777047792.094406,1,-0.013231,-0.143914,0.398534
1777047792.094406,2,-0.042223,-0.175950,0.429299
1777047792.094406,3,-0.026358,-0.092016,0.351342
1777047792.094406,4,-0.050200,-0.111970,0.391449
1777047792.094406,5,-0.075500,-0.137682,0.425663
1777047792.094406,6,-0.066382,-0.065024,0.338768
1777047792.094406,7,-0.088723,-0.085696,0.378696
1777047792.094406,8,-0.112047,-0.107273,0.416793
1777047792.094406,9,-0.106221,-0.038435,0.325417
1777047792.094406,10,-0.128454,-0.059436,0.366243
1777047792.094406,11,-0.152650,-0.082047,0.403074
1777047792.161602,0,0.012234,-0.117337,0.365171
1777047792.161602,1,-0.013014,-0.143102,0.399061
1777047792.161602,2,-0.041514,-0.176322,0.429305
1777047792.161602,3,-0.026384,-0.091941,0.351481
1777047792.161602,4,-0.049576,-0.112352,0.391189
1777047792.161602,5,-0.075115,-0.138399,0.425147
1777047792.161602,6,-0.066284,-0.064915,0.338909
1777047792.161602,7,-0.088447,-0.085175,0.379099
1777047792.161602,8,-0.113156,-0.108452,0.415692
1777047792.161602,9,-0.106364,-0.038258,0.325458
1777047792.161602,10,-0.127162,-0.058068,0.367947
1777047792.161602,11,-0.152650,-0.082047,0.403074
1777047792.531179,0,0.012450,-0.116990,0.365500
1777047792.531179,1,-0.013014,-0.143102,0.399061
1777047792.531179,2,-0.040603,-0.173414,0.431354
1777047792.531179,3,-0.026358,-0.092016,0.351342
1777047792.531179,4,-0.050200,-0.111970,0.391449
1777047792.531179,5,-0.076191,-0.138597,0.424911
1777047792.531179,6,-0.066284,-0.064915,0.338909
1777047792.531179,7,-0.088723,-0.085696,0.378696
1777047792.531179,8,-0.113156,-0.108452,0.415692
1777047792.531179,9,-0.106221,-0.038435,0.325417
1777047792.531179,10,-0.129631,-0.060797,0.364454
1777047792.531179,11,-0.152650,-0.082047,0.403074
1777047792.631974,0,0.012288,-0.117922,0.364464
1777047792.631974,1,-0.013828,-0.142804,0.399314
1777047792.631974,2,-0.042231,-0.178032,0.428195
1777047792.631974,3,-0.026358,-0.092016,0.351342
1777047792.631974,4,-0.050200,-0.111970,0.391449
1777047792.631974,5,-0.075006,-0.138056,0.425279
1777047792.631974,6,-0.066618,-0.065284,0.338207
1777047792.631974,7,-0.088723,-0.085696,0.378696
1777047792.631974,8,-0.113156,-0.108452,0.415692
1777047792.631974,9,-0.106221,-0.038435,0.325417
1777047792.631974,10,-0.129631,-0.060797,0.364454
1777047792.631974,11,-0.152650,-0.082047,0.403074
1777047792.699170,0,0.012680,-0.116010,0.366388
1777047792.699170,1,-0.013196,-0.144212,0.398547
1777047792.699170,2,-0.041815,-0.177233,0.428851
1777047792.699170,3,-0.026165,-0.091461,0.351834
1777047792.699170,4,-0.050200,-0.111970,0.391449
1777047792.699170,5,-0.076191,-0.138597,0.424911
1777047792.699170,6,-0.066912,-0.065691,0.337977
1777047792.699170,7,-0.088992,-0.086442,0.378048
1777047792.699170,8,-0.112047,-0.107273,0.416793
1777047792.699170,9,-0.106221,-0.038435,0.325417
1777047792.699170,10,-0.129779,-0.060631,0.364484
1777047792.699170,11,-0.152650,-0.082047,0.403074
1777047792.799965,0,0.012288,-0.117922,0.364464
1777047792.799965,1,-0.012666,-0.142376,0.399866
1777047792.799965,2,-0.041070,-0.174936,0.430277
1777047792.799965,3,-0.025532,-0.090372,0.353393
1777047792.799965,4,-0.049576,-0.112352,0.391189
1777047792.799965,5,-0.076526,-0.139223,0.424727
1777047792.799965,6,-0.067153,-0.066366,0.337106
1777047792.799965,7,-0.088723,-0.085696,0.378696
1777047792.799965,8,-0.113156,-0.108452,0.415692
1777047792.799965,9,-0.106221,-0.038435,0.325417
1777047792.799965,10,-0.128947,-0.059898,0.365351
1777047792.799965,11,-0.152650,-0.082047,0.403074
1777047792.833563,0,0.012377,-0.116631,0.365742
1777047792.833563,1,-0.012666,-0.142376,0.399866
1777047792.833563,2,-0.041380,-0.175875,0.429804
1777047792.833563,3,-0.026358,-0.092016,0.351342
1777047792.833563,4,-0.050200,-0.111970,0.391449
1777047792.833563,5,-0.075439,-0.137354,0.425735
1777047792.833563,6,-0.066912,-0.065691,0.337977
1777047792.833563,7,-0.088723,-0.085696,0.378696
1777047792.833563,8,-0.113156,-0.108452,0.415692
1777047792.833563,9,-0.106221,-0.038435,0.325417
1777047792.833563,10,-0.128454,-0.059436,0.366243
1777047792.833563,11,-0.152182,-0.081381,0.403529
1777047792.867161,0,0.012228,-0.117511,0.364757
1777047792.867161,1,-0.014420,-0.144521,0.397816
1777047792.867161,2,-0.041070,-0.174936,0.430277
1777047792.867161,3,-0.026358,-0.092016,0.351342
1777047792.867161,4,-0.049934,-0.111436,0.391656
1777047792.867161,5,-0.075333,-0.136919,0.426373
1777047792.867161,6,-0.066912,-0.065691,0.337977
1777047792.867161,7,-0.088723,-0.085696,0.378696
1777047792.867161,8,-0.111637,-0.106196,0.417460
1777047792.867161,9,-0.106221,-0.038435,0.325417
1777047792.867161,10,-0.129312,-0.060286,0.364900
1777047792.867161,11,-0.152650,-0.082047,0.403074
1777047792.934358,0,0.012031,-0.117969,0.364104
1777047792.934358,1,-0.013231,-0.143914,0.398534
1777047792.934358,2,-0.041380,-0.175875,0.429804
1777047792.934358,3,-0.026358,-0.092016,0.351342
1777047792.934358,4,-0.049576,-0.112352,0.391189
1777047792.934358,5,-0.076191,-0.138597,0.424911
1777047792.934358,6,-0.066284,-0.064915,0.338909
1777047792.934358,7,-0.088723,-0.085696,0.378696
1777047792.934358,8,-0.112839,-0.108184,0.415816
1777047792.934358,9,-0.106221,-0.038435,0.325417
1777047792.934358,10,-0.127776,-0.058548,0.367130
1777047792.934358,11,-0.152650,-0.082047,0.403074
1777047793.035145,0,0.012377,-0.116631,0.365742
1777047793.035145,1,-0.014420,-0.144521,0.397816
1777047793.035145,2,-0.041815,-0.177233,0.428851
1777047793.035145,3,-0.026358,-0.092016,0.351342
1777047793.035145,4,-0.049576,-0.112352,0.391189
1777047793.035145,5,-0.075115,-0.138399,0.425147
1777047793.035145,6,-0.067253,-0.066321,0.337448
1777047793.035145,7,-0.088723,-0.085696,0.378696
1777047793.035145,8,-0.113156,-0.108452,0.415692
1777047793.035145,9,-0.106221,-0.038435,0.325417
1777047793.035145,10,-0.128947,-0.059898,0.365351
1777047793.035145,11,-0.153516,-0.082994,0.402454
1777047793.102333,0,0.012450,-0.116990,0.365500
1777047793.102333,1,-0.013617,-0.141902,0.399887
1777047793.102333,2,-0.042534,-0.177049,0.428755
1777047793.102333,3,-0.026358,-0.092016,0.351342
1777047793.102333,4,-0.050200,-0.111970,0.391449
1777047793.102333,5,-0.075115,-0.138399,0.425147
1777047793.102333,6,-0.067153,-0.066366,0.337106
1777047793.102333,7,-0.088992,-0.086442,0.378048
1777047793.102333,8,-0.113156,-0.108452,0.415692
1777047793.102333,9,-0.106221,-0.038435,0.325417
1777047793.102333,10,-0.129631,-0.060797,0.364454
1777047793.102333,11,-0.152650,-0.082047,0.403074
1777047793.169521,0,0.012228,-0.117511,0.364757
1777047793.169521,1,-0.013617,-0.141902,0.399887
1777047793.169521,2,-0.041316,-0.175623,0.429988
1777047793.169521,3,-0.026384,-0.091941,0.351481
1777047793.169521,4,-0.050200,-0.111970,0.391449
1777047793.169521,5,-0.075500,-0.137682,0.425663
1777047793.169521,6,-0.066912,-0.065691,0.337977
1777047793.169521,7,-0.088992,-0.086442,0.378048
1777047793.169521,8,-0.113156,-0.108452,0.415692
1777047793.169521,9,-0.106364,-0.038258,0.325458
1777047793.169521,10,-0.127162,-0.058068,0.367947
1777047793.169521,11,-0.152650,-0.082047,0.403074
1777047793.236709,0,0.012377,-0.116631,0.365742
1777047793.236709,1,-0.013460,-0.145277,0.397589
1777047793.236709,2,-0.041514,-0.176322,0.429305
1777047793.236709,3,-0.025384,-0.089909,0.353780
1777047793.236709,4,-0.050200,-0.111970,0.391449
1777047793.236709,5,-0.075439,-0.137354,0.425735
1777047793.236709,6,-0.066912,-0.065691,0.337977
1777047793.236709,7,-0.088723,-0.085696,0.378696
1777047793.236709,8,-0.112047,-0.107273,0.416793
1777047793.236709,9,-0.106221,-0.038435,0.325417
1777047793.236709,10,-0.129022,-0.060318,0.365268
1777047793.236709,11,-0.152650,-0.082047,0.403074
1777047793.303897,0,0.012450,-0.116990,0.365500
1777047793.303897,1,-0.013740,-0.145685,0.397268
1777047793.303897,2,-0.041815,-0.177233,0.428851
1777047793.303897,3,-0.026358,-0.092016,0.351342
1777047793.303897,4,-0.049576,-0.112352,0.391189
1777047793.303897,5,-0.076191,-0.138597,0.424911
1777047793.303897,6,-0.066382,-0.065024,0.338768
1777047793.303897,7,-0.088992,-0.086442,0.378048
1777047793.303897,8,-0.113156,-0.108452,0.415692
1777047793.303897,9,-0.106221,-0.038435,0.325417
1777047793.303897,10,-0.129066,-0.059705,0.365417
1777047793.303897,11,-0.152650,-0.082047,0.403074
1777047793.337491,0,0.012718,-0.116502,0.366012
1777047793.337491,1,-0.013014,-0.143102,0.399061
1777047793.337491,2,-0.041514,-0.176322,0.429305
1777047793.337491,3,-0.025537,-0.090246,0.353596
1777047793.337491,4,-0.049576,-0.112352,0.391189
1777047793.337491,5,-0.075006,-0.138056,0.425279
1777047793.337491,6,-0.066912,-0.065691,0.337977
1777047793.337491,7,-0.088723,-0.085696,0.378696
1777047793.337491,8,-0.113156,-0.108452,0.415692
1777047793.337491,9,-0.106221,-0.038435,0.325417
1777047793.337491,10,-0.128947,-0.059898,0.365351
1777047793.337491,11,-0.152182,-0.081381,0.403529
1777047793.404679,0,0.012377,-0.116631,0.365742
1777047793.404679,1,-0.014610,-0.145366,0.397296
1777047793.404679,2,-0.041226,-0.175876,0.429776
1777047793.404679,3,-0.025532,-0.090372,0.353393
1777047793.404679,4,-0.050200,-0.111970,0.391449
1777047793.404679,5,-0.075500,-0.137682,0.425663
1777047793.404679,6,-0.066912,-0.065691,0.337977
1777047793.404679,7,-0.088723,-0.085696,0.378696
1777047793.404679,8,-0.112839,-0.108184,0.415816
1777047793.404679,9,-0.106221,-0.038435,0.325417
1777047793.404679,10,-0.129631,-0.060797,0.364454
1777047793.404679,11,-0.152650,-0.082047,0.403074
1777047793.471867,0,0.012228,-0.117511,0.364757
1777047793.471867,1,-0.013196,-0.144212,0.398547
1777047793.471867,2,-0.041380,-0.175875,0.429804
1777047793.471867,3,-0.026165,-0.091461,0.351834
1777047793.471867,4,-0.049969,-0.111490,0.391805
1777047793.471867,5,-0.076526,-0.139223,0.424727
1777047793.471867,6,-0.067586,-0.067256,0.336166
1777047793.471867,7,-0.088723,-0.085696,0.378696
1777047793.471867,8,-0.113156,-0.108452,0.415692
1777047793.471867,9,-0.106221,-0.038435,0.325417
1777047793.471867,10,-0.129631,-0.060797,0.364454
1777047793.471867,11,-0.152650,-0.082047,0.403074
1777047793.539055,0,0.012680,-0.116010,0.366388
1777047793.539055,1,-0.013991,-0.143567,0.398882
1777047793.539055,2,-0.042534,-0.177049,0.428755
1777047793.539055,3,-0.026358,-0.092016,0.351342
1777047793.539055,4,-0.050200,-0.111970,0.391449
1777047793.539055,5,-0.075006,-0.138056,0.425279
1777047793.539055,6,-0.065888,-0.064399,0.339403
1777047793.539055,7,-0.088723,-0.085696,0.378696
1777047793.539055,8,-0.112735,-0.107842,0.415918
1777047793.539055,9,-0.106221,-0.038435,0.325417
1777047793.539055,10,-0.128947,-0.059898,0.365351
1777047793.539055,11,-0.152650,-0.082047,0.403074
1777047793.572649,0,0.012228,-0.117511,0.364757
1777047793.572649,1,-0.013740,-0.145685,0.397268
1777047793.572649,2,-0.041070,-0.174936,0.430277
1777047793.572649,3,-0.026165,-0.091461,0.351834
1777047793.572649,4,-0.050200,-0.111970,0.391449
1777047793.572649,5,-0.076526,-0.139223,0.424727
1777047793.572649,6,-0.065881,-0.064081,0.339779
1777047793.572649,7,-0.088723,-0.085696,0.378696
1777047793.572649,8,-0.111637,-0.106196,0.417460
1777047793.572649,9,-0.106221,-0.038435,0.325417
1777047793.572649,10,-0.128947,-0.059898,0.365351
1777047793.572649,11,-0.152182,-0.081381,0.403529
1777047793.639836,0,0.012228,-0.117511,0.364757
1777047793.639836,1,-0.013740,-0.145685,0.397268
1777047793.639836,2,-0.041514,-0.176322,0.429305
1777047793.639836,3,-0.026358,-0.092016,0.351342
1777047793.639836,4,-0.049201,-0.110071,0.393364
1777047793.639836,5,-0.076501,-0.138963,0.424749
1777047793.639836,6,-0.066284,-0.064915,0.338909
1777047793.639836,7,-0.088723,-0.085696,0.378696
1777047793.639836,8,-0.113156,-0.108452,0.415692
1777047793.639836,9,-0.106221,-0.038435,0.325417
1777047793.639836,10,-0.128454,-0.059436,0.366243
1777047793.639836,11,-0.152182,-0.081381,0.403529
1777047793.707024,0,0.012470,-0.116929,0.365174
1777047793.707024,1,-0.013231,-0.143914,0.398534
1777047793.707024,2,-0.042231,-0.178032,0.428195
1777047793.707024,3,-0.026165,-0.091461,0.351834
1777047793.707024,4,-0.050200,-0.111970,0.391449
1777047793.707024,5,-0.076526,-0.139223,0.424727
1777047793.707024,6,-0.066912,-0.065691,0.337977
1777047793.707024,7,-0.088723,-0.085696,0.378696
1777047793.707024,8,-0.113156,-0.108452,0.415692
1777047793.707024,9,-0.106364,-0.038258,0.325458
1777047793.707024,10,-0.129631,-0.060797,0.364454
1777047793.707024,11,-0.152650,-0.082047,0.403074
1777047793.774211,0,0.012031,-0.117969,0.364104
1777047793.774211,1,-0.013512,-0.144841,0.397821
1777047793.774211,2,-0.041070,-0.174936,0.430277
1777047793.774211,3,-0.026358,-0.092016,0.351342
1777047793.774211,4,-0.049576,-0.112352,0.391189
1777047793.774211,5,-0.076191,-0.138597,0.424911
1777047793.774211,6,-0.066382,-0.065024,0.338768
1777047793.774211,7,-0.088723,-0.085696,0.378696
1777047793.774211,8,-0.113156,-0.108452,0.415692
1777047793.774211,9,-0.106221,-0.038435,0.325417
1777047793.774211,10,-0.128947,-0.059898,0.365351
1777047793.774211,11,-0.153516,-0.082994,0.402454
1777047793.841398,0,0.012450,-0.116990,0.365500
1777047793.841398,1,-0.012666,-0.142376,0.399866
1777047793.841398,2,-0.041380,-0.175875,0.429804
1777047793.841398,3,-0.025384,-0.089909,0.353780
1777047793.841398,4,-0.050200,-0.111970,0.391449
1777047793.841398,5,-0.075115,-0.138399,0.425147
1777047793.841398,6,-0.066912,-0.065691,0.337977
1777047793.841398,7,-0.088447,-0.085175,0.379099
1777047793.841398,8,-0.113156,-0.108452,0.415692
1777047793.841398,9,-0.106221,-0.038435,0.325417
1777047793.841398,10,-0.128947,-0.059898,0.365351
1777047793.841398,11,-0.152650,-0.082047,0.403074
1777047793.942179,0,0.012450,-0.116990,0.365500
1777047793.942179,1,-0.013196,-0.144212,0.398547
1777047793.942179,2,-0.041380,-0.175875,0.429804
1777047793.942179,3,-0.026165,-0.091461,0.351834
1777047793.942179,4,-0.050200,-0.111970,0.391449
1777047793.942179,5,-0.076191,-0.138597,0.424911
1777047793.942179,6,-0.066284,-0.064915,0.338909
1777047793.942179,7,-0.088723,-0.085696,0.378696
1777047793.942179,8,-0.113156,-0.108452,0.415692
1777047793.942179,9,-0.106221,-0.038435,0.325417
1777047793.942179,10,-0.129631,-0.060797,0.364454
1777047793.942179,11,-0.152650,-0.082047,0.403074
1777047794.278126,0,0.012450,-0.116990,0.365500
1777047794.278126,1,-0.013617,-0.141902,0.399887
1777047794.278126,2,-0.041070,-0.174936,0.430277
1777047794.278126,3,-0.025532,-0.090372,0.353393
1777047794.278126,4,-0.049934,-0.111436,0.391656
1777047794.278126,5,-0.076037,-0.138090,0.425114
1777047794.278126,6,-0.067153,-0.066366,0.337106
1777047794.278126,7,-0.088992,-0.086442,0.378048
1777047794.278126,8,-0.113156,-0.108452,0.415692
1777047794.278126,9,-0.106221,-0.038435,0.325417
1777047794.278126,10,-0.129631,-0.060797,0.364454
1777047794.278126,11,-0.152650,-0.082047,0.403074
1777047794.345314,0,0.012367,-0.117088,0.365372
1777047794.345314,1,-0.012666,-0.142376,0.399866
1777047794.345314,2,-0.041070,-0.174936,0.430277
1777047794.345314,3,-0.025624,-0.090764,0.352809
1777047794.345314,4,-0.049576,-0.112352,0.391189
1777047794.345314,5,-0.076501,-0.138963,0.424749
1777047794.345314,6,-0.065727,-0.064205,0.339759
1777047794.345314,7,-0.088723,-0.085696,0.378696
1777047794.345314,8,-0.113156,-0.108452,0.415692
1777047794.345314,9,-0.106221,-0.038435,0.325417
1777047794.345314,10,-0.129631,-0.060797,0.364454
1777047794.345314,11,-0.152650,-0.082047,0.403074
1777047794.378908,0,0.012228,-0.117548,0.364750
1777047794.378908,1,-0.014272,-0.144453,0.398108
1777047794.378908,2,-0.040603,-0.173414,0.431354
1777047794.378908,3,-0.026358,-0.092016,0.351342
1777047794.378908,4,-0.049576,-0.112352,0.391189
1777047794.378908,5,-0.075115,-0.138399,0.425147
1777047794.378908,6,-0.066284,-0.064915,0.338909
1777047794.378908,7,-0.088723,-0.085696,0.378696
1777047794.378908,8,-0.113156,-0.108452,0.415692
1777047794.378908,9,-0.106221,-0.038435,0.325417
1777047794.378908,10,-0.128947,-0.059898,0.365351
1777047794.378908,11,-0.152650,-0.082047,0.403074
1777047794.412502,0,0.012377,-0.116631,0.365742
1777047794.412502,1,-0.013196,-0.144212,0.398547
1777047794.412502,2,-0.041070,-0.174936,0.430277
1777047794.412502,3,-0.025532,-0.090372,0.353393
1777047794.412502,4,-0.049576,-0.112352,0.391189
1777047794.412502,5,-0.076526,-0.139223,0.424727
1777047794.412502,6,-0.066915,-0.065864,0.337825
1777047794.412502,7,-0.088992,-0.086442,0.378048
1777047794.412502,8,-0.113156,-0.108452,0.415692
1777047794.412502,9,-0.106221,-0.038435,0.325417
1777047794.412502,10,-0.127776,-0.058548,0.367130
1777047794.412502,11,-0.152650,-0.082047,0.403074
1777047794.446096,0,0.012718,-0.116502,0.366012
1777047794.446096,1,-0.013231,-0.143914,0.398534
1777047794.446096,2,-0.041380,-0.175875,0.429804
1777047794.446096,3,-0.026384,-0.091941,0.351481
1777047794.446096,4,-0.050200,-0.111970,0.391449
1777047794.446096,5,-0.076526,-0.139223,0.424727
1777047794.446096,6,-0.066912,-0.065691,0.337977
1777047794.446096,7,-0.088723,-0.085696,0.378696
1777047794.446096,8,-0.113156,-0.108452,0.415692
1777047794.446096,9,-0.106221,-0.038435,0.325417
1777047794.446096,10,-0.128947,-0.059898,0.365351
1777047794.446096,11,-0.152650,-0.082047,0.403074
1777047794.513284,0,0.012092,-0.118192,0.364210
1777047794.513284,1,-0.013991,-0.143567,0.398882
1777047794.513284,2,-0.041815,-0.177233,0.428851
1777047794.513284,3,-0.026384,-0.091941,0.351481
1777047794.513284,4,-0.050200,-0.111970,0.391449
1777047794.513284,5,-0.076526,-0.139223,0.424727
1777047794.513284,6,-0.067153,-0.066366,0.337106
1777047794.513284,7,-0.088723,-0.085696,0.378696
1777047794.513284,8,-0.113156,-0.108452,0.415692
1777047794.513284,9,-0.105597,-0.037587,0.326490
1777047794.513284,10,-0.129631,-0.060797,0.364454
1777047794.513284,11,-0.152650,-0.082047,0.403074
1777047794.580473,0,0.012288,-0.117922,0.364464
1777047794.580473,1,-0.012466,-0.141614,0.400356
1777047794.580473,2,-0.041380,-0.175875,0.429804
1777047794.580473,3,-0.026165,-0.091461,0.351834
1777047794.580473,4,-0.049576,-0.112352,0.391189
1777047794.580473,5,-0.075115,-0.138399,0.425147
1777047794.580473,6,-0.066912,-0.065691,0.337977
1777047794.580473,7,-0.088723,-0.085696,0.378696
1777047794.580473,8,-0.113156,-0.108452,0.415692
1777047794.580473,9,-0.106364,-0.038258,0.325458
1777047794.580473,10,-0.129631,-0.060797,0.364454
1777047794.580473,11,-0.152650,-0.082047,0.403074
1777047794.647661,0,0.012228,-0.117511,0.364757
1777047794.647661,1,-0.012666,-0.142376,0.399866
1777047794.647661,2,-0.041933,-0.177140,0.428637
1777047794.647661,3,-0.025384,-0.089909,0.353780
1777047794.647661,4,-0.050200,-0.111970,0.391449
1777047794.647661,5,-0.076864,-0.139477,0.424490
1777047794.647661,6,-0.066356,-0.065328,0.338390
1777047794.647661,7,-0.088723,-0.085696,0.378696
1777047794.647661,8,-0.113156,-0.108452,0.415692
1777047794.647661,9,-0.106221,-0.038435,0.325417
1777047794.647661,10,-0.128325,-0.059408,0.366180
1777047794.647661,11,-0.152650,-0.082047,0.403074
1777047794.714849,0,0.012037,-0.117794,0.364520
1777047794.714849,1,-0.013740,-0.145685,0.397268
1777047794.714849,2,-0.041070,-0.174936,0.430277
1777047794.714849,3,-0.026165,-0.091461,0.351834
1777047794.714849,4,-0.050200,-0.111970,0.391449
1777047794.714849,5,-0.076526,-0.139223,0.424727
1777047794.714849,6,-0.066912,-0.065691,0.337977
1777047794.714849,7,-0.088723,-0.085696,0.378696
1777047794.714849,8,-0.112047,-0.107273,0.416793
1777047794.714849,9,-0.106221,-0.038435,0.325417
1777047794.714849,10,-0.129631,-0.060797,0.364454
1777047794.714849,11,-0.152182,-0.081381,0.403529
1777047794.782057,0,0.012228,-0.117548,0.364750
1777047794.782057,1,-0.014610,-0.145366,0.397296
1777047794.782057,2,-0.040590,-0.173746,0.430809
1777047794.782057,3,-0.026358,-0.092016,0.351342
1777047794.782057,4,-0.049576,-0.112352,0.391189
1777047794.782057,5,-0.075006,-0.138056,0.425279
1777047794.782057,6,-0.066284,-0.064915,0.338909
1777047794.782057,7,-0.088992,-0.086442,0.378048
1777047794.782057,8,-0.113156,-0.108452,0.415692
1777047794.782057,9,-0.106221,-0.038435,0.325417
1777047794.782057,10,-0.128947,-0.059898,0.365351
1777047794.782057,11,-0.152650,-0.082047,0.403074
1777047794.815652,0,0.012718,-0.116502,0.366012
1777047794.815652,1,-0.013617,-0.141902,0.399887
1777047794.815652,2,-0.040185,-0.172942,0.431461
1777047794.815652,3,-0.026165,-0.091461,0.351834
1777047794.815652,4,-0.050200,-0.111970,0.391449
1777047794.815652,5,-0.076191,-0.138597,0.424911
1777047794.815652,6,-0.067153,-0.066366,0.337106
1777047794.815652,7,-0.088723,-0.085696,0.378696
1777047794.815652,8,-0.112047,-0.107273,0.416793
1777047794.815652,9,-0.106221,-0.038435,0.325417
1777047794.815652,10,-0.129631,-0.060797,0.364454
1777047794.815652,11,-0.152650,-0.082047,0.403074
1777047794.849247,0,0.012299,-0.117728,0.364897
1777047794.849247,1,-0.013740,-0.145685,0.397268
1777047794.849247,2,-0.042083,-0.177269,0.428821
1777047794.849247,3,-0.026358,-0.092016,0.351342
1777047794.849247,4,-0.050200,-0.111970,0.391449
1777047794.849247,5,-0.076526,-0.139223,0.424727
1777047794.849247,6,-0.066356,-0.065328,0.338390
1777047794.849247,7,-0.088723,-0.085696,0.378696
1777047794.849247,8,-0.113156,-0.108452,0.415692
1777047794.849247,9,-0.106221,-0.038435,0.325417
1777047794.849247,10,-0.128947,-0.059898,0.365351
1777047794.849247,11,-0.152650,-0.082047,0.403074
1777047794.882842,0,0.012680,-0.116010,0.366388
1777047794.882842,1,-0.014610,-0.145366,0.397296
1777047794.882842,2,-0.040590,-0.173746,0.430809
1777047794.882842,3,-0.025532,-0.090372,0.353393
1777047794.882842,4,-0.050200,-0.111970,0.391449
1777047794.882842,5,-0.075500,-0.137682,0.425663
1777047794.882842,6,-0.067153,-0.066366,0.337106
1777047794.882842,7,-0.088723,-0.085696,0.378696
1777047794.882842,8,-0.113156,-0.108452,0.415692
1777047794.882842,9,-0.106221,-0.038435,0.325417
1777047794.882842,10,-0.128947,-0.059898,0.365351
1777047794.882842,11,-0.152650,-0.082047,0.403074
1777047795.319574,0,0.012718,-0.116502,0.366012
1777047795.319574,1,-0.013740,-0.145685,0.397268
1777047795.319574,2,-0.041343,-0.176273,0.429307
1777047795.319574,3,-0.025532,-0.090372,0.353393
1777047795.319574,4,-0.049969,-0.111490,0.391805
1777047795.319574,5,-0.075115,-0.138399,0.425147
1777047795.319574,6,-0.066356,-0.065328,0.338390
1777047795.319574,7,-0.088723,-0.085696,0.378696
1777047795.319574,8,-0.112047,-0.107273,0.416793
1777047795.319574,9,-0.106221,-0.038435,0.325417
1777047795.319574,10,-0.127776,-0.058548,0.367130
1777047795.319574,11,-0.153516,-0.082994,0.402454
1777047795.353169,0,0.012228,-0.117511,0.364757
1777047795.353169,1,-0.014227,-0.143802,0.398609
1777047795.353169,2,-0.042534,-0.177049,0.428755
1777047795.353169,3,-0.025532,-0.090372,0.353393
1777047795.353169,4,-0.049576,-0.112352,0.391189
1777047795.353169,5,-0.076501,-0.138963,0.424749
1777047795.353169,6,-0.067153,-0.066366,0.337106
1777047795.353169,7,-0.088723,-0.085696,0.378696
1777047795.353169,8,-0.113156,-0.108452,0.415692
1777047795.353169,9,-0.106221,-0.038435,0.325417
1777047795.353169,10,-0.129631,-0.060797,0.364454
1777047795.353169,11,-0.152650,-0.082047,0.403074
1777047795.386763,0,0.012680,-0.116010,0.366388
1777047795.386763,1,-0.014027,-0.142931,0.399153
1777047795.386763,2,-0.040185,-0.172942,0.431461
1777047795.386763,3,-0.026358,-0.092016,0.351342
1777047795.386763,4,-0.049969,-0.111490,0.391805
1777047795.386763,5,-0.075439,-0.137354,0.425735
1777047795.386763,6,-0.067153,-0.066366,0.337106
1777047795.386763,7,-0.088723,-0.085696,0.378696
1777047795.386763,8,-0.112735,-0.107842,0.415918
1777047795.386763,9,-0.106364,-0.038258,0.325458
1777047795.386763,10,-0.129631,-0.060797,0.364454
1777047795.386763,11,-0.152650,-0.082047,0.403074
1777047795.420358,0,0.012670,-0.116236,0.365985
1777047795.420358,1,-0.013991,-0.143567,0.398882
1777047795.420358,2,-0.041380,-0.175875,0.429804
1777047795.420358,3,-0.025537,-0.090246,0.353596
1777047795.420358,4,-0.050200,-0.111970,0.391449
1777047795.420358,5,-0.075333,-0.136919,0.426373
1777047795.420358,6,-0.066284,-0.064915,0.338909
1777047795.420358,7,-0.088723,-0.085696,0.378696
1777047795.420358,8,-0.113156,-0.108452,0.415692
1777047795.420358,9,-0.106221,-0.038435,0.325417
1777047795.420358,10,-0.129631,-0.060797,0.364454
1777047795.420358,11,-0.152650,-0.082047,0.403074
1777047795.487547,0,0.012450,-0.116990,0.365500
1777047795.487547,1,-0.013396,-0.144161,0.398498
1777047795.487547,2,-0.040288,-0.173465,0.431256
1777047795.487547,3,-0.026165,-0.091461,0.351834
1777047795.487547,4,-0.049576,-0.112352,0.391189
1777047795.487547,5,-0.075500,-0.137682,0.425663
1777047795.487547,6,-0.066912,-0.065691,0.337977
1777047795.487547,7,-0.088447,-0.085175,0.379099
1777047795.487547,8,-0.113156,-0.108452,0.415692
1777047795.487547,9,-0.106221,-0.038435,0.325417
1777047795.487547,10,-0.129631,-0.060797,0.364454
1777047795.487547,11,-0.153516,-0.082994,0.402454
1777047795.554737,0,0.012377,-0.116631,0.365742
1777047795.554737,1,-0.013231,-0.143914,0.398534
1777047795.554737,2,-0.041380,-0.175875,0.429804
1777047795.554737,3,-0.025384,-0.089909,0.353780
1777047795.554737,4,-0.049576,-0.112352,0.391189
1777047795.554737,5,-0.075500,-0.137682,0.425663
1777047795.554737,6,-0.066912,-0.065691,0.337977
1777047795.554737,7,-0.088723,-0.085696,0.378696
1777047795.554737,8,-0.110505,-0.104983,0.418588
1777047795.554737,9,-0.106221,-0.038435,0.325417
1777047795.554737,10,-0.128325,-0.059408,0.366180
1777047795.554737,11,-0.152182,-0.081381,0.403529
1777047795.554737,17,-0.211904,0.201249,0.269726
1777047795.621926,0,0.012680,-0.116010,0.366388
1777047795.621926,1,-0.013821,-0.142790,0.399350
1777047795.621926,2,-0.041380,-0.175875,0.429804
1777047795.621926,3,-0.026384,-0.091941,0.351481
1777047795.621926,4,-0.049576,-0.112352,0.391189
1777047795.621926,5,-0.075500,-0.137682,0.425663
1777047795.621926,6,-0.067557,-0.066841,0.336252
1777047795.621926,7,-0.088992,-0.086442,0.378048
1777047795.621926,8,-0.113156,-0.108452,0.415692
1777047795.621926,9,-0.106364,-0.038258,0.325458
1777047795.621926,10,-0.129631,-0.060797,0.364454
1777047795.621926,11,-0.152650,-0.082047,0.403074
1777047795.689115,0,0.012718,-0.116502,0.366012
1777047795.689115,1,-0.014610,-0.145366,0.397296
1777047795.689115,2,-0.041070,-0.174936,0.430277
1777047795.689115,3,-0.026384,-0.091941,0.351481
1777047795.689115,4,-0.050200,-0.111970,0.391449
1777047795.689115,5,-0.076501,-0.138963,0.424749
1777047795.689115,6,-0.066912,-0.065691,0.337977
1777047795.689115,7,-0.088723,-0.085696,0.378696
1777047795.689115,8,-0.113156,-0.108452,0.415692
1777047795.689115,9,-0.106221,-0.038435,0.325417
1777047795.689115,10,-0.128947,-0.059898,0.365351
1777047795.689115,11,-0.152650,-0.082047,0.403074
1777047795.722709,0,0.012718,-0.116502,0.366012
1777047795.722709,1,-0.013231,-0.143914,0.398534
1777047795.722709,2,-0.042131,-0.177890,0.428480
1777047795.722709,3,-0.025532,-0.090372,0.353393
1777047795.722709,4,-0.049576,-0.112352,0.391189
1777047795.722709,5,-0.075439,-0.137354,0.425735
1777047795.722709,6,-0.066912,-0.065691,0.337977
1777047795.722709,7,-0.088447,-0.085175,0.379099
1777047795.722709,8,-0.113156,-0.108452,0.415692
1777047795.722709,9,-0.106221,-0.038435,0.325417
1777047795.722709,10,-0.128947,-0.059898,0.365351
1777047795.722709,11,-0.152650,-0.082047,0.403074
1777047795.823493,0,0.012288,-0.117922,0.364464
1777047795.823493,1,-0.013196,-0.144212,0.398547
1777047795.823493,2,-0.041070,-0.174936,0.430277
1777047795.823493,3,-0.026358,-0.092016,0.351342
1777047795.823493,4,-0.049934,-0.111436,0.391656
1777047795.823493,5,-0.075500,-0.137682,0.425663
1777047795.823493,6,-0.066382,-0.065024,0.338768
1777047795.823493,7,-0.088992,-0.086442,0.378048
1777047795.823493,8,-0.113156,-0.108452,0.415692
1777047795.823493,9,-0.106221,-0.038435,0.325417
1777047795.823493,10,-0.128454,-0.059436,0.366243
1777047795.823493,11,-0.152650,-0.082047,0.403074
1777047795.890682,0,0.012170,-0.117128,0.365052
1777047795.890682,1,-0.013014,-0.143102,0.399061
1777047795.890682,2,-0.040127,-0.172344,0.432102
1777047795.890682,3,-0.025532,-0.090372,0.353393
1777047795.890682,4,-0.050200,-0.111970,0.391449
1777047795.890682,5,-0.076191,-0.138597,0.424911
1777047795.890682,6,-0.065977,-0.064608,0.339401
1777047795.890682,7,-0.088723,-0.085696,0.378696
1777047795.890682,8,-0.111769,-0.106860,0.416856
1777047795.890682,9,-0.106221,-0.038435,0.325417
1777047795.890682,10,-0.128454,-0.059436,0.366243
1777047795.890682,11,-0.152182,-0.081381,0.403529
1777047795.957870,0,0.012228,-0.117511,0.364757
1777047795.957870,1,-0.013991,-0.143567,0.398882
1777047795.957870,2,-0.041815,-0.177233,0.428851
1777047795.957870,3,-0.026165,-0.091461,0.351834
1777047795.957870,4,-0.050200,-0.111970,0.391449
1777047795.957870,5,-0.075115,-0.138399,0.425147
1777047795.957870,6,-0.066912,-0.065691,0.337977
1777047795.957870,7,-0.088992,-0.086442,0.378048
1777047795.957870,8,-0.112839,-0.108184,0.415816
1777047795.957870,9,-0.106221,-0.038435,0.325417
1777047795.957870,10,-0.129631,-0.060797,0.364454
1777047795.957870,11,-0.152650,-0.082047,0.403074
1777047795.991469,0,0.012468,-0.117571,0.364647
1777047795.991469,1,-0.012984,-0.143415,0.399064
1777047795.991469,2,-0.041070,-0.174936,0.430277
1777047795.991469,3,-0.026358,-0.092016,0.351342
1777047795.991469,4,-0.050200,-0.111970,0.391449
1777047795.991469,5,-0.075500,-0.137682,0.425663
1777047795.991469,6,-0.066912,-0.065691,0.337977
1777047795.991469,7,-0.088723,-0.085696,0.378696
1777047795.991469,8,-0.112047,-0.107273,0.416793
1777047795.991469,9,-0.106221,-0.038435,0.325417
1777047795.991469,10,-0.128947,-0.059898,0.365351
1777047795.991469,11,-0.152650,-0.082047,0.403074
1777047796.025067,0,0.012228,-0.117548,0.364750
1777047796.025067,1,-0.013014,-0.143102,0.399061
1777047796.025067,2,-0.041040,-0.174778,0.430399
1777047796.025067,3,-0.026384,-0.091941,0.351481
1777047796.025067,4,-0.050200,-0.111970,0.391449
1777047796.025067,5,-0.076526,-0.139223,0.424727
1777047796.025067,6,-0.066912,-0.065691,0.337977
1777047796.025067,7,-0.088723,-0.085696,0.378696
1777047796.025067,8,-0.113156,-0.108452,0.415692
1777047796.025067,9,-0.106221,-0.038435,0.325417
1777047796.025067,10,-0.129631,-0.060797,0.364454
1777047796.025067,11,-0.152650,-0.082047,0.403074
1777047796.092264,0,0.012718,-0.116502,0.366012
1777047796.092264,1,-0.013231,-0.143914,0.398534
1777047796.092264,2,-0.041070,-0.174936,0.430277
1777047796.092264,3,-0.026358,-0.092016,0.351342
1777047796.092264,4,-0.049934,-0.111436,0.391656
1777047796.092264,5,-0.076526,-0.139223,0.424727
1777047796.092264,6,-0.065536,-0.064260,0.340097
1777047796.092264,7,-0.088723,-0.085696,0.378696
1777047796.092264,8,-0.111346,-0.105962,0.417557
1777047796.092264,9,-0.106221,-0.038435,0.325417
1777047796.092264,10,-0.127776,-0.058548,0.367130
1777047796.092264,11,-0.152182,-0.081381,0.403529
1777047796.159461,0,0.012718,-0.116502,0.366012
1777047796.159461,1,-0.012666,-0.142376,0.399866
1777047796.159461,2,-0.042223,-0.175950,0.429299
1777047796.159461,3,-0.025537,-0.090246,0.353596
1777047796.159461,4,-0.050200,-0.111970,0.391449
1777047796.159461,5,-0.074469,-0.135481,0.427826
1777047796.159461,6,-0.066912,-0.065691,0.337977
1777047796.159461,7,-0.088447,-0.085175,0.379099
1777047796.159461,8,-0.113156,-0.108452,0.415692
1777047796.159461,9,-0.106221,-0.038435,0.325417
1777047796.159461,10,-0.128947,-0.059898,0.365351
1777047796.159461,11,-0.153516,-0.082994,0.402454
1777047796.226658,0,0.012228,-0.117511,0.364757
1777047796.226658,1,-0.013176,-0.143893,0.398983
1777047796.226658,2,-0.040487,-0.174365,0.430443
1777047796.226658,3,-0.026165,-0.091461,0.351834
1777047796.226658,4,-0.050200,-0.111970,0.391449
1777047796.226658,5,-0.076526,-0.139223,0.424727
1777047796.226658,6,-0.066382,-0.065024,0.338768
1777047796.226658,7,-0.088992,-0.086442,0.378048
1777047796.226658,8,-0.113156,-0.108452,0.415692
1777047796.226658,9,-0.106221,-0.038435,0.325417
1777047796.226658,10,-0.128454,-0.059436,0.366243
1777047796.226658,11,-0.152650,-0.082047,0.403074
1777047796.260257,0,0.012031,-0.117969,0.364104
1777047796.260257,1,-0.013828,-0.142804,0.399314
1777047796.260257,2,-0.041070,-0.174936,0.430277
1777047796.260257,3,-0.026165,-0.091461,0.351834
1777047796.260257,4,-0.050200,-0.111970,0.391449
1777047796.260257,5,-0.076037,-0.138090,0.425114
1777047796.260257,6,-0.066912,-0.065691,0.337977
1777047796.260257,7,-0.088723,-0.085696,0.378696
1777047796.260257,8,-0.113156,-0.108452,0.415692
1777047796.260257,9,-0.106221,-0.038435,0.325417
1777047796.260257,10,-0.128947,-0.059898,0.365351
1777047796.260257,11,-0.152650,-0.082047,0.403074
1777047796.327454,0,0.012288,-0.117922,0.364464
1777047796.327454,1,-0.013014,-0.143102,0.399061
1777047796.327454,2,-0.041070,-0.174936,0.430277
1777047796.327454,3,-0.026358,-0.092016,0.351342
1777047796.327454,4,-0.050200,-0.111970,0.391449
1777047796.327454,5,-0.076501,-0.138963,0.424749
1777047796.327454,6,-0.066284,-0.064915,0.338909
1777047796.327454,7,-0.088992,-0.086442,0.378048
1777047796.327454,8,-0.113156,-0.108452,0.415692
1777047796.327454,9,-0.107589,-0.039939,0.323416
1777047796.327454,10,-0.128454,-0.059436,0.366243
1777047796.327454,11,-0.152650,-0.082047,0.403074
1777047796.394652,0,0.012603,-0.116239,0.366116
1777047796.394652,1,-0.012666,-0.142376,0.399866
1777047796.394652,2,-0.041380,-0.175875,0.429804
1777047796.394652,3,-0.025384,-0.089909,0.353780
1777047796.394652,4,-0.050200,-0.111970,0.391449
1777047796.394652,5,-0.076526,-0.139223,0.424727
1777047796.394652,6,-0.067184,-0.066337,0.337382
1777047796.394652,7,-0.088723,-0.085696,0.378696
1777047796.394652,8,-0.113156,-0.108452,0.415692
1777047796.394652,9,-0.105597,-0.037587,0.326490
1777047796.394652,10,-0.127776,-0.058548,0.367130
1777047796.394652,11,-0.152650,-0.082047,0.403074
1777047796.461849,0,0.012092,-0.118192,0.364210
1777047796.461849,1,-0.012666,-0.142376,0.399866
1777047796.461849,2,-0.041380,-0.175875,0.429804
1777047796.461849,3,-0.025384,-0.089909,0.353780
1777047796.461849,4,-0.049576,-0.112352,0.391189
1777047796.461849,5,-0.075788,-0.138056,0.425506
1777047796.461849,6,-0.067586,-0.067256,0.336166
1777047796.461849,7,-0.088723,-0.085696,0.378696
1777047796.461849,8,-0.113156,-0.108452,0.415692
1777047796.461849,9,-0.106221,-0.038435,0.325417
1777047796.461849,10,-0.129343,-0.060232,0.365098
1777047796.461849,11,-0.152650,-0.082047,0.403074
1777047796.495447,0,0.013108,-0.114784,0.367566
1777047796.495447,1,-0.013740,-0.145685,0.397268
1777047796.495447,2,-0.040798,-0.172413,0.431789
1777047796.495447,3,-0.025532,-0.090372,0.353393
1777047796.495447,4,-0.050200,-0.111970,0.391449
1777047796.495447,5,-0.075006,-0.138056,0.425279
1777047796.495447,6,-0.067153,-0.066366,0.337106
1777047796.495447,7,-0.088723,-0.085696,0.378696
1777047796.495447,8,-0.113156,-0.108452,0.415692
1777047796.495447,9,-0.106221,-0.038435,0.325417
1777047796.495447,10,-0.128947,-0.059898,0.365351
1777047796.495447,11,-0.152650,-0.082047,0.403074
1777047796.596244,0,0.012718,-0.116502,0.366012
1777047796.596244,1,-0.012666,-0.142376,0.399866
1777047796.596244,2,-0.040892,-0.174296,0.430918
1777047796.596244,3,-0.025624,-0.090764,0.352809
1777047796.596244,4,-0.050200,-0.111970,0.391449
1777047796.596244,5,-0.076191,-0.138597,0.424911
1777047796.596244,6,-0.067153,-0.066366,0.337106
1777047796.596244,7,-0.088992,-0.086442,0.378048
1777047796.596244,8,-0.113156,-0.108452,0.415692
1777047796.596244,9,-0.106221,-0.038435,0.325417
1777047796.596244,10,-0.128454,-0.059436,0.366243
1777047796.596244,11,-0.152650,-0.082047,0.403074
1777047796.697040,0,0.012377,-0.116631,0.365742
1777047796.697040,1,-0.012466,-0.141614,0.400356
1777047796.697040,2,-0.041070,-0.174936,0.430277
1777047796.697040,3,-0.025384,-0.089909,0.353780
1777047796.697040,4,-0.050200,-0.111970,0.391449
1777047796.697040,5,-0.076191,-0.138597,0.424911
1777047796.697040,6,-0.066912,-0.065691,0.337977
1777047796.697040,7,-0.088992,-0.086442,0.378048
1777047796.697040,8,-0.113156,-0.108452,0.415692
1777047796.697040,9,-0.106221,-0.038435,0.325417
1777047796.697040,10,-0.127776,-0.058548,0.367130
1777047796.697040,11,-0.152650,-0.082047,0.403074
1777047796.764237,0,0.012228,-0.117511,0.364757
1777047796.764237,1,-0.012984,-0.143415,0.399064
1777047796.764237,2,-0.041611,-0.177106,0.428898
1777047796.764237,3,-0.026384,-0.091941,0.351481
1777047796.764237,4,-0.050200,-0.111970,0.391449
1777047796.764237,5,-0.075052,-0.138051,0.425226
1777047796.764237,6,-0.066284,-0.064915,0.338909
1777047796.764237,7,-0.088723,-0.085696,0.378696
1777047796.764237,8,-0.113156,-0.108452,0.415692
1777047796.764237,9,-0.106221,-0.038435,0.325417
1777047796.764237,10,-0.129631,-0.060797,0.364454
1777047796.764237,11,-0.152650,-0.082047,0.403074
1777047796.831434,0,0.012228,-0.117511,0.364757
1777047796.831434,1,-0.013828,-0.142804,0.399314
1777047796.831434,2,-0.041070,-0.174936,0.430277
1777047796.831434,3,-0.026358,-0.092016,0.351342
1777047796.831434,4,-0.050200,-0.111970,0.391449
1777047796.831434,5,-0.075500,-0.137682,0.425663
1777047796.831434,6,-0.066912,-0.065691,0.337977
1777047796.831434,7,-0.088723,-0.085696,0.378696
1777047796.831434,8,-0.113156,-0.108452,0.415692
1777047796.831434,9,-0.106221,-0.038435,0.325417
1777047796.831434,10,-0.129631,-0.060797,0.364454
1777047796.831434,11,-0.153516,-0.082994,0.402454
1777047796.898632,0,0.012288,-0.117922,0.364464
1777047796.898632,1,-0.012466,-0.141614,0.400356
1777047796.898632,2,-0.041070,-0.174936,0.430277
1777047796.898632,3,-0.026165,-0.091461,0.351834
1777047796.898632,4,-0.049576,-0.112352,0.391189
1777047796.898632,5,-0.076526,-0.139223,0.424727
1777047796.898632,6,-0.066382,-0.065024,0.338768
1777047796.898632,7,-0.088723,-0.085696,0.378696
1777047796.898632,8,-0.113156,-0.108452,0.415692
1777047796.898632,9,-0.106221,-0.038435,0.325417
1777047796.898632,10,-0.128947,-0.059898,0.365351
1777047796.898632,11,-0.152650,-0.082047,0.403074
1777047796.999423,0,0.012501,-0.116402,0.365802
1777047796.999423,1,-0.013828,-0.142804,0.399314
1777047796.999423,2,-0.041070,-0.174936,0.430277
1777047796.999423,3,-0.025537,-0.090246,0.353596
1777047796.999423,4,-0.049969,-0.111490,0.391805
1777047796.999423,5,-0.075500,-0.137682,0.425663
1777047796.999423,6,-0.066284,-0.064915,0.338909
1777047796.999423,7,-0.088723,-0.085696,0.378696
1777047796.999423,8,-0.113156,-0.108452,0.415692
1777047796.999423,9,-0.106221,-0.038435,0.325417
1777047796.999423,10,-0.127776,-0.058548,0.367130
1777047796.999423,11,-0.152182,-0.081381,0.403529
1777047797.368952,0,0.012288,-0.117922,0.364464
1777047797.368952,1,-0.014610,-0.145366,0.397296
1777047797.368952,2,-0.042534,-0.177049,0.428755
1777047797.368952,3,-0.025537,-0.090246,0.353596
1777047797.368952,4,-0.050200,-0.111970,0.391449
1777047797.368952,5,-0.075788,-0.138056,0.425506
1777047797.368952,6,-0.066618,-0.065284,0.338207
1777047797.368952,7,-0.088723,-0.085696,0.378696
1777047797.368952,8,-0.112047,-0.107273,0.416793
1777047797.368952,9,-0.106221,-0.038435,0.325417
1777047797.368952,10,-0.128947,-0.059898,0.365351
1777047797.368952,11,-0.152650,-0.082047,0.403074
1777047797.436138,0,0.012872,-0.115591,0.366943
1777047797.436138,1,-0.013231,-0.143914,0.398534
1777047797.436138,2,-0.040917,-0.175224,0.430042
1777047797.436138,3,-0.026358,-0.092016,0.351342
1777047797.436138,4,-0.049576,-0.112352,0.391189
1777047797.436138,5,-0.076526,-0.139223,0.424727
1777047797.436138,6,-0.066912,-0.065691,0.337977
1777047797.436138,7,-0.088447,-0.085175,0.379099
1777047797.436138,8,-0.113156,-0.108452,0.415692
1777047797.436138,9,-0.106221,-0.038435,0.325417
1777047797.436138,10,-0.128947,-0.059898,0.365351
1777047797.436138,11,-0.152650,-0.082047,0.403074
1777047797.503325,0,0.012377,-0.116631,0.365742
1777047797.503325,1,-0.014420,-0.144521,0.397816
1777047797.503325,2,-0.041040,-0.174778,0.430399
1777047797.503325,3,-0.025384,-0.089909,0.353780
1777047797.503325,4,-0.049934,-0.111436,0.391656
1777047797.503325,5,-0.075006,-0.138056,0.425279
1777047797.503325,6,-0.066284,-0.064915,0.338909
1777047797.503325,7,-0.088723,-0.085696,0.378696
1777047797.503325,8,-0.112047,-0.107273,0.416793
1777047797.503325,9,-0.106221,-0.038435,0.325417
1777047797.503325,10,-0.128947,-0.059898,0.365351
1777047797.503325,11,-0.152650,-0.082047,0.403074
1777047797.570512,0,0.012114,-0.117536,0.365022
1777047797.570512,1,-0.014610,-0.145366,0.397296
1777047797.570512,2,-0.041514,-0.176322,0.429305
1777047797.570512,3,-0.026358,-0.092016,0.351342
1777047797.570512,4,-0.049934,-0.111436,0.391656
1777047797.570512,5,-0.076526,-0.139223,0.424727
1777047797.570512,6,-0.066912,-0.065691,0.337977
1777047797.570512,7,-0.088992,-0.086442,0.378048
1777047797.570512,8,-0.113156,-0.108452,0.415692
1777047797.570512,9,-0.106221,-0.038435,0.325417
1777047797.570512,10,-0.129631,-0.060797,0.364454
1777047797.570512,11,-0.152650,-0.082047,0.403074
1777047797.604105,0,0.012228,-0.117511,0.364757
1777047797.604105,1,-0.014420,-0.144521,0.397816
1777047797.604105,2,-0.041933,-0.177140,0.428637
1777047797.604105,3,-0.026384,-0.091941,0.351481
1777047797.604105,4,-0.049576,-0.112352,0.391189
1777047797.604105,5,-0.075115,-0.138399,0.425147
1777047797.604105,6,-0.066356,-0.065328,0.338390
1777047797.604105,7,-0.088723,-0.085696,0.378696
1777047797.604105,8,-0.113156,-0.108452,0.415692
1777047797.604105,9,-0.106221,-0.038435,0.325417
1777047797.604105,10,-0.128947,-0.059898,0.365351
1777047797.604105,11,-0.152182,-0.081381,0.403529
1777047797.671291,0,0.012377,-0.116631,0.365742
1777047797.671291,1,-0.013740,-0.145685,0.397268
1777047797.671291,2,-0.041380,-0.175875,0.429804
1777047797.671291,3,-0.026384,-0.091941,0.351481
1777047797.671291,4,-0.049934,-0.111436,0.391656
1777047797.671291,5,-0.075115,-0.138399,0.425147
1777047797.671291,6,-0.066382,-0.065024,0.338768
1777047797.671291,7,-0.088723,-0.085696,0.378696
1777047797.671291,8,-0.113156,-0.108452,0.415692
1777047797.671291,9,-0.107589,-0.039939,0.323416
1777047797.671291,10,-0.128947,-0.059898,0.365351
1777047797.671291,11,-0.152650,-0.082047,0.403074
1777047797.738477,0,0.012073,-0.118450,0.363741
1777047797.738477,1,-0.013231,-0.143914,0.398534
1777047797.738477,2,-0.041514,-0.176322,0.429305
1777047797.738477,3,-0.026165,-0.091461,0.351834
1777047797.738477,4,-0.050200,-0.111970,0.391449
1777047797.738477,5,-0.075006,-0.138056,0.425279
1777047797.738477,6,-0.066382,-0.065024,0.338768
1777047797.738477,7,-0.088723,-0.085696,0.378696
1777047797.738477,8,-0.113156,-0.108452,0.415692
1777047797.738477,9,-0.106221,-0.038435,0.325417
1777047797.738477,10,-0.127776,-0.058548,0.367130
1777047797.738477,11,-0.152182,-0.081381,0.403529
1777047797.805663,0,0.012520,-0.116967,0.365353
1777047797.805663,1,-0.013828,-0.142804,0.399314
1777047797.805663,2,-0.041380,-0.175875,0.429804
1777047797.805663,3,-0.025537,-0.090246,0.353596
1777047797.805663,4,-0.050200,-0.111970,0.391449
1777047797.805663,5,-0.075006,-0.138056,0.425279
1777047797.805663,6,-0.066912,-0.065691,0.337977
1777047797.805663,7,-0.088723,-0.085696,0.378696
1777047797.805663,8,-0.113156,-0.108452,0.415692
1777047797.805663,9,-0.106221,-0.038435,0.325417
1777047797.805663,10,-0.127776,-0.058548,0.367130
1777047797.805663,11,-0.152650,-0.082047,0.403074
1777047797.906442,0,0.012450,-0.116990,0.365500
1777047797.906442,1,-0.013196,-0.144212,0.398547
1777047797.906442,2,-0.041070,-0.174936,0.430277
1777047797.906442,3,-0.026358,-0.092016,0.351342
1777047797.906442,4,-0.049969,-0.111490,0.391805
1777047797.906442,5,-0.076191,-0.138597,0.424911
1777047797.906442,6,-0.066284,-0.064915,0.338909
1777047797.906442,7,-0.088992,-0.086442,0.378048
1777047797.906442,8,-0.112839,-0.108184,0.415816
1777047797.906442,9,-0.106221,-0.038435,0.325417
1777047797.906442,10,-0.129022,-0.060318,0.365268
1777047797.906442,11,-0.152650,-0.082047,0.403074
1777047797.973629,0,0.012450,-0.116990,0.365500
1777047797.973629,1,-0.012666,-0.142376,0.399866
1777047797.973629,2,-0.040185,-0.172942,0.431461
1777047797.973629,3,-0.025384,-0.089909,0.353780
1777047797.973629,4,-0.050200,-0.111970,0.391449
1777047797.973629,5,-0.076526,-0.139223,0.424727
1777047797.973629,6,-0.067224,-0.066025,0.337328
1777047797.973629,7,-0.088723,-0.085696,0.378696
1777047797.973629,8,-0.113156,-0.108452,0.415692
1777047797.973629,9,-0.106221,-0.038435,0.325417
1777047797.973629,10,-0.129631,-0.060797,0.364454
1777047797.973629,11,-0.152650,-0.082047,0.403074
1777047798.007223,0,0.012680,-0.116010,0.366388
1777047798.007223,1,-0.013231,-0.143914,0.398534
1777047798.007223,2,-0.040185,-0.172942,0.431461
1777047798.007223,3,-0.026358,-0.092016,0.351342
1777047798.007223,4,-0.050200,-0.111970,0.391449
1777047798.007223,5,-0.076577,-0.139156,0.424620
1777047798.007223,6,-0.065727,-0.064205,0.339759
1777047798.007223,7,-0.088447,-0.085175,0.379099
1777047798.007223,8,-0.112047,-0.107273,0.416793
1777047798.007223,9,-0.106221,-0.038435,0.325417
1777047798.007223,10,-0.128947,-0.059898,0.365351
1777047798.007223,11,-0.152182,-0.081381,0.403529
1777047798.074411,0,0.012823,-0.115339,0.366985
1777047798.074411,1,-0.012666,-0.142376,0.399866
1777047798.074411,2,-0.041380,-0.175875,0.429804
1777047798.074411,3,-0.026384,-0.091941,0.351481
1777047798.074411,4,-0.050200,-0.111970,0.391449
1777047798.074411,5,-0.075500,-0.137682,0.425663
1777047798.074411,6,-0.066912,-0.065691,0.337977
1777047798.074411,7,-0.088723,-0.085696,0.378696
1777047798.074411,8,-0.113156,-0.108452,0.415692
1777047798.074411,9,-0.106221,-0.038435,0.325417
1777047798.074411,10,-0.129631,-0.060797,0.364454
1777047798.074411,11,-0.152182,-0.081381,0.403529
1777047798.108005,0,0.012680,-0.116010,0.366388
1777047798.108005,1,-0.013740,-0.145685,0.397268
1777047798.108005,2,-0.040629,-0.174335,0.430486
1777047798.108005,3,-0.025384,-0.089909,0.353780
1777047798.108005,4,-0.050200,-0.111970,0.391449
1777047798.108005,5,-0.076191,-0.138597,0.424911
1777047798.108005,6,-0.066382,-0.065024,0.338768
1777047798.108005,7,-0.088723,-0.085696,0.378696
1777047798.108005,8,-0.113156,-0.108452,0.415692
1777047798.108005,9,-0.106221,-0.038435,0.325417
1777047798.108005,10,-0.127776,-0.058548,0.367130
1777047798.108005,11,-0.152650,-0.082047,0.403074
1777047798.242381,0,0.012377,-0.116631,0.365742
1777047798.242381,1,-0.013231,-0.143914,0.398534
1777047798.242381,2,-0.041070,-0.174936,0.430277
1777047798.242381,3,-0.026358,-0.092016,0.351342
1777047798.242381,4,-0.050200,-0.111970,0.391449
1777047798.242381,5,-0.076526,-0.139223,0.424727
1777047798.242381,6,-0.066912,-0.065691,0.337977
1777047798.242381,7,-0.088723,-0.085696,0.378696
1777047798.242381,8,-0.113156,-0.108452,0.415692
1777047798.242381,9,-0.106364,-0.038258,0.325458
1777047798.242381,10,-0.128947,-0.059898,0.365351
1777047798.242381,11,-0.152650,-0.082047,0.403074
1777047798.275975,0,0.012377,-0.116631,0.365742
1777047798.275975,1,-0.013512,-0.144841,0.397821
1777047798.275975,2,-0.041514,-0.176322,0.429305
1777047798.275975,3,-0.025384,-0.089909,0.353780
1777047798.275975,4,-0.049934,-0.111436,0.391656
1777047798.275975,5,-0.075115,-0.138399,0.425147
1777047798.275975,6,-0.066284,-0.064915,0.338909
1777047798.275975,7,-0.088723,-0.085696,0.378696
1777047798.275975,8,-0.112047,-0.107273,0.416793
1777047798.275975,9,-0.106221,-0.038435,0.325417
1777047798.275975,10,-0.127776,-0.058548,0.367130
1777047798.275975,11,-0.152650,-0.082047,0.403074
1777047798.309569,0,0.012450,-0.116990,0.365500
1777047798.309569,1,-0.013231,-0.143914,0.398534
1777047798.309569,2,-0.041070,-0.174936,0.430277
1777047798.309569,3,-0.026165,-0.091461,0.351834
1777047798.309569,4,-0.049831,-0.111012,0.391863
1777047798.309569,5,-0.075500,-0.137682,0.425663
1777047798.309569,6,-0.066356,-0.065328,0.338390
1777047798.309569,7,-0.088723,-0.085696,0.378696
1777047798.309569,8,-0.113156,-0.108452,0.415692
1777047798.309569,9,-0.106817,-0.039261,0.324387
1777047798.309569,10,-0.129631,-0.060797,0.364454
1777047798.309569,11,-0.152650,-0.082047,0.403074
1777047798.343162,0,0.012031,-0.117969,0.364104
1777047798.343162,1,-0.013740,-0.145685,0.397268
1777047798.343162,2,-0.041815,-0.177233,0.428851
1777047798.343162,3,-0.025537,-0.090246,0.353596
1777047798.343162,4,-0.050200,-0.111970,0.391449
1777047798.343162,5,-0.076802,-0.139574,0.424589
1777047798.343162,6,-0.066912,-0.065691,0.337977
1777047798.343162,7,-0.088447,-0.085175,0.379099
1777047798.343162,8,-0.113156,-0.108452,0.415692
1777047798.343162,9,-0.107589,-0.039939,0.323416
1777047798.343162,10,-0.128947,-0.059898,0.365351
1777047798.343162,11,-0.152650,-0.082047,0.403074
1777047798.410350,0,0.012377,-0.116631,0.365742
1777047798.410350,1,-0.013740,-0.145685,0.397268
1777047798.410350,2,-0.040022,-0.172352,0.432066
1777047798.410350,3,-0.026358,-0.092016,0.351342
1777047798.410350,4,-0.049576,-0.112352,0.391189
1777047798.410350,5,-0.076191,-0.138597,0.424911
1777047798.410350,6,-0.066912,-0.065691,0.337977
1777047798.410350,7,-0.088723,-0.085696,0.378696
1777047798.410350,8,-0.113156,-0.108452,0.415692
1777047798.410350,9,-0.106364,-0.038258,0.325458
1777047798.410350,10,-0.127776,-0.058548,0.367130
1777047798.410350,11,-0.152650,-0.082047,0.403074
1777047798.477538,0,0.012718,-0.116502,0.366012
1777047798.477538,1,-0.013512,-0.144841,0.397821
1777047798.477538,2,-0.040629,-0.174335,0.430486
1777047798.477538,3,-0.025532,-0.090372,0.353393
1777047798.477538,4,-0.050200,-0.111970,0.391449
1777047798.477538,5,-0.075115,-0.138399,0.425147
1777047798.477538,6,-0.066912,-0.065691,0.337977
1777047798.477538,7,-0.088992,-0.086442,0.378048
1777047798.477538,8,-0.113156,-0.108452,0.415692
1777047798.477538,9,-0.106278,-0.038757,0.325000
1777047798.477538,10,-0.128947,-0.059898,0.365351
1777047798.477538,11,-0.152650,-0.082047,0.403074
1777047798.511131,0,0.012114,-0.117749,0.364327
1777047798.511131,1,-0.012466,-0.141614,0.400356
1777047798.511131,2,-0.042231,-0.178032,0.428195
1777047798.511131,3,-0.025530,-0.090422,0.353057
1777047798.511131,4,-0.049576,-0.112352,0.391189
1777047798.511131,5,-0.075006,-0.138056,0.425279
1777047798.511131,6,-0.066284,-0.064915,0.338909
1777047798.511131,7,-0.088723,-0.085696,0.378696
1777047798.511131,8,-0.113156,-0.108452,0.415692
1777047798.511131,9,-0.106221,-0.038435,0.325417
1777047798.511131,10,-0.128454,-0.059436,0.366243
1777047798.511131,11,-0.152650,-0.082047,0.403074
1777047798.578319,0,0.012680,-0.116010,0.366388
1777047798.578319,1,-0.013991,-0.143567,0.398882
1777047798.578319,2,-0.040185,-0.172942,0.431461
1777047798.578319,3,-0.025530,-0.090422,0.353057
1777047798.578319,4,-0.050200,-0.111970,0.391449
1777047798.578319,5,-0.076037,-0.138090,0.425114
1777047798.578319,6,-0.065727,-0.064205,0.339759
1777047798.578319,7,-0.088723,-0.085696,0.378696
1777047798.578319,8,-0.113156,-0.108452,0.415692
1777047798.578319,9,-0.106221,-0.038435,0.325417
1777047798.578319,10,-0.129631,-0.060797,0.364454
1777047798.578319,11,-0.152650,-0.082047,0.403074
1777047798.645506,0,0.012680,-0.116010,0.366388
1777047798.645506,1,-0.013512,-0.144841,0.397821
1777047798.645506,2,-0.041326,-0.175253,0.430361
1777047798.645506,3,-0.026358,-0.092016,0.351342
1777047798.645506,4,-0.050200,-0.111970,0.391449
1777047798.645506,5,-0.075115,-0.138399,0.425147
1777047798.645506,6,-0.067184,-0.066337,0.337382
1777047798.645506,7,-0.088723,-0.085696,0.378696
1777047798.645506,8,-0.112839,-0.108184,0.415816
1777047798.645506,9,-0.106221,-0.038435,0.325417
1777047798.645506,10,-0.128947,-0.059898,0.365351
1777047798.645506,11,-0.152650,-0.082047,0.403074
1777047798.679100,0,0.012228,-0.117511,0.364757
1777047798.679100,1,-0.013512,-0.144841,0.397821
1777047798.679100,2,-0.041815,-0.177233,0.428851
1777047798.679100,3,-0.026165,-0.091461,0.351834
1777047798.679100,4,-0.049934,-0.111436,0.391656
1777047798.679100,5,-0.075006,-0.138056,0.425279
1777047798.679100,6,-0.065727,-0.064205,0.339759
1777047798.679100,7,-0.088723,-0.085696,0.378696
1777047798.679100,8,-0.113156,-0.108452,0.415692
1777047798.679100,9,-0.107589,-0.039939,0.323416
1777047798.679100,10,-0.129631,-0.060797,0.364454
1777047798.679100,11,-0.152650,-0.082047,0.403074
1777047798.712693,0,0.012680,-0.116010,0.366388
1777047798.712693,1,-0.012666,-0.142376,0.399866
1777047798.712693,2,-0.041070,-0.174936,0.430277
1777047798.712693,3,-0.025532,-0.090372,0.353393
1777047798.712693,4,-0.050200,-0.111970,0.391449
1777047798.712693,5,-0.076526,-0.139223,0.424727
1777047798.712693,6,-0.066356,-0.065328,0.338390
1777047798.712693,7,-0.088992,-0.086442,0.378048
1777047798.712693,8,-0.112735,-0.107842,0.415918
1777047798.712693,9,-0.106221,-0.038435,0.325417
1777047798.712693,10,-0.128454,-0.059436,0.366243
1777047798.712693,11,-0.152650,-0.082047,0.403074
1777047798.746278,0,0.012551,-0.116815,0.365477
1777047798.746278,1,-0.012725,-0.142662,0.399413
1777047798.746278,2,-0.041070,-0.174936,0.430277
1777047798.746278,3,-0.025532,-0.090372,0.353393
1777047798.746278,4,-0.050200,-0.111970,0.391449
1777047798.746278,5,-0.075439,-0.137354,0.425735
1777047798.746278,6,-0.066912,-0.065691,0.337977
1777047798.746278,7,-0.088723,-0.085696,0.378696
1777047798.746278,8,-0.113156,-0.108452,0.415692
1777047798.746278,9,-0.106221,-0.038435,0.325417
1777047798.746278,10,-0.128947,-0.059898,0.365351
1777047798.746278,11,-0.152650,-0.082047,0.403074
1777047798.779873,0,0.012450,-0.116990,0.365500
1777047798.779873,1,-0.012666,-0.142376,0.399866
1777047798.779873,2,-0.041514,-0.176322,0.429305
1777047798.779873,3,-0.025532,-0.090372,0.353393
1777047798.779873,4,-0.050200,-0.111970,0.391449
1777047798.779873,5,-0.075439,-0.137354,0.425735
1777047798.779873,6,-0.066912,-0.065691,0.337977
1777047798.779873,7,-0.088723,-0.085696,0.378696
1777047798.779873,8,-0.113156,-0.108452,0.415692
1777047798.779873,9,-0.106221,-0.038435,0.325417
1777047798.779873,10,-0.128325,-0.059408,0.366180
1777047798.779873,11,-0.152650,-0.082047,0.403074
1777047798.813468,0,0.012228,-0.117511,0.364757
1777047798.813468,1,-0.012666,-0.142376,0.399866
1777047798.813468,2,-0.041070,-0.174936,0.430277
1777047798.813468,3,-0.025532,-0.090372,0.353393
1777047798.813468,4,-0.050200,-0.111970,0.391449
1777047798.813468,5,-0.076037,-0.138090,0.425114
1777047798.813468,6,-0.066734,-0.065786,0.338003
1777047798.813468,7,-0.088723,-0.085696,0.378696
1777047798.813468,8,-0.113156,-0.108452,0.415692
1777047798.813468,9,-0.106221,-0.038435,0.325417
1777047798.813468,10,-0.128947,-0.059898,0.365351
1777047798.813468,11,-0.152650,-0.082047,0.403074
1777047799.317389,0,0.012584,-0.117179,0.365468
1777047799.317389,1,-0.013957,-0.144527,0.398184
1777047799.317389,2,-0.041514,-0.176322,0.429305
1777047799.317389,3,-0.026358,-0.092016,0.351342
1777047799.317389,4,-0.050200,-0.111970,0.391449
1777047799.317389,5,-0.075006,-0.138056,0.425279
1777047799.317389,6,-0.066912,-0.065691,0.337977
1777047799.317389,7,-0.088723,-0.085696,0.378696
1777047799.317389,8,-0.113156,-0.108452,0.415692
1777047799.317389,9,-0.106221,-0.038435,0.325417
1777047799.317389,10,-0.129631,-0.060797,0.364454
1777047799.317389,11,-0.152650,-0.082047,0.403074
1777047799.350983,0,0.012377,-0.116631,0.365742
1777047799.350983,1,-0.012984,-0.143415,0.399064
1777047799.350983,2,-0.041070,-0.174936,0.430277
1777047799.350983,3,-0.026358,-0.092016,0.351342
1777047799.350983,4,-0.050200,-0.111970,0.391449
1777047799.350983,5,-0.075115,-0.138399,0.425147
1777047799.350983,6,-0.067184,-0.066337,0.337382
1777047799.350983,7,-0.088723,-0.085696,0.378696
1777047799.350983,8,-0.113156,-0.108452,0.415692
1777047799.350983,9,-0.106221,-0.038435,0.325417
1777047799.350983,10,-0.128947,-0.059898,0.365351
1777047799.350983,11,-0.152650,-0.082047,0.403074
1777047799.418173,0,0.012450,-0.116990,0.365500
1777047799.418173,1,-0.013231,-0.143914,0.398534
1777047799.418173,2,-0.040892,-0.174296,0.430918
1777047799.418173,3,-0.026494,-0.092321,0.351192
1777047799.418173,4,-0.050200,-0.111970,0.391449
1777047799.418173,5,-0.075500,-0.137682,0.425663
1777047799.418173,6,-0.066912,-0.065691,0.337977
1777047799.418173,7,-0.088992,-0.086442,0.378048
1777047799.418173,8,-0.112839,-0.108184,0.415816
1777047799.418173,9,-0.106364,-0.038258,0.325458
1777047799.418173,10,-0.128947,-0.059898,0.365351
1777047799.418173,11,-0.152650,-0.082047,0.403074
1777047799.451767,0,0.012377,-0.116631,0.365742
1777047799.451767,1,-0.013740,-0.145685,0.397268
1777047799.451767,2,-0.041070,-0.174936,0.430277
1777047799.451767,3,-0.026358,-0.092016,0.351342
1777047799.451767,4,-0.050200,-0.111970,0.391449
1777047799.451767,5,-0.075115,-0.138399,0.425147
1777047799.451767,6,-0.066284,-0.064915,0.338909
1777047799.451767,7,-0.088723,-0.085696,0.378696
1777047799.451767,8,-0.113156,-0.108452,0.415692
1777047799.451767,9,-0.106221,-0.038435,0.325417
1777047799.451767,10,-0.128947,-0.059898,0.365351
1777047799.451767,11,-0.152650,-0.082047,0.403074
1777047799.518956,0,0.012718,-0.116502,0.366012
1777047799.518956,1,-0.013196,-0.144212,0.398547
1777047799.518956,2,-0.041343,-0.176273,0.429307
1777047799.518956,3,-0.026165,-0.091461,0.351834
1777047799.518956,4,-0.050200,-0.111970,0.391449
1777047799.518956,5,-0.075500,-0.137682,0.425663
1777047799.518956,6,-0.067184,-0.066337,0.337382
1777047799.518956,7,-0.088723,-0.085696,0.378696
1777047799.518956,8,-0.113156,-0.108452,0.415692
1777047799.518956,9,-0.106221,-0.038435,0.325417
1777047799.518956,10,-0.127162,-0.058068,0.367947
1777047799.518956,11,-0.152650,-0.082047,0.403074
1777047799.552551,0,0.012377,-0.116631,0.365742
1777047799.552551,1,-0.013740,-0.145685,0.397268
1777047799.552551,2,-0.041380,-0.175875,0.429804
1777047799.552551,3,-0.026358,-0.092016,0.351342
1777047799.552551,4,-0.050200,-0.111970,0.391449
1777047799.552551,5,-0.076501,-0.138963,0.424749
1777047799.552551,6,-0.066912,-0.065691,0.337977
1777047799.552551,7,-0.088992,-0.086442,0.378048
1777047799.552551,8,-0.113156,-0.108452,0.415692
1777047799.552551,9,-0.106221,-0.038435,0.325417
1777047799.552551,10,-0.128736,-0.059412,0.365891
1777047799.552551,11,-0.152650,-0.082047,0.403074
1777047799.619740,0,0.012114,-0.117749,0.364327
1777047799.619740,1,-0.012984,-0.143415,0.399064
1777047799.619740,2,-0.041070,-0.174936,0.430277
1777047799.619740,3,-0.026165,-0.091461,0.351834
1777047799.619740,4,-0.050200,-0.111970,0.391449
1777047799.619740,5,-0.075500,-0.137682,0.425663
1777047799.619740,6,-0.066382,-0.065024,0.338768
1777047799.619740,7,-0.088930,-0.086008,0.378580
1777047799.619740,8,-0.113156,-0.108452,0.415692
1777047799.619740,9,-0.106221,-0.038435,0.325417
1777047799.619740,10,-0.128325,-0.059408,0.366180
1777047799.619740,11,-0.152650,-0.082047,0.403074
1777047799.686929,0,0.012228,-0.117511,0.364757
1777047799.686929,1,-0.013196,-0.144212,0.398547
1777047799.686929,2,-0.041316,-0.173816,0.430884
1777047799.686929,3,-0.026165,-0.091461,0.351834
1777047799.686929,4,-0.049576,-0.112352,0.391189
1777047799.686929,5,-0.076191,-0.138597,0.424911
1777047799.686929,6,-0.066912,-0.065691,0.337977
1777047799.686929,7,-0.088992,-0.086442,0.378048
1777047799.686929,8,-0.112839,-0.108184,0.415816
1777047799.686929,9,-0.106221,-0.038435,0.325417
1777047799.686929,10,-0.129243,-0.060320,0.364756
1777047799.686929,11,-0.153516,-0.082994,0.402454
1777047799.720523,0,0.012006,-0.118901,0.363669
1777047799.720523,1,-0.013196,-0.144212,0.398547
1777047799.720523,2,-0.042131,-0.177890,0.428480
1777047799.720523,3,-0.026384,-0.091941,0.351481
1777047799.720523,4,-0.050200,-0.111970,0.391449
1777047799.720523,5,-0.076526,-0.139223,0.424727
1777047799.720523,6,-0.066284,-0.064915,0.338909
1777047799.720523,7,-0.088992,-0.086442,0.378048
1777047799.720523,8,-0.112839,-0.108184,0.415816
1777047799.720523,9,-0.106221,-0.038435,0.325417
1777047799.720523,10,-0.129631,-0.060797,0.364454
1777047799.720523,11,-0.152182,-0.081381,0.403529
1777047799.787712,0,0.012450,-0.116990,0.365500
1777047799.787712,1,-0.014610,-0.145366,0.397296
1777047799.787712,2,-0.041815,-0.177233,0.428851
1777047799.787712,3,-0.026165,-0.091461,0.351834
1777047799.787712,4,-0.050200,-0.111970,0.391449
1777047799.787712,5,-0.075006,-0.138056,0.425279
1777047799.787712,6,-0.066356,-0.065328,0.338390
1777047799.787712,7,-0.088992,-0.086442,0.378048
1777047799.787712,8,-0.113156,-0.108452,0.415692
1777047799.787712,9,-0.106221,-0.038435,0.325417
1777047799.787712,10,-0.128325,-0.059408,0.366180
1777047799.787712,11,-0.152650,-0.082047,0.403074
1777047799.821306,0,0.012288,-0.117922,0.364464
1777047799.821306,1,-0.014272,-0.144453,0.398108
1777047799.821306,2,-0.041611,-0.177106,0.428898
1777047799.821306,3,-0.026165,-0.091461,0.351834
1777047799.821306,4,-0.049934,-0.111436,0.391656
1777047799.821306,5,-0.076191,-0.138597,0.424911
1777047799.821306,6,-0.066912,-0.065691,0.337977
1777047799.821306,7,-0.088723,-0.085696,0.378696
1777047799.821306,8,-0.113156,-0.108452,0.415692
1777047799.821306,9,-0.106221,-0.038435,0.325417
1777047799.821306,10,-0.128325,-0.059408,0.366180
1777047799.821306,11,-0.152650,-0.082047,0.403074
1777047799.888495,0,0.012450,-0.116990,0.365500
1777047799.888495,1,-0.013196,-0.144212,0.398547
1777047799.888495,2,-0.041815,-0.177233,0.428851
1777047799.888495,3,-0.026165,-0.091461,0.351834
1777047799.888495,4,-0.050200,-0.111970,0.391449
1777047799.888495,5,-0.075006,-0.138056,0.425279
1777047799.888495,6,-0.066284,-0.064915,0.338909
1777047799.888495,7,-0.088992,-0.086442,0.378048
1777047799.888495,8,-0.113156,-0.108452,0.415692
1777047799.888495,9,-0.106221,-0.038435,0.325417
1777047799.888495,10,-0.128325,-0.059408,0.366180
1777047799.888495,11,-0.152650,-0.082047,0.403074
1777047799.955683,0,0.012680,-0.116010,0.366388
1777047799.955683,1,-0.012914,-0.143391,0.398949
1777047799.955683,2,-0.041070,-0.174936,0.430277
1777047799.955683,3,-0.025613,-0.090553,0.353391
1777047799.955683,4,-0.050200,-0.111970,0.391449
1777047799.955683,5,-0.075439,-0.137354,0.425735
1777047799.955683,6,-0.067586,-0.067256,0.336166
1777047799.955683,7,-0.088723,-0.085696,0.378696
1777047799.955683,8,-0.113156,-0.108452,0.415692
1777047799.955683,9,-0.105597,-0.037587,0.326490
1777047799.955683,10,-0.129879,-0.061169,0.363924
1777047799.955683,11,-0.152650,-0.082047,0.403074
1777047800.023086,0,0.012150,-0.118249,0.363944
1777047800.023086,1,-0.012466,-0.141614,0.400356
1777047800.023086,2,-0.041815,-0.177233,0.428851
1777047800.023086,3,-0.026384,-0.091941,0.351481
1777047800.023086,4,-0.049576,-0.112352,0.391189
1777047800.023086,5,-0.075115,-0.138399,0.425147
1777047800.023086,6,-0.066382,-0.065024,0.338768
1777047800.023086,7,-0.088652,-0.085831,0.378545
1777047800.023086,8,-0.113156,-0.108452,0.415692
1777047800.023086,9,-0.106221,-0.038435,0.325417
1777047800.023086,10,-0.129022,-0.060318,0.365268
1777047800.023086,11,-0.152650,-0.082047,0.403074
1777047800.056716,0,0.012234,-0.117337,0.365171
1777047800.056716,1,-0.013196,-0.144212,0.398547
1777047800.056716,2,-0.040629,-0.174335,0.430486
1777047800.056716,3,-0.026494,-0.092321,0.351192
1777047800.056716,4,-0.049576,-0.112352,0.391189
1777047800.056716,5,-0.076191,-0.138597,0.424911
1777047800.056716,6,-0.066912,-0.065691,0.337977
1777047800.056716,7,-0.088652,-0.085831,0.378545
1777047800.056716,8,-0.113156,-0.108452,0.415692
1777047800.056716,9,-0.106221,-0.038435,0.325417
1777047800.056716,10,-0.129879,-0.061169,0.363924
1777047800.056716,11,-0.152650,-0.082047,0.403074
1777047800.123978,0,0.012155,-0.118017,0.364658
1777047800.123978,1,-0.013196,-0.144212,0.398547
1777047800.123978,2,-0.040917,-0.175224,0.430042
1777047800.123978,3,-0.026358,-0.092016,0.351342
1777047800.123978,4,-0.050200,-0.111970,0.391449
1777047800.123978,5,-0.076508,-0.139345,0.424754
1777047800.123978,6,-0.066356,-0.065328,0.338390
1777047800.123978,7,-0.088723,-0.085696,0.378696
1777047800.123978,8,-0.111778,-0.107069,0.416865
1777047800.123978,9,-0.106221,-0.038435,0.325417
1777047800.123978,10,-0.129879,-0.061169,0.363924
1777047800.123978,11,-0.152650,-0.082047,0.403074
1777047800.191241,0,0.012680,-0.116010,0.366388
1777047800.191241,1,-0.013740,-0.145685,0.397268
1777047800.191241,2,-0.041070,-0.174936,0.430277
1777047800.191241,3,-0.026384,-0.091941,0.351481
1777047800.191241,4,-0.050200,-0.111970,0.391449
1777047800.191241,5,-0.075500,-0.137682,0.425663
1777047800.191241,6,-0.067153,-0.066366,0.337106
1777047800.191241,7,-0.088992,-0.086442,0.378048
1777047800.191241,8,-0.113156,-0.108452,0.415692
1777047800.191241,9,-0.106221,-0.038435,0.325417
1777047800.191241,10,-0.128947,-0.059898,0.365351
1777047800.191241,11,-0.152182,-0.081381,0.403529
1777047800.224873,0,0.012718,-0.116502,0.366012
1777047800.224873,1,-0.013196,-0.144212,0.398547
1777047800.224873,2,-0.040917,-0.175224,0.430042
1777047800.224873,3,-0.026165,-0.091461,0.351834
1777047800.224873,4,-0.050200,-0.111970,0.391449
1777047800.224873,5,-0.075500,-0.137682,0.425663
1777047800.224873,6,-0.067184,-0.066337,0.337382
1777047800.224873,7,-0.088992,-0.086442,0.378048
1777047800.224873,8,-0.112839,-0.108184,0.415816
1777047800.224873,9,-0.106221,-0.038435,0.325417
1777047800.224873,10,-0.129779,-0.060631,0.364484
1777047800.224873,11,-0.153516,-0.082994,0.402454
1777047800.292137,0,0.012150,-0.118249,0.363944
1777047800.292137,1,-0.013512,-0.144841,0.397821
1777047800.292137,2,-0.041380,-0.175875,0.429804
1777047800.292137,3,-0.026358,-0.092016,0.351342
1777047800.292137,4,-0.049576,-0.112352,0.391189
1777047800.292137,5,-0.075115,-0.138399,0.425147
1777047800.292137,6,-0.066912,-0.065691,0.337977
1777047800.292137,7,-0.088992,-0.086442,0.378048
1777047800.292137,8,-0.113156,-0.108452,0.415692
1777047800.292137,9,-0.105597,-0.037587,0.326490
1777047800.292137,10,-0.128947,-0.059898,0.365351
1777047800.292137,11,-0.152650,-0.082047,0.403074
1777047800.359402,0,0.012468,-0.117571,0.364647
1777047800.359402,1,-0.013740,-0.145685,0.397268
1777047800.359402,2,-0.041815,-0.177233,0.428851
1777047800.359402,3,-0.026165,-0.091461,0.351834
1777047800.359402,4,-0.050200,-0.111970,0.391449
1777047800.359402,5,-0.076191,-0.138597,0.424911
1777047800.359402,6,-0.067153,-0.066366,0.337106
1777047800.359402,7,-0.088723,-0.085696,0.378696
1777047800.359402,8,-0.113156,-0.108452,0.415692
1777047800.359402,9,-0.106221,-0.038435,0.325417
1777047800.359402,10,-0.129243,-0.060320,0.364756
1777047800.359402,11,-0.152650,-0.082047,0.403074
1777047800.729373,0,0.012718,-0.116502,0.366012
1777047800.729373,1,-0.012984,-0.143415,0.399064
1777047800.729373,2,-0.040479,-0.173852,0.431004
1777047800.729373,3,-0.026384,-0.091941,0.351481
1777047800.729373,4,-0.050200,-0.111970,0.391449
1777047800.729373,5,-0.076037,-0.138090,0.425114
1777047800.729373,6,-0.066284,-0.064915,0.338909
1777047800.729373,7,-0.088992,-0.086442,0.378048
1777047800.729373,8,-0.113156,-0.108452,0.415692
1777047800.729373,9,-0.106221,-0.038435,0.325417
1777047800.729373,10,-0.129243,-0.060320,0.364756
1777047800.729373,11,-0.152650,-0.082047,0.403074
1777047800.763008,0,0.012470,-0.116929,0.365174
1777047800.763008,1,-0.013377,-0.143932,0.398860
1777047800.763008,2,-0.041514,-0.176322,0.429305
1777047800.763008,3,-0.025384,-0.089909,0.353780
1777047800.763008,4,-0.050200,-0.111970,0.391449
1777047800.763008,5,-0.076191,-0.138597,0.424911
1777047800.763008,6,-0.067153,-0.066366,0.337106
1777047800.763008,7,-0.088723,-0.085696,0.378696
1777047800.763008,8,-0.113156,-0.108452,0.415692
1777047800.763008,9,-0.106221,-0.038435,0.325417
1777047800.763008,10,-0.128947,-0.059898,0.365351
1777047800.763008,11,-0.152650,-0.082047,0.403074
1777047800.863869,0,0.012377,-0.116631,0.365742
1777047800.863869,1,-0.014610,-0.145366,0.397296
1777047800.863869,2,-0.041070,-0.174936,0.430277
1777047800.863869,3,-0.026165,-0.091461,0.351834
1777047800.863869,4,-0.050200,-0.111970,0.391449
1777047800.863869,5,-0.076191,-0.138597,0.424911
1777047800.863869,6,-0.067153,-0.066366,0.337106
1777047800.863869,7,-0.088992,-0.086442,0.378048
1777047800.863869,8,-0.113156,-0.108452,0.415692
1777047800.863869,9,-0.106364,-0.038258,0.325458
1777047800.863869,10,-0.129022,-0.060318,0.365268
1777047800.863869,11,-0.152650,-0.082047,0.403074
1777047800.931069,0,0.012228,-0.117511,0.364757
1777047800.931069,1,-0.013146,-0.143147,0.399415
1777047800.931069,2,-0.041070,-0.174936,0.430277
1777047800.931069,3,-0.026165,-0.091461,0.351834
1777047800.931069,4,-0.049934,-0.111436,0.391656
1777047800.931069,5,-0.076191,-0.138597,0.424911
1777047800.931069,6,-0.066284,-0.064915,0.338909
1777047800.931069,7,-0.088366,-0.085420,0.379226
1777047800.931069,8,-0.112047,-0.107273,0.416793
1777047800.931069,9,-0.106221,-0.038435,0.325417
1777047800.931069,10,-0.128947,-0.059898,0.365351
1777047800.931069,11,-0.152650,-0.082047,0.403074
1777047800.964668,0,0.012718,-0.116502,0.366012
1777047800.964668,1,-0.013176,-0.143893,0.398983
1777047800.964668,2,-0.041380,-0.175875,0.429804
1777047800.964668,3,-0.026165,-0.091461,0.351834
1777047800.964668,4,-0.050200,-0.111970,0.391449
1777047800.964668,5,-0.075439,-0.137354,0.425735
1777047800.964668,6,-0.067153,-0.066366,0.337106
1777047800.964668,7,-0.088992,-0.086442,0.378048
1777047800.964668,8,-0.112735,-0.107842,0.415918
1777047800.964668,9,-0.106221,-0.038435,0.325417
1777047800.964668,10,-0.129631,-0.060797,0.364454
1777047800.964668,11,-0.153516,-0.082994,0.402454
1777047800.998259,0,0.011982,-0.118562,0.363407
1777047800.998259,1,-0.013821,-0.142790,0.399350
1777047800.998259,2,-0.041380,-0.175875,0.429804
1777047800.998259,3,-0.026384,-0.091941,0.351481
1777047800.998259,4,-0.050200,-0.111970,0.391449
1777047800.998259,5,-0.076037,-0.138090,0.425114
1777047800.998259,6,-0.067586,-0.067256,0.336166
1777047800.998259,7,-0.088652,-0.085831,0.378545
1777047800.998259,8,-0.113156,-0.108452,0.415692
1777047800.998259,9,-0.106221,-0.038435,0.325417
1777047800.998259,10,-0.128104,-0.059004,0.366492
1777047800.998259,11,-0.152650,-0.082047,0.403074
1777047801.065441,0,0.012670,-0.116236,0.365985
1777047801.065441,1,-0.012725,-0.142662,0.399413
1777047801.065441,2,-0.041070,-0.174936,0.430277
1777047801.065441,3,-0.025537,-0.090246,0.353596
1777047801.065441,4,-0.050200,-0.111970,0.391449
1777047801.065441,5,-0.076191,-0.138597,0.424911
1777047801.065441,6,-0.066356,-0.065328,0.338390
1777047801.065441,7,-0.088992,-0.086442,0.378048
1777047801.065441,8,-0.112047,-0.107273,0.416793
1777047801.065441,9,-0.107589,-0.039939,0.323416
1777047801.065441,10,-0.129879,-0.061169,0.363924
1777047801.065441,11,-0.152650,-0.082047,0.403074
1777047801.099032,0,0.012031,-0.117969,0.364104
1777047801.099032,1,-0.014420,-0.144521,0.397816
1777047801.099032,2,-0.041070,-0.174936,0.430277
1777047801.099032,3,-0.026358,-0.092016,0.351342
1777047801.099032,4,-0.049934,-0.111436,0.391656
1777047801.099032,5,-0.075500,-0.137682,0.425663
1777047801.099032,6,-0.067153,-0.066366,0.337106
1777047801.099032,7,-0.088992,-0.086442,0.378048
1777047801.099032,8,-0.113156,-0.108452,0.415692
1777047801.099032,9,-0.106221,-0.038435,0.325417
1777047801.099032,10,-0.129879,-0.061169,0.363924
1777047801.099032,11,-0.153516,-0.082994,0.402454
1777047801.166214,0,0.012002,-0.119127,0.362958
1777047801.166214,1,-0.013196,-0.144212,0.398547
1777047801.166214,2,-0.040185,-0.172942,0.431461
1777047801.166214,3,-0.025532,-0.090372,0.353393
1777047801.166214,4,-0.050200,-0.111970,0.391449
1777047801.166214,5,-0.076191,-0.138597,0.424911
1777047801.166214,6,-0.066734,-0.065786,0.338003
1777047801.166214,7,-0.088992,-0.086442,0.378048
1777047801.166214,8,-0.113156,-0.108452,0.415692
1777047801.166214,9,-0.106221,-0.038435,0.325417
1777047801.166214,10,-0.128434,-0.059207,0.366260
1777047801.166214,11,-0.152650,-0.082047,0.403074
1777047801.233395,0,0.012718,-0.116502,0.366012
1777047801.233395,1,-0.014227,-0.143802,0.398609
1777047801.233395,2,-0.040185,-0.172942,0.431461
1777047801.233395,3,-0.026165,-0.091461,0.351834
1777047801.233395,4,-0.049576,-0.112352,0.391189
1777047801.233395,5,-0.076526,-0.139223,0.424727
1777047801.233395,6,-0.067153,-0.066366,0.337106
1777047801.233395,7,-0.088992,-0.086442,0.378048
1777047801.233395,8,-0.113156,-0.108452,0.415692
1777047801.233395,9,-0.106221,-0.038435,0.325417
1777047801.233395,10,-0.128947,-0.059898,0.365351
1777047801.233395,11,-0.152650,-0.082047,0.403074
1777047801.300577,0,0.012584,-0.117179,0.365468
1777047801.300577,1,-0.013196,-0.144212,0.398547
1777047801.300577,2,-0.040629,-0.174335,0.430486
1777047801.300577,3,-0.026358,-0.092016,0.351342
1777047801.300577,4,-0.050200,-0.111970,0.391449
1777047801.300577,5,-0.075500,-0.137682,0.425663
1777047801.300577,6,-0.065727,-0.064205,0.339759
1777047801.300577,7,-0.088723,-0.085696,0.378696
1777047801.300577,8,-0.113346,-0.109060,0.415020
1777047801.300577,9,-0.106221,-0.038435,0.325417
1777047801.300577,10,-0.129631,-0.060797,0.364454
1777047801.300577,11,-0.152650,-0.082047,0.403074
1777047801.367758,0,0.012002,-0.119127,0.362958
1777047801.367758,1,-0.012666,-0.142376,0.399866
1777047801.367758,2,-0.041070,-0.174936,0.430277
1777047801.367758,3,-0.026165,-0.091461,0.351834
1777047801.367758,4,-0.049934,-0.111436,0.391656
1777047801.367758,5,-0.075500,-0.137682,0.425663
1777047801.367758,6,-0.067153,-0.066366,0.337106
1777047801.367758,7,-0.088723,-0.085696,0.378696
1777047801.367758,8,-0.112047,-0.107273,0.416793
1777047801.367758,9,-0.106221,-0.038435,0.325417
1777047801.367758,10,-0.129243,-0.060320,0.364756
1777047801.367758,11,-0.152650,-0.082047,0.403074
1777047801.434939,0,0.012450,-0.116990,0.365500
1777047801.434939,1,-0.014272,-0.144453,0.398108
1777047801.434939,2,-0.041029,-0.175119,0.429843
1777047801.434939,3,-0.026358,-0.092016,0.351342
1777047801.434939,4,-0.050200,-0.111970,0.391449
1777047801.434939,5,-0.075115,-0.138399,0.425147
1777047801.434939,6,-0.066912,-0.065691,0.337977
1777047801.434939,7,-0.088723,-0.085696,0.378696
1777047801.434939,8,-0.112047,-0.107273,0.416793
1777047801.434939,9,-0.106221,-0.038435,0.325417
1777047801.434939,10,-0.129243,-0.060320,0.364756
1777047801.434939,11,-0.152650,-0.082047,0.403074
1777047801.502119,0,0.012114,-0.117749,0.364327
1777047801.502119,1,-0.012201,-0.140284,0.401691
1777047801.502119,2,-0.041514,-0.176322,0.429305
1777047801.502119,3,-0.026358,-0.092016,0.351342
1777047801.502119,4,-0.049934,-0.111436,0.391656
1777047801.502119,5,-0.076191,-0.138597,0.424911
1777047801.502119,6,-0.065727,-0.064205,0.339759
1777047801.502119,7,-0.088723,-0.085696,0.378696
1777047801.502119,8,-0.113156,-0.108452,0.415692
1777047801.502119,9,-0.106221,-0.038435,0.325417
1777047801.502119,10,-0.129312,-0.060286,0.364900
1777047801.502119,11,-0.152650,-0.082047,0.403074
1777047801.535710,0,0.012718,-0.116502,0.366012
1777047801.535710,1,-0.013196,-0.144212,0.398547
1777047801.535710,2,-0.040185,-0.172942,0.431461
1777047801.535710,3,-0.026165,-0.091461,0.351834
1777047801.535710,4,-0.050200,-0.111970,0.391449
1777047801.535710,5,-0.075500,-0.137682,0.425663
1777047801.535710,6,-0.067184,-0.066337,0.337382
1777047801.535710,7,-0.088723,-0.085696,0.378696
1777047801.535710,8,-0.113156,-0.108452,0.415692
1777047801.535710,9,-0.106221,-0.038435,0.325417
1777047801.535710,10,-0.128454,-0.059436,0.366243
1777047801.535710,11,-0.152650,-0.082047,0.403074
1777047801.602890,0,0.012558,-0.117901,0.364347
1777047801.602890,1,-0.013740,-0.145685,0.397268
1777047801.602890,2,-0.041380,-0.175875,0.429804
1777047801.602890,3,-0.026358,-0.092016,0.351342
1777047801.602890,4,-0.049576,-0.112352,0.391189
1777047801.602890,5,-0.075115,-0.138399,0.425147
1777047801.602890,6,-0.066284,-0.064915,0.338909
1777047801.602890,7,-0.088992,-0.086442,0.378048
1777047801.602890,8,-0.113156,-0.108452,0.415692
1777047801.602890,9,-0.106221,-0.038435,0.325417
1777047801.602890,10,-0.129243,-0.060320,0.364756
1777047801.602890,11,-0.152650,-0.082047,0.403074
1777047801.670071,0,0.012450,-0.116990,0.365500
1777047801.670071,1,-0.012666,-0.142376,0.399866
1777047801.670071,2,-0.041380,-0.175875,0.429804
1777047801.670071,3,-0.025532,-0.090372,0.353393
1777047801.670071,4,-0.049934,-0.111436,0.391656
1777047801.670071,5,-0.076191,-0.138597,0.424911
1777047801.670071,6,-0.066912,-0.065691,0.337977
1777047801.670071,7,-0.088992,-0.086442,0.378048
1777047801.670071,8,-0.113156,-0.108452,0.415692
1777047801.670071,9,-0.106221,-0.038435,0.325417
1777047801.670071,10,-0.128947,-0.059898,0.365351
1777047801.670071,11,-0.152650,-0.082047,0.403074
1777047801.703661,0,0.012718,-0.116502,0.366012
1777047801.703661,1,-0.012666,-0.142376,0.399866
1777047801.703661,2,-0.041815,-0.177233,0.428851
1777047801.703661,3,-0.026165,-0.091461,0.351834
1777047801.703661,4,-0.050200,-0.111970,0.391449
1777047801.703661,5,-0.075006,-0.138056,0.425279
1777047801.703661,6,-0.066912,-0.065691,0.337977
1777047801.703661,7,-0.088723,-0.085696,0.378696
1777047801.703661,8,-0.113156,-0.108452,0.415692
1777047801.703661,9,-0.106221,-0.038435,0.325417
1777047801.703661,10,-0.129243,-0.060320,0.364756
1777047801.703661,11,-0.152650,-0.082047,0.403074
1777047801.770841,0,0.012299,-0.117728,0.364897
1777047801.770841,1,-0.012984,-0.143415,0.399064
1777047801.770841,2,-0.040479,-0.173852,0.431004
1777047801.770841,3,-0.026358,-0.092016,0.351342
1777047801.770841,4,-0.050200,-0.111970,0.391449
1777047801.770841,5,-0.075886,-0.138230,0.425647
1777047801.770841,6,-0.067153,-0.066366,0.337106
1777047801.770841,7,-0.088992,-0.086442,0.378048
1777047801.770841,8,-0.112839,-0.108184,0.415816
1777047801.770841,9,-0.106221,-0.038435,0.325417
1777047801.770841,10,-0.129631,-0.060797,0.364454
1777047801.770841,11,-0.152650,-0.082047,0.403074
1777047801.838021,0,0.012680,-0.116010,0.366388
1777047801.838021,1,-0.012666,-0.142376,0.399866
1777047801.838021,2,-0.041514,-0.176322,0.429305
1777047801.838021,3,-0.026165,-0.091461,0.351834
1777047801.838021,4,-0.050200,-0.111970,0.391449
1777047801.838021,5,-0.076191,-0.138597,0.424911
1777047801.838021,6,-0.065727,-0.064205,0.339759
1777047801.838021,7,-0.088723,-0.085696,0.378696
1777047801.838021,8,-0.111637,-0.106196,0.417460
1777047801.838021,9,-0.106221,-0.038435,0.325417
1777047801.838021,10,-0.129631,-0.060797,0.364454
1777047801.838021,11,-0.152650,-0.082047,0.403074
1777047801.905200,0,0.012288,-0.117922,0.364464
1777047801.905200,1,-0.014293,-0.145177,0.397358
1777047801.905200,2,-0.041070,-0.174936,0.430277
1777047801.905200,3,-0.026384,-0.091941,0.351481
1777047801.905200,4,-0.050200,-0.111970,0.391449
1777047801.905200,5,-0.076526,-0.139223,0.424727
1777047801.905200,6,-0.066734,-0.065786,0.338003
1777047801.905200,7,-0.088992,-0.086442,0.378048
1777047801.905200,8,-0.113156,-0.108452,0.415692
1777047801.905200,9,-0.106221,-0.038435,0.325417
1777047801.905200,10,-0.130444,-0.061601,0.363169
1777047801.905200,11,-0.152650,-0.082047,0.403074
1777047801.938790,0,0.012288,-0.117922,0.364464
1777047801.938790,1,-0.012666,-0.142376,0.399866
1777047801.938790,2,-0.041264,-0.175953,0.429629
1777047801.938790,3,-0.026165,-0.091461,0.351834
1777047801.938790,4,-0.049969,-0.111490,0.391805
1777047801.938790,5,-0.075439,-0.137354,0.425735
1777047801.938790,6,-0.066284,-0.064915,0.338909
1777047801.938790,7,-0.088992,-0.086442,0.378048
1777047801.938790,8,-0.112735,-0.107842,0.415918
1777047801.938790,9,-0.106221,-0.038435,0.325417
1777047801.938790,10,-0.129243,-0.060320,0.364756
1777047801.938790,11,-0.153516,-0.082994,0.402454
1777047802.005972,0,0.012680,-0.116010,0.366388
1777047802.005972,1,-0.014420,-0.144521,0.397816
1777047802.005972,2,-0.041380,-0.175875,0.429804
1777047802.005972,3,-0.026358,-0.092016,0.351342
1777047802.005972,4,-0.050200,-0.111970,0.391449
1777047802.005972,5,-0.075500,-0.137682,0.425663
1777047802.005972,6,-0.066356,-0.065328,0.338390
1777047802.005972,7,-0.088992,-0.086442,0.378048
1777047802.005972,8,-0.113156,-0.108452,0.415692
1777047802.005972,9,-0.106221,-0.038435,0.325417
1777047802.005972,10,-0.128325,-0.059408,0.366180
1777047802.005972,11,-0.152650,-0.082047,0.403074
1777047802.073151,0,0.012150,-0.118249,0.363944
1777047802.073151,1,-0.013231,-0.143914,0.398534
1777047802.073151,2,-0.041070,-0.174936,0.430277
1777047802.073151,3,-0.026358,-0.092016,0.351342
1777047802.073151,4,-0.050200,-0.111970,0.391449
1777047802.073151,5,-0.075500,-0.137682,0.425663
1777047802.073151,6,-0.067586,-0.067256,0.336166
1777047802.073151,7,-0.088723,-0.085696,0.378696
1777047802.073151,8,-0.111637,-0.106196,0.417460
1777047802.073151,9,-0.106221,-0.038435,0.325417
1777047802.073151,10,-0.128947,-0.059898,0.365351
1777047802.073151,11,-0.152650,-0.082047,0.403074
1777047802.140331,0,0.012377,-0.116631,0.365742
1777047802.140331,1,-0.014272,-0.144453,0.398108
1777047802.140331,2,-0.041514,-0.176322,0.429305
1777047802.140331,3,-0.025384,-0.089909,0.353780
1777047802.140331,4,-0.050200,-0.111970,0.391449
1777047802.140331,5,-0.076191,-0.138597,0.424911
1777047802.140331,6,-0.066284,-0.064915,0.338909
1777047802.140331,7,-0.088723,-0.085696,0.378696
1777047802.140331,8,-0.113156,-0.108452,0.415692
1777047802.140331,9,-0.105713,-0.037385,0.326576
1777047802.140331,10,-0.129631,-0.060797,0.364454
1777047802.140331,11,-0.152182,-0.081381,0.403529
1777047802.207510,0,0.012228,-0.117511,0.364757
1777047802.207510,1,-0.013196,-0.144212,0.398547
1777047802.207510,2,-0.041380,-0.175875,0.429804
1777047802.207510,3,-0.026358,-0.092016,0.351342
1777047802.207510,4,-0.050200,-0.111970,0.391449
1777047802.207510,5,-0.076191,-0.138597,0.424911
1777047802.207510,6,-0.067586,-0.067256,0.336166
1777047802.207510,7,-0.088723,-0.085696,0.378696
1777047802.207510,8,-0.113156,-0.108452,0.415692
1777047802.207510,9,-0.106221,-0.038435,0.325417
1777047802.207510,10,-0.129879,-0.061169,0.363924
1777047802.207510,11,-0.152650,-0.082047,0.403074
1777047802.274688,0,0.012288,-0.117922,0.364464
1777047802.274688,1,-0.014610,-0.145366,0.397296
1777047802.274688,2,-0.040185,-0.172942,0.431461
1777047802.274688,3,-0.026358,-0.092016,0.351342
1777047802.274688,4,-0.049934,-0.111436,0.391656
1777047802.274688,5,-0.076577,-0.139156,0.424620
1777047802.274688,6,-0.066912,-0.065691,0.337977
1777047802.274688,7,-0.088723,-0.085696,0.378696
1777047802.274688,8,-0.113156,-0.108452,0.415692
1777047802.274688,9,-0.106221,-0.038435,0.325417
1777047802.274688,10,-0.129243,-0.060320,0.364756
1777047802.274688,11,-0.152650,-0.082047,0.403074
1777047802.341867,0,0.012092,-0.118192,0.364210
1777047802.341867,1,-0.013938,-0.146081,0.397000
1777047802.341867,2,-0.041070,-0.174936,0.430277
1777047802.341867,3,-0.026384,-0.091941,0.351481
1777047802.341867,4,-0.050200,-0.111970,0.391449
1777047802.341867,5,-0.075500,-0.137682,0.425663
1777047802.341867,6,-0.067153,-0.066366,0.337106
1777047802.341867,7,-0.088723,-0.085696,0.378696
1777047802.341867,8,-0.112047,-0.107273,0.416793
1777047802.341867,9,-0.106221,-0.038435,0.325417
1777047802.341867,10,-0.128947,-0.059898,0.365351
1777047802.341867,11,-0.152650,-0.082047,0.403074
1777047802.375457,0,0.012718,-0.116502,0.366012
1777047802.375457,1,-0.013464,-0.141953,0.399895
1777047802.375457,2,-0.041153,-0.175929,0.429622
1777047802.375457,3,-0.026358,-0.092016,0.351342
1777047802.375457,4,-0.050200,-0.111970,0.391449
1777047802.375457,5,-0.075006,-0.138056,0.425279
1777047802.375457,6,-0.066912,-0.065691,0.337977
1777047802.375457,7,-0.088723,-0.085696,0.378696
1777047802.375457,8,-0.112047,-0.107273,0.416793
1777047802.375457,9,-0.106364,-0.038258,0.325458
1777047802.375457,10,-0.129243,-0.060320,0.364756
1777047802.375457,11,-0.152650,-0.082047,0.403074
1777047802.442635,0,0.012718,-0.116502,0.366012
1777047802.442635,1,-0.013740,-0.145685,0.397268
1777047802.442635,2,-0.040629,-0.174335,0.430486
1777047802.442635,3,-0.026358,-0.092016,0.351342
1777047802.442635,4,-0.050200,-0.111970,0.391449
1777047802.442635,5,-0.075115,-0.138399,0.425147
1777047802.442635,6,-0.066356,-0.065328,0.338390
1777047802.442635,7,-0.088992,-0.086442,0.378048
1777047802.442635,8,-0.112839,-0.108184,0.415816
1777047802.442635,9,-0.106817,-0.039261,0.324387
1777047802.442635,10,-0.129631,-0.060797,0.364454
1777047802.442635,11,-0.152650,-0.082047,0.403074
1777047802.509813,0,0.012520,-0.116967,0.365353
1777047802.509813,1,-0.013231,-0.143914,0.398534
1777047802.509813,2,-0.041070,-0.174936,0.430277
1777047802.509813,3,-0.026165,-0.091461,0.351834
1777047802.509813,4,-0.050200,-0.111970,0.391449
1777047802.509813,5,-0.076191,-0.138597,0.424911
1777047802.509813,6,-0.066912,-0.065691,0.337977
1777047802.509813,7,-0.088992,-0.086442,0.378048
1777047802.509813,8,-0.112839,-0.108184,0.415816
1777047802.509813,9,-0.106221,-0.038435,0.325417
1777047802.509813,10,-0.129022,-0.060318,0.365268
1777047802.509813,11,-0.152650,-0.082047,0.403074
1777047802.576991,0,0.012450,-0.116990,0.365500
1777047802.576991,1,-0.013828,-0.142804,0.399314
1777047802.576991,2,-0.041070,-0.174936,0.430277
1777047802.576991,3,-0.025532,-0.090372,0.353393
1777047802.576991,4,-0.050200,-0.111970,0.391449
1777047802.576991,5,-0.075006,-0.138056,0.425279
1777047802.576991,6,-0.065727,-0.064205,0.339759
1777047802.576991,7,-0.088992,-0.086442,0.378048
1777047802.576991,8,-0.112839,-0.108184,0.415816
1777047802.576991,9,-0.105597,-0.037587,0.326490
1777047802.576991,10,-0.129631,-0.060797,0.364454
1777047802.576991,11,-0.152650,-0.082047,0.403074
1777047802.644168,0,0.012470,-0.116929,0.365174
1777047802.644168,1,-0.012914,-0.143391,0.398949
1777047802.644168,2,-0.041070,-0.174936,0.430277
1777047802.644168,3,-0.026384,-0.091941,0.351481
1777047802.644168,4,-0.050200,-0.111970,0.391449
1777047802.644168,5,-0.076191,-0.138597,0.424911
1777047802.644168,6,-0.067153,-0.066366,0.337106
1777047802.644168,7,-0.088992,-0.086442,0.378048
1777047802.644168,8,-0.113156,-0.108452,0.415692
1777047802.644168,9,-0.106364,-0.038258,0.325458
1777047802.644168,10,-0.129879,-0.061169,0.363924
1777047802.644168,11,-0.152650,-0.082047,0.403074
1777047802.980055,0,0.012377,-0.116631,0.365742
1777047802.980055,1,-0.012666,-0.142376,0.399866
1777047802.980055,2,-0.041380,-0.175875,0.429804
1777047802.980055,3,-0.025532,-0.090372,0.353393
1777047802.980055,4,-0.049576,-0.112352,0.391189
1777047802.980055,5,-0.076191,-0.138597,0.424911
1777047802.980055,6,-0.066284,-0.064915,0.338909
1777047802.980055,7,-0.088723,-0.085696,0.378696
1777047802.980055,8,-0.113156,-0.108452,0.415692
1777047802.980055,9,-0.106221,-0.038435,0.325417
1777047802.980055,10,-0.128736,-0.059412,0.365891
1777047802.980055,11,-0.152650,-0.082047,0.403074
1777047803.013294,0,0.012584,-0.117179,0.365468
1777047803.013294,1,-0.013231,-0.143914,0.398534
1777047803.013294,2,-0.041380,-0.175875,0.429804
1777047803.013294,3,-0.025537,-0.090246,0.353596
1777047803.013294,4,-0.050200,-0.111970,0.391449
1777047803.013294,5,-0.075788,-0.138056,0.425506
1777047803.013294,6,-0.067153,-0.066366,0.337106
1777047803.013294,7,-0.088723,-0.085696,0.378696
1777047803.013294,8,-0.112839,-0.108184,0.415816
1777047803.013294,9,-0.105597,-0.037587,0.326490
1777047803.013294,10,-0.128325,-0.059408,0.366180
1777047803.013294,11,-0.152650,-0.082047,0.403074
1777047803.047255,0,0.012369,-0.117479,0.364756
1777047803.047255,1,-0.013231,-0.143914,0.398534
1777047803.047255,2,-0.041514,-0.176322,0.429305
1777047803.047255,3,-0.026358,-0.092016,0.351342
1777047803.047255,4,-0.049934,-0.111436,0.391656
1777047803.047255,5,-0.075500,-0.137682,0.425663
1777047803.047255,6,-0.066915,-0.065864,0.337825
1777047803.047255,7,-0.088723,-0.085696,0.378696
1777047803.047255,8,-0.113156,-0.108452,0.415692
1777047803.047255,9,-0.106221,-0.038435,0.325417
1777047803.047255,10,-0.128947,-0.059898,0.365351
1777047803.047255,11,-0.152650,-0.082047,0.403074
1777047803.081218,0,0.013278,-0.114379,0.368025
1777047803.081218,1,-0.012281,-0.141213,0.400823
1777047803.081218,2,-0.041313,-0.175926,0.429782
1777047803.081218,3,-0.026334,-0.091931,0.351655
1777047803.081218,4,-0.049761,-0.111049,0.392126
1777047803.081218,5,-0.076003,-0.138213,0.425390
1777047803.081218,6,-0.066763,-0.065317,0.338443
1777047803.081218,7,-0.088561,-0.085324,0.379169
1777047803.081218,8,-0.112979,-0.108082,0.416172
1777047803.081218,9,-0.106084,-0.038075,0.325886
1777047803.081218,10,-0.129727,-0.060812,0.364401
1777047803.081218,11,-0.152485,-0.081692,0.403558
1777047803.115185,0,0.013149,-0.115341,0.367376
1777047803.115185,1,-0.012605,-0.139940,0.402140
1777047803.115185,2,-0.041402,-0.175135,0.431070
1777047803.115185,3,-0.024698,-0.088482,0.355614
1777047803.115185,4,-0.049041,-0.109628,0.394071
1777047803.115185,5,-0.075007,-0.136263,0.427430
1777047803.115185,6,-0.064974,-0.062429,0.341999
1777047803.115185,7,-0.088142,-0.084691,0.380332
1777047803.115185,8,-0.112211,-0.106728,0.418021
1777047803.115185,9,-0.105547,-0.036774,0.327677
1777047803.115185,10,-0.128860,-0.059160,0.366758
1777047803.115185,11,-0.151785,-0.080435,0.405421
1777047803.149153,0,0.014759,-0.112533,0.369384
1777047803.149153,1,-0.011790,-0.140087,0.402279
1777047803.149153,2,-0.038629,-0.171584,0.434130
1777047803.149153,3,-0.024315,-0.087912,0.355336
1777047803.149153,4,-0.047959,-0.107886,0.395551
1777047803.149153,5,-0.073312,-0.134027,0.429740
1777047803.149153,6,-0.064520,-0.061558,0.342342
1777047803.149153,7,-0.086686,-0.081935,0.382755
1777047803.149153,8,-0.110486,-0.104113,0.420093
1777047803.149153,9,-0.104594,-0.034998,0.329326
1777047803.149153,10,-0.127790,-0.057381,0.368480
1777047803.149153,11,-0.150603,-0.078652,0.407211
1777047803.183124,0,0.016197,-0.108710,0.371750
1777047803.183124,1,-0.008468,-0.134642,0.406007
1777047803.183124,2,-0.036841,-0.168841,0.435616
1777047803.183124,3,-0.022681,-0.084080,0.357810
1777047803.183124,4,-0.046395,-0.104743,0.397538
1777047803.183124,5,-0.071849,-0.131062,0.431338
1777047803.183124,6,-0.062602,-0.057370,0.345697
1777047803.183124,7,-0.085266,-0.079005,0.384748
1777047803.183124,8,-0.109353,-0.101930,0.421866
1777047803.183124,9,-0.103439,-0.032165,0.331323
1777047803.183124,10,-0.125344,-0.053294,0.372261
1777047803.183124,11,-0.149197,-0.076072,0.409213
1777047803.217097,0,0.017719,-0.105322,0.373692
1777047803.217097,1,-0.008681,-0.134421,0.405407
1777047803.217097,2,-0.033686,-0.162327,0.439727
1777047803.217097,3,-0.020693,-0.079680,0.361516
1777047803.217097,4,-0.044886,-0.101703,0.399499
1777047803.217097,5,-0.070326,-0.128669,0.433113
1777047803.217097,6,-0.062017,-0.055265,0.346668
1777047803.217097,7,-0.083905,-0.076186,0.386718
1777047803.217097,8,-0.107851,-0.099239,0.423847
1777047803.217097,9,-0.102359,-0.029460,0.333290
1777047803.217097,10,-0.124684,-0.051600,0.373269
1777047803.217097,11,-0.147843,-0.073609,0.411203
1777047803.251072,0,0.017460,-0.106894,0.372167
1777047803.251072,1,-0.006601,-0.130619,0.408449
1777047803.251072,2,-0.034831,-0.165287,0.438084
1777047803.251072,3,-0.020685,-0.079807,0.361313
1777047803.251072,4,-0.044255,-0.102074,0.399239
1777047803.251072,5,-0.069649,-0.127739,0.433860
1777047803.251072,6,-0.061986,-0.055571,0.346291
1777047803.251072,7,-0.083905,-0.076186,0.386718
1777047803.251072,8,-0.107851,-0.099239,0.423847
1777047803.251072,9,-0.102359,-0.029460,0.333290
1777047803.251072,10,-0.124617,-0.051178,0.373349
1777047803.251072,11,-0.147912,-0.073455,0.411671
1777047803.760987,0,0.017293,-0.106907,0.371391
1777047803.760987,1,-0.008029,-0.134536,0.405174
1777047803.760987,2,-0.034482,-0.164332,0.437996
1777047803.760987,3,-0.021297,-0.080553,0.359396
1777047803.760987,4,-0.044333,-0.099923,0.400359
1777047803.760987,5,-0.070700,-0.128765,0.432437
1777047803.760987,6,-0.062036,-0.055276,0.346095
1777047803.760987,7,-0.083751,-0.075643,0.386306
1777047803.760987,8,-0.108186,-0.099433,0.422618
1777047803.760987,9,-0.103914,-0.031079,0.329961
1777047803.760987,10,-0.126079,-0.052575,0.370823
1777047803.760987,11,-0.147427,-0.074090,0.409795
1777047803.829016,0,0.017235,-0.105729,0.371316
1777047803.829016,1,-0.007686,-0.132003,0.405546
1777047803.829016,2,-0.035415,-0.165151,0.435618
1777047803.829016,3,-0.022455,-0.080621,0.358130
1777047803.829016,4,-0.045033,-0.100081,0.398575
1777047803.829016,5,-0.071288,-0.128787,0.430453
1777047803.829016,6,-0.062322,-0.054984,0.344464
1777047803.829016,7,-0.084926,-0.076933,0.383541
1777047803.829016,8,-0.108024,-0.098264,0.421997
1777047803.829016,9,-0.104407,-0.031409,0.328129
1777047803.829016,10,-0.123695,-0.049316,0.372611
1777047803.829016,11,-0.149937,-0.074905,0.407159
1777047803.897054,0,0.016025,-0.106007,0.370442
1777047803.897054,1,-0.008790,-0.130802,0.405922
1777047803.897054,2,-0.036442,-0.163338,0.436546
1777047803.897054,3,-0.022534,-0.079919,0.358145
1777047803.897054,4,-0.046395,-0.100602,0.397642
1777047803.897054,5,-0.072834,-0.128983,0.429650
1777047803.897054,6,-0.064092,-0.055977,0.342723
1777047803.897054,7,-0.086186,-0.076689,0.382923
1777047803.897054,8,-0.110036,-0.098600,0.420850
1777047803.897054,9,-0.103405,-0.028605,0.331099
1777047803.897054,10,-0.127526,-0.051786,0.368999
1777047803.897054,11,-0.150585,-0.073678,0.407271
1777047803.965101,0,0.015196,-0.103275,0.371615
1777047803.965101,1,-0.010845,-0.128740,0.406074
1777047803.965101,2,-0.038159,-0.162235,0.436251
1777047803.965101,3,-0.023447,-0.077074,0.359390
1777047803.965101,4,-0.047240,-0.099383,0.397127
1777047803.965101,5,-0.072757,-0.124146,0.431916
1777047803.965101,6,-0.065640,-0.053742,0.342594
1777047803.965101,7,-0.087040,-0.074457,0.383357
1777047803.965101,8,-0.110339,-0.095544,0.421854
1777047803.965101,9,-0.105341,-0.027186,0.330510
1777047803.965101,10,-0.129648,-0.050568,0.367761
1777047803.965101,11,-0.151740,-0.071610,0.407460
1777047803.999978,0,0.015082,-0.101448,0.370555
1777047803.999978,1,-0.009861,-0.126607,0.405909
1777047803.999978,2,-0.038045,-0.159407,0.435989
1777047803.999978,3,-0.023339,-0.073981,0.359810
1777047803.999978,4,-0.047233,-0.095140,0.398673
1777047803.999978,5,-0.072566,-0.122226,0.431674
1777047803.999978,6,-0.064350,-0.049553,0.345160
1777047803.999978,7,-0.086768,-0.071590,0.384153
1777047803.999978,8,-0.110982,-0.094437,0.421108
1777047803.999978,9,-0.105808,-0.024698,0.330346
1777047803.999978,10,-0.128333,-0.046601,0.369717
1777047803.999978,11,-0.150843,-0.070337,0.407049
1777047804.067090,0,0.014232,-0.099487,0.372124
1777047804.067090,1,-0.010878,-0.125621,0.406327
1777047804.067090,2,-0.038949,-0.158604,0.436290
1777047804.067090,3,-0.024903,-0.074384,0.359108
1777047804.067090,4,-0.048694,-0.095030,0.398324
1777047804.067090,5,-0.074202,-0.121700,0.431387
1777047804.067090,6,-0.065696,-0.048546,0.345410
1777047804.067090,7,-0.088936,-0.071830,0.382777
1777047804.067090,8,-0.113125,-0.094963,0.420140
1777047804.067090,9,-0.106043,-0.023163,0.331451
1777047804.067090,10,-0.129172,-0.045715,0.370601
1777047804.067090,11,-0.152172,-0.068037,0.408102
1777047804.134202,0,0.012348,-0.100460,0.370797
1777047804.134202,1,-0.012101,-0.125198,0.406051
1777047804.134202,2,-0.039163,-0.153571,0.438811
1777047804.134202,3,-0.026441,-0.074638,0.357942
1777047804.134202,4,-0.049303,-0.094936,0.397431
1777047804.134202,5,-0.075056,-0.120833,0.431617
1777047804.134202,6,-0.067469,-0.049489,0.343365
1777047804.134202,7,-0.090551,-0.072304,0.381818
1777047804.134202,8,-0.113716,-0.093954,0.419587
1777047804.134202,9,-0.107578,-0.023392,0.330351
1777047804.134202,10,-0.132260,-0.047751,0.366677
1777047804.134202,11,-0.155119,-0.069913,0.405144
1777047804.201311,0,0.012268,-0.100099,0.370216
1777047804.201311,1,-0.013314,-0.127063,0.403719
1777047804.201311,2,-0.041091,-0.159333,0.434405
1777047804.201311,3,-0.026589,-0.074142,0.357765
1777047804.201311,4,-0.050795,-0.095183,0.396712
1777047804.201311,5,-0.076122,-0.121975,0.429674
1777047804.201311,6,-0.067207,-0.048292,0.344226
1777047804.201311,7,-0.091036,-0.071878,0.380985
1777047804.201311,8,-0.113976,-0.092800,0.419809
1777047804.201311,9,-0.108846,-0.024396,0.327767
1777047804.201311,10,-0.131738,-0.046501,0.367239
1777047804.201311,11,-0.154859,-0.068346,0.405640
1777047804.234866,0,0.012195,-0.098722,0.371592
1777047804.234866,1,-0.013067,-0.125345,0.405209
1777047804.234866,2,-0.041257,-0.160005,0.434032
1777047804.234866,3,-0.027185,-0.075266,0.356568
1777047804.234866,4,-0.051802,-0.097953,0.393987
1777047804.234866,5,-0.075490,-0.120950,0.430529
1777047804.234866,6,-0.067049,-0.048381,0.344108
1777047804.234866,7,-0.090817,-0.072443,0.380729
1777047804.234866,8,-0.113576,-0.093186,0.419489
1777047804.234866,9,-0.109589,-0.025583,0.326510
1777047804.234866,10,-0.130742,-0.045681,0.368223
1777047804.234866,11,-0.155380,-0.070029,0.404027
1777047804.268420,0,0.012209,-0.099851,0.370611
1777047804.268420,1,-0.013933,-0.125812,0.404759
1777047804.268420,2,-0.041257,-0.160005,0.434032
1777047804.268420,3,-0.027371,-0.074170,0.357550
1777047804.268420,4,-0.050755,-0.094863,0.396716
1777047804.268420,5,-0.075490,-0.120950,0.430529
1777047804.268420,6,-0.068259,-0.050725,0.341128
1777047804.268420,7,-0.090817,-0.072443,0.380729
1777047804.268420,8,-0.113595,-0.093377,0.419466
1777047804.268420,9,-0.108678,-0.024710,0.327787
1777047804.268420,10,-0.130742,-0.045681,0.368223
1777047804.268420,11,-0.155004,-0.069432,0.404410
1777047804.301973,0,0.012192,-0.101816,0.369535
1777047804.301973,1,-0.013531,-0.129806,0.402119
1777047804.301973,2,-0.040529,-0.159570,0.434290
1777047804.301973,3,-0.026394,-0.075727,0.357028
1777047804.301973,4,-0.050871,-0.097691,0.394834
1777047804.301973,5,-0.076152,-0.123908,0.428559
1777047804.301973,6,-0.068433,-0.053251,0.339430
1777047804.301973,7,-0.091054,-0.073505,0.380295
1777047804.301973,8,-0.113690,-0.095278,0.418222
1777047804.301973,9,-0.107252,-0.025350,0.328753
1777047804.301973,10,-0.131560,-0.048941,0.365893
1777047804.301973,11,-0.155503,-0.072288,0.402682
1777047804.335527,0,0.012560,-0.104353,0.368074
1777047804.335527,1,-0.013063,-0.131567,0.401195
1777047804.335527,2,-0.040516,-0.162930,0.432523
1777047804.335527,3,-0.026382,-0.079228,0.354676
1777047804.335527,4,-0.050692,-0.100429,0.393088
1777047804.335527,5,-0.076022,-0.126209,0.426848
1777047804.335527,6,-0.068880,-0.057090,0.336634
1777047804.335527,7,-0.090776,-0.077623,0.377436
1777047804.335527,8,-0.113567,-0.098278,0.416314
1777047804.335527,9,-0.109815,-0.031948,0.321719
1777047804.335527,10,-0.131478,-0.052172,0.363594
1777047804.335527,11,-0.155440,-0.075365,0.400467
1777047804.503288,0,0.007090,-0.106115,0.371173
1777047804.503288,1,-0.017871,-0.129495,0.407260
1777047804.503288,2,-0.047620,-0.165499,0.435189
1777047804.503288,3,-0.031990,-0.080767,0.357610
1777047804.503288,4,-0.056591,-0.101608,0.396078
1777047804.503288,5,-0.083240,-0.129553,0.428625
1777047804.503288,6,-0.073922,-0.057665,0.340274
1777047804.503288,7,-0.095486,-0.076833,0.381812
1777047804.503288,8,-0.119985,-0.098968,0.419056
1777047804.503288,9,-0.113360,-0.030833,0.327278
1777047804.503288,10,-0.137227,-0.053024,0.366111
1777047804.503288,11,-0.159771,-0.075093,0.403790
1777047804.905881,0,0.004170,-0.108591,0.370546
1777047804.905881,1,-0.021392,-0.133023,0.405654
1777047804.905881,2,-0.050138,-0.164110,0.436650
1777047804.905881,3,-0.035729,-0.084775,0.354528
1777047804.905881,4,-0.058655,-0.101679,0.396619
1777047804.905881,5,-0.085174,-0.128413,0.429149
1777047804.905881,6,-0.076406,-0.059851,0.338548
1777047804.905881,7,-0.098420,-0.078788,0.379993
1777047804.905881,8,-0.122118,-0.099095,0.418017
1777047804.905881,9,-0.116539,-0.033964,0.323752
1777047804.905881,10,-0.137667,-0.052412,0.366462
1777047804.905881,11,-0.165420,-0.077941,0.400142
1777047804.939428,0,0.004806,-0.110022,0.368910
1777047804.939428,1,-0.021840,-0.135343,0.402662
1777047804.939428,2,-0.050020,-0.166730,0.434095
1777047804.939428,3,-0.034598,-0.086046,0.352559
1777047804.939428,4,-0.058923,-0.104810,0.392976
1777047804.939428,5,-0.083870,-0.130560,0.426493
1777047804.939428,6,-0.075495,-0.061330,0.337110
1777047804.939428,7,-0.099453,-0.083065,0.374981
1777047804.939428,8,-0.121211,-0.100563,0.416197
1777047804.939428,9,-0.115062,-0.035123,0.322622
1777047804.939428,10,-0.138825,-0.056437,0.361467
1777047804.939428,11,-0.163159,-0.078232,0.399153
1777047805.006522,0,0.005671,-0.109893,0.365802
1777047805.006522,1,-0.019436,-0.132806,0.401967
1777047805.006522,2,-0.048546,-0.167569,0.430613
1777047805.006522,3,-0.033418,-0.087331,0.349039
1777047805.006522,4,-0.057325,-0.106114,0.389456
1777047805.006522,5,-0.083035,-0.131091,0.423328
1777047805.006522,6,-0.074632,-0.063649,0.331297
1777047805.006522,7,-0.096567,-0.082202,0.373309
1777047805.006522,8,-0.122275,-0.104793,0.409225
1777047805.006522,9,-0.114933,-0.038440,0.316083
1777047805.006522,10,-0.138439,-0.059084,0.356065
1777047805.006522,11,-0.163082,-0.081179,0.393594
1777047805.073615,0,0.007828,-0.108451,0.363331
1777047805.073615,1,-0.017768,-0.132792,0.397961
1777047805.073615,2,-0.045416,-0.161683,0.430014
1777047805.073615,3,-0.031402,-0.084319,0.347264
1777047805.073615,4,-0.055884,-0.103396,0.386980
1777047805.073615,5,-0.081392,-0.127206,0.421404
1777047805.073615,6,-0.072768,-0.061814,0.329140
1777047805.073615,7,-0.095585,-0.078974,0.371346
1777047805.073615,8,-0.119110,-0.099946,0.408551
1777047805.073615,9,-0.113306,-0.035348,0.313834
1777047805.073615,10,-0.138250,-0.057776,0.351438
1777047805.073615,11,-0.161683,-0.078372,0.390745
1777047805.107160,0,0.008781,-0.110336,0.359301
1777047805.107160,1,-0.017775,-0.133811,0.394887
1777047805.107160,2,-0.043714,-0.160910,0.428087
1777047805.107160,3,-0.030484,-0.085591,0.343940
1777047805.107160,4,-0.055239,-0.105041,0.383210
1777047805.107160,5,-0.080302,-0.128394,0.418209
1777047805.107160,6,-0.071889,-0.062188,0.325880
1777047805.107160,7,-0.095842,-0.083409,0.364579
1777047805.107160,8,-0.118732,-0.101966,0.404437
1777047805.107160,9,-0.113129,-0.037868,0.308233
1777047805.107160,10,-0.136617,-0.058594,0.348770
1777047805.107160,11,-0.161549,-0.080469,0.386081
1777047805.174251,0,0.009493,-0.106873,0.356732
1777047805.174251,1,-0.015577,-0.128938,0.392892
1777047805.174251,2,-0.043726,-0.159707,0.423671
1777047805.174251,3,-0.028996,-0.084396,0.339026
1777047805.174251,4,-0.053886,-0.103753,0.379181
1777047805.174251,5,-0.078708,-0.126371,0.414377
1777047805.174251,6,-0.070391,-0.060907,0.321323
1777047805.174251,7,-0.094770,-0.082480,0.359490
1777047805.174251,8,-0.117133,-0.099921,0.400583
1777047805.174251,9,-0.111087,-0.036270,0.304666
1777047805.174251,10,-0.135188,-0.057536,0.343763
1777047805.174251,11,-0.158057,-0.078693,0.381997
1777047805.241340,0,0.010919,-0.105204,0.353365
1777047805.241340,1,-0.014841,-0.129776,0.387562
1777047805.241340,2,-0.042799,-0.156440,0.420981
1777047805.241340,3,-0.029216,-0.083339,0.334285
1777047805.241340,4,-0.052873,-0.099385,0.377083
1777047805.241340,5,-0.078906,-0.124776,0.410288
1777047805.241340,6,-0.070015,-0.057718,0.318563
1777047805.241340,7,-0.094391,-0.080092,0.355756
1777047805.241340,8,-0.117509,-0.098183,0.395998
1777047805.241340,9,-0.110149,-0.032517,0.301416
1777047805.241340,10,-0.135044,-0.054633,0.340033
1777047805.241340,11,-0.159283,-0.075617,0.378119
1777047805.308427,0,0.013036,-0.102523,0.351020
1777047805.308427,1,-0.013520,-0.128946,0.383487
1777047805.308427,2,-0.040927,-0.155583,0.416358
1777047805.308427,3,-0.027892,-0.083832,0.328861
1777047805.308427,4,-0.052019,-0.100832,0.370854
1777047805.308427,5,-0.077237,-0.123183,0.406023
1777047805.308427,6,-0.069468,-0.060090,0.310298
1777047805.308427,7,-0.093121,-0.079927,0.350570
1777047805.308427,8,-0.116586,-0.098684,0.390293
1777047805.308427,9,-0.110761,-0.035705,0.291687
1777047805.308427,10,-0.133454,-0.054779,0.334629
1777047805.308427,11,-0.155999,-0.073706,0.374898
1777047805.341970,0,0.012511,-0.104916,0.346302
1777047805.341970,1,-0.013620,-0.126530,0.382944
1777047805.341970,2,-0.041115,-0.155185,0.414589
1777047805.341970,3,-0.026989,-0.081359,0.328724
1777047805.341970,4,-0.051035,-0.101220,0.367986
1777047805.341970,5,-0.076147,-0.123652,0.403276
1777047805.341970,6,-0.066697,-0.058306,0.310497
1777047805.341970,7,-0.090462,-0.078728,0.349835
1777047805.341970,8,-0.115127,-0.098428,0.387903
1777047805.341970,9,-0.109035,-0.036198,0.289314
1777047805.341970,10,-0.131278,-0.054390,0.332461
1777047805.341970,11,-0.158798,-0.078825,0.366922
1777047805.409055,0,0.014170,-0.103230,0.343046
1777047805.409055,1,-0.012183,-0.125171,0.379436
1777047805.409055,2,-0.039438,-0.152939,0.411278
1777047805.409055,3,-0.025647,-0.080718,0.324180
1777047805.409055,4,-0.049291,-0.095708,0.367744
1777047805.409055,5,-0.076282,-0.122403,0.399174
1777047805.409055,6,-0.066873,-0.056824,0.305501
1777047805.409055,7,-0.089912,-0.075694,0.346647
1777047805.409055,8,-0.114751,-0.096027,0.384264
1777047805.409055,9,-0.107265,-0.031568,0.288256
1777047805.409055,10,-0.130386,-0.051074,0.329821
1777047805.409055,11,-0.157319,-0.074633,0.364822
1777047805.476138,0,0.015659,-0.100188,0.340187
1777047805.476138,1,-0.010815,-0.121692,0.376749
1777047805.476138,2,-0.038134,-0.149880,0.407804
1777047805.476138,3,-0.024813,-0.079563,0.318968
1777047805.476138,4,-0.049570,-0.099037,0.358444
1777047805.476138,5,-0.074457,-0.118652,0.396617
1777047805.476138,6,-0.066260,-0.056486,0.299521
1777047805.476138,7,-0.090087,-0.076219,0.339966
1777047805.476138,8,-0.113866,-0.094594,0.380020
1777047805.476138,9,-0.107724,-0.032465,0.280275
1777047805.476138,10,-0.131206,-0.051948,0.322061
1777047805.476138,11,-0.155191,-0.072152,0.360842
1777047805.543219,0,0.015818,-0.097796,0.337046
1777047805.543219,1,-0.010145,-0.118082,0.374548
1777047805.543219,2,-0.037501,-0.145538,0.406059
1777047805.543219,3,-0.023965,-0.075845,0.317164
1777047805.543219,4,-0.047800,-0.090513,0.361130
1777047805.543219,5,-0.074455,-0.116454,0.392979
1777047805.543219,6,-0.065488,-0.053120,0.296808
1777047805.543219,7,-0.090074,-0.071882,0.338146
1777047805.543219,8,-0.114664,-0.093406,0.374952
1777047805.543219,9,-0.105732,-0.027010,0.280430
1777047805.543219,10,-0.130735,-0.048777,0.319041
1777047805.543219,11,-0.153348,-0.067195,0.360001
1777047805.576759,0,0.016698,-0.098178,0.334165
1777047805.576759,1,-0.009306,-0.120438,0.369677
1777047805.576759,2,-0.035873,-0.145556,0.403258
1777047805.576759,3,-0.023287,-0.076140,0.314386
1777047805.576759,4,-0.048919,-0.095211,0.353626
1777047805.576759,5,-0.074191,-0.116991,0.389711
1777047805.576759,6,-0.065271,-0.054356,0.292565
1777047805.576759,7,-0.089000,-0.072887,0.334274
1777047805.576759,8,-0.114276,-0.093513,0.371920
1777047805.576759,9,-0.104436,-0.027133,0.277674
1777047805.576759,10,-0.129561,-0.048336,0.316728
1777047805.576759,11,-0.153597,-0.068335,0.355972
1777047805.610299,0,0.017440,-0.100117,0.330142
1777047805.610299,1,-0.009085,-0.120379,0.367748
1777047805.610299,2,-0.035528,-0.144565,0.401499
1777047805.610299,3,-0.022120,-0.076687,0.311360
1777047805.610299,4,-0.048051,-0.095598,0.350969
1777047805.610299,5,-0.074312,-0.119427,0.385206
1777047805.610299,6,-0.063663,-0.053848,0.291350
1777047805.610299,7,-0.087783,-0.073419,0.331253
1777047805.610299,8,-0.111849,-0.091872,0.371011
1777047805.610299,9,-0.104814,-0.029659,0.271974
1777047805.610299,10,-0.128554,-0.049095,0.313231
1777047805.610299,11,-0.153646,-0.070301,0.350884
1777047805.677377,1,-0.006611,-0.117018,0.365092
1777047805.677377,2,-0.035221,-0.145063,0.395797
1777047805.677377,3,-0.022541,-0.077504,0.304210
1777047805.677377,4,-0.046142,-0.091886,0.349244
1777047805.677377,5,-0.071943,-0.114337,0.383264
1777047805.677377,6,-0.062802,-0.053028,0.285803
1777047805.677377,7,-0.087302,-0.072668,0.325718
1777047805.677377,8,-0.112346,-0.092290,0.364341
1777047805.677377,9,-0.104143,-0.029080,0.265346
1777047805.677377,10,-0.128329,-0.049022,0.307037
1777047805.677377,11,-0.153049,-0.069285,0.345638
1777047805.710916,1,-0.007831,-0.116990,0.362287
1777047805.710916,2,-0.034910,-0.141994,0.395267
1777047805.710916,3,-0.020889,-0.073841,0.305210
1777047805.710916,4,-0.046809,-0.091944,0.345575
1777047805.710916,5,-0.072685,-0.114894,0.379952
1777047805.710916,6,-0.063648,-0.052647,0.281689
1777047805.710916,7,-0.088395,-0.071742,0.322996
1777047805.710916,8,-0.112171,-0.090526,0.362585
1777047805.710916,9,-0.103631,-0.026587,0.265184
1777047805.710916,10,-0.128172,-0.047053,0.305426
1777047805.710916,11,-0.152454,-0.067077,0.344051
1777047805.744465,1,-0.006244,-0.113804,0.361892
1777047805.744465,2,-0.033436,-0.141193,0.392495
1777047805.744465,3,-0.020716,-0.075968,0.298803
1777047805.744465,4,-0.044949,-0.092452,0.341642
1777047805.744465,5,-0.071321,-0.114134,0.377416
1777047805.744465,6,-0.063064,-0.055062,0.275648
1777047805.744465,7,-0.086404,-0.070380,0.321497
1777047805.744465,8,-0.111216,-0.091168,0.358741
1777047805.744465,9,-0.102605,-0.027798,0.260182
1777047805.744465,10,-0.125943,-0.046041,0.303295
1777047805.744465,11,-0.152245,-0.068212,0.339430
1777047805.778023,1,-0.005034,-0.116371,0.356737
1777047805.778023,2,-0.032138,-0.138950,0.391590
1777047805.778023,3,-0.019079,-0.074281,0.298417
1777047805.778023,4,-0.044816,-0.091329,0.339971
1777047805.778023,5,-0.070662,-0.113875,0.374579
1777047805.778023,6,-0.059507,-0.049465,0.280447
1777047805.778023,7,-0.084953,-0.071013,0.317997
1777047805.778023,8,-0.110344,-0.090431,0.356235
1777047805.778023,9,-0.102058,-0.028197,0.256050
1777047805.778023,10,-0.127397,-0.048970,0.296287
1777047805.778023,11,-0.149832,-0.066778,0.338140
1777047805.811581,1,-0.004505,-0.112405,0.357160
1777047805.811581,2,-0.031408,-0.138429,0.388889
1777047805.811581,3,-0.018916,-0.072410,0.296864
1777047805.811581,4,-0.043698,-0.090266,0.337715
1777047805.811581,5,-0.069840,-0.111207,0.374081
1777047805.811581,6,-0.060753,-0.050166,0.274594
1777047805.811581,7,-0.085573,-0.068529,0.316817
1777047805.811581,8,-0.109717,-0.088586,0.355112
1777047805.811581,9,-0.103515,-0.028342,0.250818
1777047805.811581,10,-0.126699,-0.046518,0.295591
1777047805.811581,11,-0.151119,-0.066365,0.334843
1777047806.012918,1,-0.003288,-0.104421,0.348906
1777047806.012918,2,-0.031565,-0.131170,0.379925
1777047806.012918,3,-0.017748,-0.064229,0.287692
1777047806.012918,4,-0.043775,-0.082601,0.328269
1777047806.012918,5,-0.069943,-0.105130,0.363229
1777047806.012918,6,-0.059147,-0.042357,0.264611
1777047806.012918,7,-0.083440,-0.060441,0.307306
1777047806.012918,8,-0.108379,-0.079248,0.346651
1777047806.012918,9,-0.100144,-0.017351,0.244405
1777047806.012918,10,-0.125036,-0.037355,0.286767
1777047806.012918,11,-0.150109,-0.057653,0.325467
1777047806.281348,1,-0.004119,-0.091427,0.339828
1777047806.281348,2,-0.031177,-0.115696,0.371713
1777047806.281348,3,-0.017563,-0.052071,0.275554
1777047806.281348,4,-0.042858,-0.069982,0.317380
1777047806.281348,6,-0.058251,-0.027055,0.255160
1777047806.281348,5,-0.070268,-0.091921,0.352421
1777047806.281348,7,-0.083392,-0.047300,0.296174
1777047806.281348,8,-0.109240,-0.067158,0.334360
1777047806.281348,9,-0.099161,-0.002125,0.234070
1777047806.281348,10,-0.125649,-0.023767,0.273679
1777047806.281348,11,-0.150534,-0.043917,0.313218
1777047806.314899,1,-0.003793,-0.091929,0.335822
1777047806.314899,2,-0.030958,-0.113274,0.371183
1777047806.314899,3,-0.016416,-0.048345,0.277654
1777047806.314899,4,-0.043661,-0.068395,0.316247
1777047806.314899,5,-0.069762,-0.089341,0.352215
1777047806.314899,6,-0.059181,-0.027526,0.250465
1777047806.314899,7,-0.083177,-0.043480,0.297141
1777047806.314899,8,-0.109937,-0.066693,0.331288
1777047806.314899,9,-0.100576,-0.002124,0.229304
1777047806.314899,10,-0.124471,-0.021040,0.273561
1777047806.314899,11,-0.149208,-0.041039,0.313709
1777047806.382002,1,-0.003288,-0.087118,0.336194
1777047806.382002,2,-0.031147,-0.110051,0.369242
1777047806.382002,3,-0.017091,-0.046364,0.273932
1777047806.382002,4,-0.042940,-0.063388,0.316594
1777047806.382002,5,-0.070680,-0.088031,0.348232
1777047806.382002,6,-0.058799,-0.023726,0.249313
1777047806.382002,7,-0.085514,-0.043615,0.290019
1777047806.382002,8,-0.108292,-0.060535,0.332661
1777047806.382002,9,-0.099544,0.002650,0.229413
1777047806.382002,10,-0.125880,-0.018958,0.269274
1777047806.382002,11,-0.150401,-0.038637,0.309854
1777047806.449104,1,-0.003546,-0.085302,0.333377
1777047806.449104,3,-0.016558,-0.042583,0.273871
1777047806.449104,2,-0.031842,-0.109358,0.365726
1777047806.449104,4,-0.043940,-0.063015,0.311963
1777047806.449104,5,-0.069611,-0.083335,0.348637
1777047806.449104,6,-0.057508,-0.018738,0.250708
1777047806.449104,7,-0.085018,-0.041580,0.287518
1777047806.449104,9,-0.098177,0.006833,0.230528
1777047806.449104,8,-0.110484,-0.060960,0.327263
1777047806.449104,10,-0.125073,-0.015592,0.268664
1777047806.449104,11,-0.150111,-0.035667,0.308167
1777047806.482654,1,-0.004774,-0.084524,0.332900
1777047806.482654,2,-0.031549,-0.106701,0.366359
1777047806.482654,3,-0.017002,-0.042247,0.271784
1777047806.482654,4,-0.042697,-0.060240,0.313064
1777047806.482654,5,-0.070900,-0.083898,0.345917
1777047806.482654,6,-0.058627,-0.018910,0.247563
1777047806.482654,7,-0.085421,-0.039928,0.287306
1777047806.482654,8,-0.109665,-0.058278,0.327996
1777047806.482654,9,-0.099575,0.006858,0.226879
1777047806.482654,10,-0.125028,-0.014029,0.268359
1777047806.482654,11,-0.150974,-0.035059,0.306648
1777047806.549753,1,-0.004119,-0.083329,0.331239
1777047806.549753,2,-0.031565,-0.105178,0.365553
1777047806.549753,3,-0.017404,-0.041841,0.269066
1777047806.549753,4,-0.043739,-0.059184,0.311747
1777047806.549753,6,-0.059015,-0.018244,0.244941
1777047806.549753,5,-0.071201,-0.082948,0.344734
1777047806.549753,7,-0.085363,-0.038033,0.286613
1777047806.549753,8,-0.111230,-0.059103,0.324543
1777047806.549753,9,-0.098963,0.009013,0.226736
1777047806.549753,10,-0.124721,-0.011970,0.268003
1777047806.549753,11,-0.149912,-0.032515,0.307456
1777047806.616851,1,-0.004258,-0.083754,0.330134
1777047806.616851,3,-0.017358,-0.040838,0.269581
1777047806.616851,2,-0.031817,-0.107867,0.362303
1777047806.616851,4,-0.043592,-0.058644,0.311937
1777047806.616851,6,-0.058032,-0.016277,0.247650
1777047806.616851,5,-0.071036,-0.082220,0.344825
1777047806.616851,7,-0.085498,-0.037862,0.286405
1777047806.616851,9,-0.098912,0.008949,0.226160
1777047806.616851,8,-0.110047,-0.057337,0.325764
1777047806.616851,10,-0.124612,-0.011785,0.267904
1777047806.616851,11,-0.149443,-0.031676,0.307333
1777047806.650399,1,-0.003964,-0.082889,0.330904
1777047806.650399,3,-0.017355,-0.040843,0.269578
1777047806.650399,2,-0.031562,-0.104519,0.365417
1777047806.650399,4,-0.043589,-0.058648,0.311933
1777047806.650399,6,-0.058030,-0.016284,0.247645
1777047806.650399,5,-0.070654,-0.081657,0.345298
1777047806.650399,7,-0.084616,-0.038067,0.286246
1777047806.650399,9,-0.098617,0.009602,0.227349
1777047806.650399,8,-0.110727,-0.057954,0.324923
1777047806.650399,10,-0.123881,-0.010771,0.268676
1777047806.650399,11,-0.150678,-0.032981,0.305802
1777047806.683947,1,-0.003877,-0.082890,0.330722
1777047806.683947,2,-0.031387,-0.104338,0.365486
1777047806.683947,3,-0.017343,-0.041166,0.269065
1777047806.683947,4,-0.043500,-0.058784,0.311136
1777047806.683947,6,-0.058028,-0.016288,0.247642
1777047806.683947,5,-0.070653,-0.081661,0.345295
1777047806.683947,7,-0.084161,-0.037396,0.287019
1777047806.683947,8,-0.110338,-0.057597,0.325258
1777047806.683947,9,-0.098616,0.009597,0.227345
1777047806.683947,10,-0.125686,-0.013047,0.265515
1777047806.683947,11,-0.149977,-0.032417,0.306524
1777047806.751041,1,-0.004316,-0.080862,0.333176
1777047806.751041,3,-0.016449,-0.038707,0.272293
1777047806.751041,2,-0.030880,-0.105148,0.364442
1777047806.751041,4,-0.044155,-0.060352,0.308778
1777047806.751041,6,-0.056556,-0.014622,0.250062
1777047806.751041,5,-0.070964,-0.082381,0.344119
1777047806.751041,7,-0.085167,-0.037693,0.285819
1777047806.751041,8,-0.109627,-0.056623,0.326233
1777047806.751041,9,-0.100352,0.007780,0.222366
1777047806.751041,10,-0.124550,-0.011618,0.267135
1777047806.751041,11,-0.150592,-0.032976,0.305355
1777047806.784588,1,-0.003872,-0.083047,0.330292
1777047806.784588,3,-0.016885,-0.040240,0.269710
1777047806.784588,2,-0.031329,-0.106355,0.363323
1777047806.784588,4,-0.043932,-0.059280,0.309950
1777047806.784588,6,-0.057836,-0.016179,0.246990
1777047806.784588,5,-0.070963,-0.082384,0.344117
1777047806.784588,7,-0.084654,-0.036530,0.287656
1777047806.784588,8,-0.109052,-0.055640,0.327497
1777047806.784588,9,-0.100351,0.007775,0.222363
1777047806.784588,10,-0.124432,-0.011541,0.267571
1777047806.784588,11,-0.149220,-0.031452,0.307395
1777047806.851681,1,-0.003793,-0.082940,0.330550
1777047806.851681,2,-0.031883,-0.106021,0.363737
1777047806.851681,3,-0.016992,-0.039909,0.270129
1777047806.851681,4,-0.043925,-0.059524,0.309887
1777047806.851681,6,-0.058930,-0.017961,0.243856
1777047806.851681,5,-0.070150,-0.080510,0.346177
1777047806.851681,7,-0.085166,-0.037697,0.285816
1777047806.851681,8,-0.109626,-0.056627,0.326230
1777047806.851681,9,-0.098711,0.009593,0.226105
1777047806.851681,10,-0.124549,-0.011622,0.267132
1777047806.851681,11,-0.149220,-0.031452,0.307395
1777047806.885226,1,-0.003585,-0.081426,0.332068
1777047806.885226,2,-0.031880,-0.105812,0.363792
1777047806.885226,3,-0.017334,-0.040621,0.268797
1777047806.885226,4,-0.044224,-0.060258,0.308644
1777047806.885226,5,-0.069916,-0.080063,0.346375
1777047806.885226,6,-0.058990,-0.017548,0.244372
1777047806.885226,7,-0.083862,-0.036736,0.287331
1777047806.885226,8,-0.109625,-0.056628,0.326228
1777047806.885226,9,-0.100350,0.007773,0.222361
1777047806.885226,10,-0.123358,-0.010091,0.269705
1777047806.885226,11,-0.149532,-0.032039,0.306636
1777047806.918780,1,-0.003784,-0.083128,0.330015
1777047806.918780,3,-0.017229,-0.041598,0.267903
1777047806.918780,2,-0.031191,-0.107117,0.362554
1777047806.918780,4,-0.044045,-0.061151,0.307755
1777047806.918780,6,-0.057635,-0.016633,0.246651
1777047806.918780,5,-0.069768,-0.081053,0.345480
1777047806.918780,7,-0.083041,-0.036835,0.288107
1777047806.918780,8,-0.109472,-0.057525,0.325244
1777047806.918780,9,-0.099709,0.007280,0.222330
1777047806.918780,10,-0.124906,-0.013084,0.264958
1777047806.918780,11,-0.149369,-0.033007,0.305543
1777047806.985885,1,-0.003207,-0.081837,0.331683
1777047806.985885,3,-0.016234,-0.039667,0.271389
1777047806.985885,2,-0.031088,-0.108254,0.361218
1777047806.985885,4,-0.043440,-0.063592,0.305577
1777047806.985885,6,-0.057048,-0.019869,0.243301
1777047806.985885,5,-0.069317,-0.083122,0.343191
1777047806.985885,7,-0.084574,-0.041072,0.282287
1777047806.985885,8,-0.108446,-0.058976,0.323948
1777047806.985885,9,-0.096716,0.006776,0.225297
1777047806.985885,10,-0.124356,-0.015871,0.262127
1777047806.985885,11,-0.148879,-0.037129,0.301395
1777047807.019438,1,-0.004223,-0.085511,0.327934
1777047807.019438,3,-0.016161,-0.043325,0.266919
1777047807.019438,2,-0.030721,-0.109156,0.360514
1777047807.019438,4,-0.043219,-0.062752,0.306684
1777047807.019438,6,-0.057010,-0.019315,0.244077
1777047807.019438,5,-0.069712,-0.083495,0.342704
1777047807.019438,7,-0.085341,-0.042478,0.280100
1777047807.019438,8,-0.109010,-0.059973,0.322684
1777047807.019438,9,-0.097837,0.005571,0.222144
1777047807.019438,10,-0.123801,-0.015444,0.263194
1777047807.019438,11,-0.148600,-0.035075,0.303477
1777047807.086541,1,-0.002091,-0.086102,0.327481
1777047807.086541,2,-0.030689,-0.110970,0.358772
1777047807.086541,3,-0.015476,-0.045777,0.264574
1777047807.086541,4,-0.042617,-0.064914,0.304371
1777047807.086541,6,-0.057347,-0.024436,0.237699
1777047807.086541,5,-0.068755,-0.085655,0.340784
1777047807.086541,7,-0.082517,-0.042919,0.281163
1777047807.086541,9,-0.097176,0.002621,0.219303
1777047807.086541,8,-0.109787,-0.064677,0.317698
1777047807.086541,10,-0.123760,-0.018771,0.259269
1777047807.086541,11,-0.150896,-0.040820,0.296341
1777047807.120093,1,-0.002854,-0.089767,0.324123
1777047807.120093,3,-0.014816,-0.048115,0.262379
1777047807.120093,2,-0.029517,-0.113368,0.356356
1777047807.120093,4,-0.042003,-0.067468,0.302092
1777047807.120093,6,-0.055721,-0.025170,0.238294
1777047807.120093,5,-0.068198,-0.087780,0.338562
1777047807.120093,7,-0.082223,-0.045796,0.278500
1777047807.120093,8,-0.107928,-0.065111,0.317599
1777047807.120093,9,-0.098135,-0.002115,0.212919
1777047807.120093,10,-0.122650,-0.021147,0.257673
1777047807.120093,11,-0.149082,-0.042090,0.295633
1777047807.153644,1,-0.001549,-0.088246,0.325243
1777047807.153644,3,-0.014816,-0.048115,0.262379
1777047807.153644,2,-0.029517,-0.113368,0.356356
1777047807.153644,4,-0.042014,-0.067224,0.302151
1777047807.153644,5,-0.068117,-0.087630,0.338406
1777047807.153644,6,-0.056755,-0.026625,0.235795
1777047807.153644,7,-0.081740,-0.044981,0.279589
1777047807.153644,8,-0.107928,-0.065111,0.317599
1777047807.153644,9,-0.096562,-0.000224,0.216655
1777047807.153644,10,-0.122650,-0.021147,0.257673
1777047807.153644,11,-0.149292,-0.042599,0.295009
1777047807.187195,1,-0.001385,-0.092039,0.321278
1777047807.187195,3,-0.014133,-0.051099,0.259324
1777047807.187195,2,-0.028820,-0.115744,0.354114
1777047807.187195,4,-0.041500,-0.071070,0.298442
1777047807.187195,6,-0.054999,-0.028158,0.235815
1777047807.187195,5,-0.067546,-0.090432,0.336027
1777047807.187195,7,-0.082627,-0.049385,0.274172
1777047807.187195,8,-0.107296,-0.068059,0.314783
1777047807.187195,9,-0.097383,-0.005623,0.209781
1777047807.187195,10,-0.122522,-0.024953,0.253483
1777047807.187195,11,-0.148467,-0.045348,0.292530
1777047807.220745,1,-0.000069,-0.092038,0.321663
1777047807.220745,3,-0.013758,-0.054215,0.256243
1777047807.220745,2,-0.028750,-0.117529,0.352489
1777047807.220745,4,-0.040916,-0.073394,0.296045
1777047807.220745,6,-0.054243,-0.030530,0.233713
1777047807.220745,5,-0.066791,-0.095014,0.331643
1777047807.220745,7,-0.081973,-0.052075,0.271670
1777047807.220745,8,-0.106709,-0.070664,0.312280
1777047807.220745,9,-0.095150,-0.006719,0.210758
1777047807.220745,10,-0.120779,-0.026631,0.253251
1777047807.220745,11,-0.148094,-0.048734,0.289163
1777047807.656873,1,0.000382,-0.087486,0.309502
1777047807.656873,3,-0.011423,-0.043964,0.250309
1777047807.656873,2,-0.027278,-0.106967,0.345417
1777047807.656873,4,-0.039589,-0.064876,0.287451
1777047807.656873,6,-0.053041,-0.023143,0.222480
1777047807.656873,5,-0.067148,-0.087001,0.321769
1777047807.656873,7,-0.080748,-0.043278,0.261817
1777047807.656873,9,-0.094294,0.001645,0.199014
1777047807.656873,8,-0.106915,-0.063690,0.300576
1777047807.656873,10,-0.121270,-0.019715,0.239058
1777047807.656873,11,-0.146301,-0.038630,0.280065
1777047807.723965,1,0.001453,-0.084577,0.307926
1777047807.723965,2,-0.026616,-0.106457,0.341377
1777047807.723965,4,-0.039007,-0.064473,0.282791
1777047807.723965,6,-0.052183,-0.023323,0.216156
1777047807.723965,5,-0.065761,-0.084738,0.319032
1777047807.723965,7,-0.080864,-0.045035,0.254097
1777047807.723965,9,-0.092386,0.003006,0.196180
1777047807.723965,8,-0.106337,-0.063601,0.295052
1777047807.723965,10,-0.120796,-0.019594,0.233498
1777047807.723965,11,-0.148169,-0.041033,0.271074
1777047807.757510,1,0.001008,-0.087376,0.303125
1777047807.757510,2,-0.026485,-0.108766,0.336703
1777047807.757510,4,-0.038208,-0.065674,0.278903
1777047807.757510,6,-0.051587,-0.025042,0.211860
1777047807.757510,5,-0.065163,-0.085889,0.315526
1777047807.757510,7,-0.078186,-0.043722,0.254324
1777047807.757510,9,-0.092311,0.000425,0.189758
1777047807.757510,8,-0.105255,-0.064149,0.291846
1777047807.757510,10,-0.118711,-0.019382,0.231787
1777047807.757510,11,-0.145312,-0.039919,0.270310
1777047807.824600,1,0.002477,-0.084533,0.300911
1777047807.824600,2,-0.025149,-0.105997,0.334110
1777047807.824600,4,-0.036020,-0.063650,0.275730
1777047807.824600,6,-0.049246,-0.021457,0.211367
1777047807.824600,5,-0.064805,-0.086498,0.308728
1777047807.824600,7,-0.078848,-0.044806,0.245598
1777047807.824600,9,-0.092412,-0.000056,0.180470
1777047807.824600,8,-0.104689,-0.063732,0.286008
1777047807.824600,10,-0.118001,-0.019288,0.225310
1777047807.824600,11,-0.145016,-0.040067,0.263345
1777047807.858145,1,0.004255,-0.084741,0.297064
1777047807.858145,2,-0.024952,-0.108237,0.328657
1777047807.858145,4,-0.036261,-0.065594,0.270062
1777047807.858145,6,-0.048933,-0.023753,0.203917
1777047807.858145,5,-0.064357,-0.087848,0.304205
1777047807.858145,7,-0.077662,-0.045118,0.242325
1777047807.858145,9,-0.089542,0.001140,0.181300
1777047807.858145,8,-0.103455,-0.063549,0.282810
1777047807.858145,10,-0.116976,-0.019792,0.221203
1777047807.858145,11,-0.144008,-0.040517,0.259792
1777047807.958931,1,0.004449,-0.080766,0.292981
1777047807.958931,2,-0.024751,-0.103524,0.325413
1777047807.958931,4,-0.035942,-0.060344,0.267139
1777047807.958931,6,-0.047568,-0.017236,0.203244
1777047807.958931,5,-0.063634,-0.081456,0.302357
1777047807.958931,7,-0.077506,-0.040455,0.237380
1777047807.958931,9,-0.088467,0.007131,0.178272
1777047807.958931,8,-0.102633,-0.061484,0.276258
1777047807.958931,10,-0.115464,-0.017339,0.214377
1777047807.958931,11,-0.142815,-0.038247,0.252466
1777047808.059658,1,0.004117,-0.079963,0.287290
1777047808.059658,2,-0.024364,-0.102093,0.319900
1777047808.059658,4,-0.035256,-0.059554,0.260541
1777047808.059658,6,-0.046889,-0.016377,0.195540
1777047808.059658,5,-0.063082,-0.079974,0.296107
1777047808.059658,7,-0.075948,-0.037802,0.233007
1777047808.059658,9,-0.087427,0.008477,0.171678
1777047808.059658,8,-0.103440,-0.058039,0.271921
1777047808.059658,10,-0.116491,-0.013939,0.209071
1777047808.059658,11,-0.142882,-0.033768,0.249406
1777047808.126770,1,0.005281,-0.079119,0.283258
1777047808.126770,2,-0.024541,-0.103266,0.313763
1777047808.126770,4,-0.033803,-0.058181,0.256806
1777047808.126770,6,-0.046299,-0.016320,0.190247
1777047808.126770,5,-0.061786,-0.078666,0.292581
1777047808.126770,7,-0.075792,-0.037604,0.227629
1777047808.126770,9,-0.087482,0.008101,0.164142
1777047808.126770,8,-0.102395,-0.056283,0.268351
1777047808.126770,10,-0.114418,-0.011074,0.207474
1777047808.126770,11,-0.143518,-0.033634,0.242693
1777047808.193882,1,0.005507,-0.078882,0.277330
1777047808.193882,2,-0.023625,-0.098490,0.312143
1777047808.193882,4,-0.033597,-0.057731,0.250697
1777047808.193882,6,-0.044800,-0.013714,0.187253
1777047808.193882,5,-0.062555,-0.077357,0.287441
1777047808.193882,7,-0.075188,-0.036165,0.222290
1777047808.193882,9,-0.086007,0.009823,0.158848
1777047808.193882,8,-0.103053,-0.056970,0.259914
1777047808.193882,10,-0.115204,-0.012159,0.197438
1777047808.193882,11,-0.142777,-0.032091,0.236824
1777047808.260992,1,0.006025,-0.077241,0.273934
1777047808.260992,2,-0.022913,-0.099476,0.305374
1777047808.260992,4,-0.034491,-0.059503,0.241986
1777047808.260992,6,-0.043542,-0.013459,0.181009
1777047808.260992,5,-0.062172,-0.077016,0.281391
1777047808.260992,7,-0.074633,-0.036304,0.215528
1777047808.260992,9,-0.084303,0.011156,0.154068
1777047808.260992,8,-0.102032,-0.054867,0.255458
1777047808.260992,10,-0.113030,-0.009791,0.193508
1777047808.260992,11,-0.142218,-0.030874,0.230417
1777047808.328100,1,0.006260,-0.077136,0.269590
1777047808.328100,2,-0.024485,-0.099825,0.300442
1777047808.328100,4,-0.033364,-0.058505,0.237924
1777047808.328100,6,-0.042911,-0.013292,0.175414
1777047808.328100,5,-0.062382,-0.076900,0.276106
1777047808.328100,7,-0.073837,-0.035259,0.210293
1777047808.328100,9,-0.083040,0.012164,0.149326
1777047808.328100,8,-0.102214,-0.054705,0.249448
1777047808.328100,10,-0.112407,-0.008763,0.188496
1777047808.328100,11,-0.140893,-0.028861,0.226806
1777047808.361653,1,0.006153,-0.078187,0.265569
1777047808.361653,2,-0.023549,-0.099723,0.297032
1777047808.361653,4,-0.033724,-0.059200,0.234191
1777047808.361653,6,-0.041685,-0.013184,0.173663
1777047808.361653,5,-0.063237,-0.079081,0.269792
1777047808.361653,7,-0.072449,-0.034391,0.208964
1777047808.361653,9,-0.082240,0.011281,0.144538
1777047808.361653,8,-0.101061,-0.053397,0.247607
1777047808.361653,10,-0.112366,-0.009436,0.182857
1777047808.361653,11,-0.141512,-0.029759,0.220564
1777047808.428760,1,0.006322,-0.078557,0.260693
1777047808.428760,2,-0.024900,-0.101358,0.290993
1777047808.428760,4,-0.032119,-0.057606,0.231201
1777047808.428760,6,-0.040946,-0.013317,0.167133
1777047808.428760,5,-0.062576,-0.077718,0.266592
1777047808.428760,7,-0.072492,-0.034813,0.201842
1777047808.428760,9,-0.080372,0.012571,0.141380
1777047808.428760,8,-0.100678,-0.052702,0.241902
1777047808.428760,10,-0.111009,-0.008876,0.177539
1777047808.428760,11,-0.140443,-0.028627,0.215595
1777047808.462312,2,-0.024581,-0.100100,0.290109
1777047808.462312,4,-0.032719,-0.059223,0.226852
1777047808.462312,6,-0.039811,-0.013722,0.164559
1777047808.462312,5,-0.062329,-0.077789,0.263377
1777047808.462312,7,-0.072212,-0.035825,0.197384
1777047808.462312,9,-0.079348,0.011433,0.136998
1777047808.462312,8,-0.101843,-0.055598,0.234843
1777047808.462312,10,-0.110221,-0.008993,0.173918
1777047808.462312,11,-0.140276,-0.029074,0.210746
1777047808.495864,2,-0.024470,-0.099311,0.288250
1777047808.495864,4,-0.031748,-0.060126,0.222741
1777047808.495864,6,-0.038767,-0.014678,0.161065
1777047808.495864,5,-0.061884,-0.077825,0.260534
1777047808.495864,7,-0.070939,-0.035698,0.195050
1777047808.495864,9,-0.077961,0.011600,0.133435
1777047808.495864,8,-0.100964,-0.054782,0.232399
1777047808.495864,10,-0.109629,-0.009323,0.169593
1777047808.495864,11,-0.140117,-0.029250,0.206611
1777047808.529416,2,-0.024129,-0.097904,0.287506
1777047808.529416,4,-0.032019,-0.057616,0.223479
1777047808.529416,6,-0.039218,-0.013724,0.158446
1777047808.529416,5,-0.062178,-0.076908,0.258944
1777047808.529416,7,-0.071117,-0.034021,0.194130
1777047808.529416,9,-0.078683,0.012481,0.129907
1777047808.529416,8,-0.100834,-0.052944,0.231911
1777047808.529416,10,-0.108058,-0.006136,0.172387
1777047808.529416,11,-0.138930,-0.026536,0.207595
1777047809.066309,2,-0.018269,-0.086150,0.281103
1777047809.066309,4,-0.026246,-0.044203,0.217857
1777047809.066309,5,-0.056061,-0.063095,0.255162
1777047809.066309,7,-0.065478,-0.018788,0.191546
1777047809.066309,9,-0.074917,0.027971,0.127251
1777047809.066309,8,-0.094932,-0.039057,0.229239
1777047809.066309,10,-0.103575,0.008615,0.169539
1777047809.066309,11,-0.135660,-0.014282,0.201924
1777047809.099891,2,-0.017421,-0.088403,0.277519
1777047809.099891,4,-0.026054,-0.046396,0.214081
1777047809.099891,5,-0.056200,-0.065325,0.251313
1777047809.099891,7,-0.065413,-0.020859,0.187428
1777047809.099891,9,-0.073017,0.027333,0.126520
1777047809.099891,8,-0.095672,-0.041796,0.223636
1777047809.099891,10,-0.102885,0.007268,0.166100
1777047809.099891,11,-0.133852,-0.014265,0.200508
1777047809.167053,2,-0.016943,-0.089262,0.275529
1777047809.167053,4,-0.024639,-0.044792,0.215909
1777047809.167053,5,-0.055243,-0.065375,0.250719
1777047809.167053,7,-0.064217,-0.020554,0.186689
1777047809.167053,9,-0.071797,0.027865,0.126763
1777047809.167053,8,-0.093482,-0.040050,0.225289
1777047809.167053,10,-0.101921,0.007207,0.164786
1777047809.167053,11,-0.133100,-0.014237,0.199185
1777047809.234215,2,-0.016456,-0.087407,0.277633
1777047809.234215,4,-0.024984,-0.045637,0.213996
1777047809.234215,5,-0.054864,-0.065897,0.249456
1777047809.234215,7,-0.064272,-0.020473,0.186279
1777047809.234215,9,-0.072306,0.028129,0.125189
1777047809.234215,8,-0.093651,-0.040691,0.223885
1777047809.234215,10,-0.102091,0.007753,0.164490
1777047809.234215,11,-0.131847,-0.012815,0.201594
1777047809.301375,2,-0.014869,-0.089044,0.275055
1777047809.301375,4,-0.023287,-0.046750,0.212065
1777047809.301375,5,-0.053361,-0.066230,0.248917
1777047809.301375,7,-0.061894,-0.019821,0.187918
1777047809.301375,9,-0.070493,0.027355,0.125361
1777047809.301375,8,-0.092699,-0.041470,0.222917
1777047809.301375,10,-0.099882,0.007299,0.165198
1777047809.301375,11,-0.133058,-0.016265,0.195459
1777047809.368535,2,-0.014228,-0.088803,0.275577
1777047809.368535,4,-0.022219,-0.044731,0.215707
1777047809.368535,5,-0.051884,-0.063440,0.252971
1777047809.368535,7,-0.062144,-0.019935,0.187514
1777047809.368535,9,-0.070918,0.027776,0.124641
1777047809.368535,8,-0.091934,-0.040904,0.224380
1777047809.368535,10,-0.099060,0.008755,0.168427
1777047809.368535,11,-0.130651,-0.013765,0.200725
1777047809.402115,2,-0.014101,-0.091088,0.272012
1777047809.402115,4,-0.021347,-0.045529,0.213904
1777047809.402115,5,-0.052177,-0.066679,0.247424
1777047809.402115,7,-0.060785,-0.020467,0.186334
1777047809.402115,9,-0.069159,0.026884,0.123576
1777047809.402115,8,-0.091343,-0.041823,0.221585
1777047809.402115,10,-0.099647,0.006078,0.161096
1777047809.402115,11,-0.130286,-0.015083,0.197257
1777047809.469274,2,-0.012506,-0.089314,0.273297
1777047809.469274,4,-0.020312,-0.045685,0.212787
1777047809.469274,5,-0.051277,-0.066315,0.246825
1777047809.469274,7,-0.060434,-0.021924,0.183123
1777047809.469274,9,-0.067914,0.026993,0.122962
1777047809.469274,8,-0.089759,-0.041262,0.221558
1777047809.469274,10,-0.098776,0.005770,0.159600
1777047809.469274,11,-0.128826,-0.014464,0.197082
1777047809.502853,2,-0.013146,-0.089464,0.273468
1777047809.502853,4,-0.019815,-0.047032,0.211100
1777047809.502853,5,-0.051047,-0.068559,0.243811
1777047809.502853,7,-0.059116,-0.022290,0.182653
1777047809.502853,9,-0.066985,0.025483,0.120392
1777047809.502853,8,-0.089912,-0.043308,0.218169
1777047809.502853,10,-0.096916,0.005312,0.159829
1777047809.502853,11,-0.128437,-0.015999,0.193835
1777047809.570010,2,-0.011212,-0.089572,0.272493
1777047809.570010,4,-0.019408,-0.047111,0.210818
1777047809.570010,5,-0.050059,-0.067449,0.245922
1777047809.570010,7,-0.059172,-0.022258,0.182531
1777047809.570010,9,-0.066513,0.026618,0.122666
1777047809.570010,8,-0.087948,-0.041153,0.221815
1777047809.570010,10,-0.097112,0.005942,0.160121
1777047809.570010,11,-0.127601,-0.015154,0.195801
1777047809.603589,2,-0.011359,-0.092392,0.269415
1777047809.603589,4,-0.018311,-0.047579,0.210886
1777047809.603589,5,-0.049550,-0.068848,0.243541
1777047809.603589,7,-0.057635,-0.023441,0.181526
1777047809.603589,9,-0.066526,0.023538,0.116613
1777047809.603589,8,-0.087559,-0.042784,0.219410
1777047809.603589,10,-0.096760,0.003745,0.156170
1777047809.603589,11,-0.126962,-0.016608,0.193408
1777047809.670745,2,-0.010606,-0.092856,0.269161
1777047809.670745,4,-0.017789,-0.049763,0.208555
1777047809.670745,5,-0.048153,-0.070288,0.242085
1777047809.670745,7,-0.057548,-0.025361,0.179106
1777047809.670745,9,-0.065258,0.022992,0.117101
1777047809.670745,8,-0.087499,-0.044678,0.216982
1777047809.670745,10,-0.096138,0.002280,0.154017
1777047809.670745,11,-0.126705,-0.017896,0.191635
1777047809.737901,2,-0.010390,-0.091445,0.270757
1777047809.737901,4,-0.017146,-0.048390,0.209627
1777047809.737901,5,-0.048378,-0.069943,0.242205
1777047809.737901,7,-0.057435,-0.025121,0.178203
1777047809.737901,9,-0.065355,0.023659,0.116475
1777047809.737901,8,-0.086490,-0.043367,0.218629
1777047809.737901,10,-0.094397,0.004753,0.158929
1777047809.737901,11,-0.125986,-0.017124,0.192327
1777047809.805056,2,-0.010098,-0.094141,0.267175
1777047809.805056,4,-0.016208,-0.049335,0.208032
1777047809.805056,5,-0.046632,-0.068251,0.243931
1777047809.805056,7,-0.056042,-0.025029,0.178198
1777047809.805056,9,-0.063083,0.024173,0.118807
1777047809.805056,8,-0.085051,-0.043644,0.218099
1777047809.805056,10,-0.093596,0.003814,0.156694
1777047809.805056,11,-0.123798,-0.016531,0.193682
1777047809.872210,2,-0.008289,-0.094734,0.266589
1777047809.872210,4,-0.015222,-0.049578,0.208429
1777047809.872210,5,-0.046383,-0.071025,0.241062
1777047809.872210,7,-0.054399,-0.025128,0.179537
1777047809.872210,9,-0.062657,0.022279,0.115658
1777047809.872210,8,-0.084616,-0.044622,0.216385
1777047809.872210,10,-0.092707,0.002369,0.155487
1777047809.872210,11,-0.123633,-0.018247,0.190951
1777047809.939363,2,-0.008360,-0.093833,0.268315
1777047809.939363,4,-0.015914,-0.050786,0.207185
1777047809.939363,5,-0.045391,-0.069690,0.242986
1777047809.939363,7,-0.055177,-0.026136,0.177824
1777047809.939363,9,-0.063029,0.022388,0.115643
1777047809.939363,8,-0.084822,-0.045840,0.215894
1777047809.939363,10,-0.093084,0.002777,0.155600
1777047809.939363,11,-0.121941,-0.016831,0.195152
1777047810.006516,2,-0.006696,-0.094382,0.267606
1777047810.006516,4,-0.013721,-0.049811,0.209878
1777047810.006516,5,-0.043688,-0.070265,0.242917
1777047810.006516,7,-0.054282,-0.027371,0.177053
1777047810.006516,9,-0.061260,0.022107,0.118173
1777047810.006516,8,-0.082779,-0.044918,0.218114
1777047810.006516,10,-0.092578,0.001136,0.153950
1777047810.006516,11,-0.121863,-0.018470,0.192723
1777047810.040099,2,-0.006526,-0.095974,0.265463
1777047810.040099,4,-0.013974,-0.052860,0.204599
1777047810.040099,5,-0.045170,-0.073339,0.238499
1777047810.040099,7,-0.052865,-0.027170,0.177340
1777047810.040099,9,-0.060807,0.021079,0.115064
1777047810.040099,8,-0.083040,-0.046538,0.214175
1777047810.040099,10,-0.090749,0.001373,0.154708
1777047810.040099,11,-0.121995,-0.019541,0.189587
1777047810.107146,2,-0.005757,-0.096247,0.265044
1777047810.107146,4,-0.012691,-0.050505,0.207844
1777047810.107146,5,-0.042629,-0.070694,0.241730
1777047810.107146,7,-0.052140,-0.025612,0.178896
1777047810.107146,9,-0.061194,0.021571,0.114309
1777047810.107146,8,-0.081678,-0.045350,0.216785
1777047810.107146,10,-0.091478,0.001124,0.152774
1777047810.107146,11,-0.121995,-0.019541,0.189587
1777047810.140709,2,-0.005561,-0.097096,0.263424
1777047810.140709,4,-0.011955,-0.051566,0.206986
1777047810.140709,5,-0.043128,-0.072417,0.239427
1777047810.140709,7,-0.051692,-0.027452,0.176358
1777047810.140709,9,-0.060321,0.019882,0.111354
1777047810.140709,8,-0.081912,-0.047830,0.212513
1777047810.140709,10,-0.089448,0.000724,0.153172
1777047810.140709,11,-0.120265,-0.019786,0.188903
1777047810.207833,2,-0.004834,-0.099527,0.261014
1777047810.207833,4,-0.011171,-0.053510,0.204404
1777047810.207833,5,-0.042568,-0.074576,0.236866
1777047810.207833,7,-0.051278,-0.029959,0.172917
1777047810.207833,9,-0.057894,0.019398,0.113770
1777047810.207833,8,-0.080393,-0.048601,0.212008
1777047810.207833,10,-0.088507,-0.000699,0.151102
1777047810.207833,11,-0.118343,-0.020344,0.188987
1777047810.576995,2,0.000430,-0.094924,0.266827
1777047810.576995,4,-0.007992,-0.050121,0.208831
1777047810.576995,5,-0.037926,-0.070909,0.243636
1777047810.576995,7,-0.048146,-0.025490,0.180821
1777047810.576995,9,-0.057379,0.023735,0.121004
1777047810.576995,8,-0.076781,-0.045581,0.219269
1777047810.576995,10,-0.087142,0.002236,0.158128
1777047810.576995,11,-0.116320,-0.018792,0.195721
1777047810.610553,2,0.000685,-0.096371,0.265338
1777047810.610553,4,-0.007331,-0.050997,0.208558
1777047810.610553,5,-0.037180,-0.071098,0.243325
1777047810.610553,7,-0.047473,-0.027542,0.178609
1777047810.610553,9,-0.056672,0.022097,0.118292
1777047810.610553,8,-0.075865,-0.046253,0.218550
1777047810.610553,10,-0.086654,0.001128,0.156489
1777047810.610553,11,-0.115764,-0.019977,0.193679
1777047810.677669,2,0.000551,-0.098679,0.263378
1777047810.677669,5,-0.037187,-0.072748,0.241657
1777047810.677669,7,-0.046242,-0.027185,0.180532
1777047810.677669,9,-0.056336,0.020800,0.116274
1777047810.677669,8,-0.075671,-0.047231,0.217560
1777047810.677669,10,-0.085587,0.000537,0.156573
1777047810.677669,11,-0.115984,-0.021101,0.191813
1777047810.744783,2,0.001616,-0.097125,0.264927
1777047810.744783,5,-0.035996,-0.071083,0.243506
1777047810.744783,7,-0.046626,-0.027265,0.179306
1777047810.744783,9,-0.056608,0.021385,0.116195
1777047810.744783,8,-0.074700,-0.046135,0.219153
1777047810.744783,10,-0.086315,0.000181,0.154621
1777047810.744783,11,-0.115321,-0.020486,0.193334
1777047810.811896,2,0.002609,-0.097943,0.263812
1777047810.811896,5,-0.034725,-0.073134,0.240462
1777047810.811896,7,-0.045369,-0.028232,0.178425
1777047810.811896,9,-0.055363,0.020725,0.115594
1777047810.811896,8,-0.073711,-0.046845,0.218225
1777047810.811896,10,-0.084469,0.000320,0.155748
1777047810.811896,11,-0.114111,-0.021286,0.191901
1777047810.845463,2,0.002999,-0.098181,0.263403
1777047810.845463,5,-0.034551,-0.075160,0.237899
1777047810.845463,7,-0.044117,-0.028742,0.177857
1777047810.845463,9,-0.054666,0.018625,0.111646
1777047810.845463,8,-0.073135,-0.048343,0.215828
1777047810.845463,10,-0.084628,-0.002160,0.151067
1777047810.845463,11,-0.113096,-0.022264,0.190127
1777047810.912665,2,0.004207,-0.097000,0.264101
1777047810.912665,5,-0.033662,-0.072643,0.241599
1777047810.912665,7,-0.043689,-0.028573,0.177918
1777047810.912665,9,-0.053712,0.019848,0.115097
1777047810.912665,8,-0.072081,-0.047441,0.217353
1777047810.912665,10,-0.083215,-0.000947,0.154047
1777047810.912665,11,-0.112453,-0.021560,0.191667
1777047810.946265,2,0.003691,-0.100718,0.260266
1777047810.946265,5,-0.033516,-0.075843,0.237406
1777047810.946265,7,-0.043411,-0.029586,0.176201
1777047810.946265,9,-0.052564,0.019198,0.115472
1777047810.946265,8,-0.072709,-0.049689,0.213941
1777047810.946265,10,-0.082097,-0.001210,0.154029
1777047810.946265,11,-0.112908,-0.023353,0.188646
1777047811.013467,2,0.004804,-0.099501,0.262358
1777047811.013467,5,-0.032224,-0.074407,0.239805
1777047811.013467,7,-0.042802,-0.029258,0.178025
1777047811.013467,9,-0.052846,0.019755,0.115761
1777047811.013467,8,-0.071602,-0.048714,0.215942
1777047811.013467,10,-0.082191,-0.001239,0.154689
1777047811.013467,11,-0.111981,-0.022618,0.190789
1777047811.080621,2,0.005040,-0.100330,0.261445
1777047811.080621,5,-0.033194,-0.076143,0.237892
1777047811.080621,7,-0.042300,-0.029816,0.177607
1777047811.080621,9,-0.051643,0.019212,0.116302
1777047811.080621,8,-0.071574,-0.050247,0.214154
1777047811.080621,10,-0.082188,-0.002699,0.152150
1777047811.080621,11,-0.111987,-0.024083,0.188726
1777047811.114174,2,0.005003,-0.101643,0.259626
1777047811.114174,5,-0.032622,-0.075736,0.237850
1777047811.114174,7,-0.042542,-0.032145,0.173368
1777047811.114174,9,-0.051257,0.017618,0.113651
1777047811.114174,8,-0.070934,-0.050326,0.213827
1777047811.114174,10,-0.081145,-0.002774,0.152110
1777047811.114174,11,-0.111168,-0.024066,0.187901
1777047811.181278,2,0.005891,-0.100539,0.260272
1777047811.181278,5,-0.032182,-0.075985,0.237463
1777047811.181278,7,-0.041335,-0.029837,0.176807
1777047811.181278,9,-0.051459,0.018172,0.112821
1777047811.181278,8,-0.069726,-0.048769,0.215553
1777047811.181278,10,-0.080473,-0.002060,0.153050
1777047811.181278,11,-0.109778,-0.023038,0.190003
1777047811.248381,2,0.006220,-0.102342,0.258280
1777047811.248381,5,-0.030267,-0.076509,0.236213
1777047811.248381,7,-0.041027,-0.031583,0.173549
1777047811.248381,9,-0.050273,0.017885,0.112409
1777047811.248381,8,-0.069416,-0.050494,0.212987
1777047811.248381,10,-0.079959,-0.003169,0.151057
1777047811.248381,11,-0.107783,-0.022335,0.191033
1777047811.281932,2,0.006990,-0.102290,0.258089
1777047811.281932,5,-0.030147,-0.077799,0.234633
1777047811.281932,7,-0.040350,-0.032523,0.172551
1777047811.281932,9,-0.049816,0.016560,0.110113
1777047811.281932,8,-0.068316,-0.050730,0.213311
1777047811.281932,10,-0.079569,-0.004165,0.149366
1777047811.281932,11,-0.109333,-0.025209,0.186275
1777047811.349032,5,-0.029488,-0.075569,0.238296
1777047811.349032,7,-0.038837,-0.030370,0.177050
1777047811.349032,9,-0.049091,0.017552,0.113825
1777047811.349032,8,-0.068087,-0.050919,0.213598
1777047811.349032,10,-0.079252,-0.003872,0.150423
1777047811.349032,11,-0.108304,-0.024452,0.188000
1777047811.416132,5,-0.029695,-0.077461,0.236351
1777047811.416132,7,-0.039070,-0.031244,0.176037
1777047811.416132,9,-0.049133,0.017354,0.112828
1777047811.416132,8,-0.066961,-0.049726,0.215977
1777047811.416132,10,-0.078739,-0.003240,0.152160
1777047811.416132,11,-0.107982,-0.024628,0.188922
1777047811.449681,5,-0.028816,-0.075989,0.238587
1777047811.449681,7,-0.038886,-0.031049,0.176161
1777047811.449681,9,-0.049293,0.017499,0.112597
1777047811.449681,8,-0.067596,-0.051232,0.213898
1777047811.449681,10,-0.078248,-0.003291,0.152726
1777047811.449681,11,-0.106079,-0.023202,0.192352
1777047811.516778,5,-0.027683,-0.077022,0.237485
1777047811.516778,7,-0.038987,-0.032051,0.175395
1777047811.516778,9,-0.048633,0.018248,0.115313
1777047811.516778,8,-0.065688,-0.049183,0.218165
1777047811.516778,10,-0.078237,-0.003297,0.153165
1777047811.516778,11,-0.105525,-0.022892,0.193302
1777047811.583873,5,-0.026715,-0.075857,0.239026
1777047811.583873,7,-0.037659,-0.029558,0.178746
1777047811.583873,9,-0.048762,0.018876,0.115462
1777047811.583873,8,-0.065713,-0.049423,0.217426
1777047811.583873,10,-0.077847,-0.002657,0.154136
1777047811.583873,11,-0.105982,-0.023409,0.193089
1777047811.617420,5,-0.027404,-0.075807,0.239467
1777047811.617420,7,-0.038324,-0.031001,0.176199
1777047811.617420,9,-0.049101,0.018911,0.114846
1777047811.617420,8,-0.065593,-0.049490,0.217778
1777047811.617420,10,-0.077838,-0.002359,0.154650
1777047811.617420,11,-0.105945,-0.023275,0.193051
1777047811.650967,5,-0.026709,-0.074564,0.241177
1777047811.650967,7,-0.037245,-0.028946,0.179923
1777047811.650967,9,-0.048257,0.020035,0.117639
1777047811.650967,8,-0.065516,-0.049196,0.218278
1777047811.650967,10,-0.077062,-0.001447,0.157098
1777047811.650967,11,-0.107663,-0.024720,0.190365
1777047811.718059,5,-0.025979,-0.074406,0.240290
1777047811.718059,7,-0.036484,-0.028706,0.179586
1777047811.718059,9,-0.048028,0.019967,0.115693
1777047811.718059,8,-0.065185,-0.049762,0.216521
1777047811.718059,10,-0.076363,-0.001045,0.156480
1777047811.718059,11,-0.104778,-0.022177,0.193916
1777047811.785149,5,-0.025393,-0.073078,0.242580
1777047811.785149,7,-0.036375,-0.027981,0.180882
1777047811.785149,9,-0.048327,0.020503,0.116281
1777047811.785149,8,-0.064344,-0.048450,0.218864
1777047811.785149,10,-0.076034,0.000139,0.158803
1777047811.785149,11,-0.104480,-0.021724,0.195601
1777047811.852238,5,-0.024390,-0.072651,0.239208
1777047811.852238,7,-0.035179,-0.025540,0.180704
1777047811.852238,9,-0.046852,0.023401,0.118230
1777047811.852238,8,-0.063638,-0.046439,0.217778
1777047811.852238,10,-0.075890,0.001199,0.155833
1777047811.852238,11,-0.104255,-0.020017,0.193805
1777047811.885782,5,-0.024602,-0.071122,0.241275
1777047811.885782,7,-0.035616,-0.025981,0.179828
1777047811.885782,9,-0.046586,0.023615,0.118230
1777047811.885782,8,-0.064424,-0.047514,0.215873
1777047811.885782,10,-0.075885,0.001526,0.156297
1777047811.885782,11,-0.103729,-0.019670,0.194486
1777047811.952869,5,-0.024331,-0.068862,0.237923
1777047811.952869,7,-0.036063,-0.022591,0.177420
1777047811.952869,9,-0.046785,0.027506,0.116641
1777047811.952869,8,-0.063449,-0.042345,0.217030
1777047811.952869,10,-0.076154,0.005125,0.154484
1777047811.952869,11,-0.104080,-0.015830,0.193185
1777047811.986412,7,-0.034951,-0.016088,0.178965
1777047811.986412,5,-0.023816,-0.063147,0.237343
1777047811.986412,9,-0.047429,0.032325,0.114078
1777047811.986412,8,-0.063272,-0.037000,0.216137
1777047811.986412,10,-0.075712,0.010845,0.154390
1777047811.986412,11,-0.103406,-0.010043,0.193137
1777047812.053509,5,-0.024314,-0.061855,0.239602
1777047812.053509,7,-0.035393,-0.016526,0.178091
1777047812.053509,9,-0.046721,0.033118,0.116484
1777047812.053509,8,-0.063272,-0.037000,0.216137
1777047812.053509,10,-0.075703,0.011171,0.154854
1777047812.053509,11,-0.103450,-0.009816,0.193315
1777047812.087064,5,-0.023808,-0.057690,0.236799
1777047812.087064,7,-0.034882,-0.010155,0.178692
1777047812.087064,9,-0.046747,0.039222,0.116967
1777047812.087064,8,-0.063062,-0.031045,0.216325
1777047812.087064,10,-0.075336,0.017437,0.155366
1777047812.087064,11,-0.103868,-0.004998,0.191842
1777047812.154173,5,-0.023723,-0.053723,0.236574
1777047812.154173,7,-0.035215,-0.006096,0.178481
1777047812.154173,9,-0.046757,0.044064,0.116837
1777047812.154173,8,-0.062673,-0.026376,0.217082
1777047812.154173,10,-0.075453,0.021850,0.154823
1777047812.154173,11,-0.102622,0.000526,0.194633
1777047812.221281,7,-0.034694,-0.005443,0.179086
1777047812.221281,5,-0.024337,-0.053386,0.237232
1777047812.221281,9,-0.046741,0.044184,0.117227
1777047812.221281,8,-0.062804,-0.026320,0.216715
1777047812.221281,10,-0.075165,0.022263,0.155927
1777047812.221281,11,-0.103570,0.000037,0.192733
1777047812.288387,5,-0.024357,-0.049014,0.239567
1777047812.288387,7,-0.035893,-0.002824,0.178953
1777047812.288387,9,-0.046521,0.048073,0.120262
1777047812.288387,8,-0.063500,-0.023585,0.217200
1777047812.288387,10,-0.076896,0.024464,0.154139
1777047812.288387,11,-0.104621,0.002849,0.193203
1777047812.355491,5,-0.024510,-0.048904,0.240870
1777047812.355491,7,-0.036837,-0.002518,0.180811
1777047812.355491,9,-0.048393,0.047901,0.120332
1777047812.355491,8,-0.063688,-0.022276,0.221207
1777047812.355491,10,-0.076329,0.025954,0.160474
1777047812.355491,11,-0.105234,0.003476,0.196410
1777047812.389043,5,-0.026148,-0.049640,0.241789
1777047812.389043,7,-0.038337,-0.003757,0.181003
1777047812.389043,9,-0.048472,0.048174,0.125400
1777047812.389043,8,-0.065150,-0.023477,0.221272
1777047812.389043,10,-0.077111,0.025357,0.161761
1777047812.389043,11,-0.105746,0.002886,0.197931
1777047812.623895,2,0.005392,-0.082074,0.272366
1777047812.623895,4,-0.004939,-0.034881,0.220053
1777047812.623895,6,-0.015534,0.011618,0.157097
1777047812.623895,5,-0.033114,-0.056906,0.252826
1777047812.623895,7,-0.045717,-0.011960,0.191340
1777047812.623895,9,-0.057288,0.038660,0.131237
1777047812.623895,8,-0.071581,-0.030804,0.232389
1777047812.623895,10,-0.084428,0.017160,0.172359
1777047812.623895,11,-0.110450,-0.003194,0.212282
1777047812.825183,2,-0.000510,-0.089832,0.277127
1777047812.825183,4,-0.009579,-0.040559,0.225635
1777047812.825183,6,-0.020794,0.006513,0.165422
1777047812.825183,5,-0.038212,-0.061490,0.259680
1777047812.825183,7,-0.050386,-0.016651,0.199740
1777047812.825183,9,-0.062178,0.033261,0.139059
1777047812.825183,8,-0.076685,-0.035241,0.239721
1777047812.825183,10,-0.089249,0.012534,0.181140
1777047812.825183,11,-0.116444,-0.008929,0.218125
1777047812.858730,2,-0.000816,-0.089523,0.277880
1777047812.858730,4,-0.009343,-0.039255,0.228615
1777047812.858730,6,-0.021607,0.005394,0.164599
1777047812.858730,5,-0.038801,-0.062143,0.260103
1777047812.858730,7,-0.050291,-0.016708,0.200780
1777047812.858730,9,-0.062272,0.033285,0.141162
1777047812.858730,8,-0.076942,-0.035745,0.240196
1777047812.858730,10,-0.089959,0.011821,0.180929
1777047812.858730,11,-0.116709,-0.009117,0.218808
1777047812.892276,2,-0.001091,-0.089553,0.278713
1777047812.892276,4,-0.010286,-0.040578,0.227283
1777047812.892276,6,-0.022191,0.005067,0.165101
1777047812.892276,5,-0.039076,-0.062220,0.260703
1777047812.892276,7,-0.050083,-0.016086,0.202951
1777047812.892276,9,-0.062555,0.032991,0.141910
1777047812.892276,8,-0.077473,-0.035638,0.241076
1777047812.892276,10,-0.090474,0.011287,0.180515
1777047812.892276,11,-0.117397,-0.009636,0.219363
1777047812.992913,2,-0.002601,-0.092475,0.277682
1777047812.992913,4,-0.011871,-0.041927,0.228617
1777047812.992913,6,-0.023535,0.001951,0.163390
1777047812.992913,5,-0.040266,-0.064605,0.260438
1777047812.992913,7,-0.052954,-0.020406,0.198820
1777047812.992913,9,-0.063850,0.030119,0.140775
1777047812.992913,8,-0.078587,-0.038192,0.240115
1777047812.992913,10,-0.091526,0.008889,0.180430
1777047812.992913,11,-0.118320,-0.011613,0.218557
1777047813.060017,2,-0.001948,-0.090008,0.279714
1777047813.060017,4,-0.012019,-0.041884,0.228890
1777047813.060017,6,-0.023169,0.002598,0.165128
1777047813.060017,5,-0.039720,-0.062942,0.261946
1777047813.060017,7,-0.052853,-0.020402,0.198951
1777047813.060017,9,-0.064778,0.029380,0.138513
1777047813.060017,8,-0.078587,-0.038192,0.240115
1777047813.060017,10,-0.091013,0.009495,0.181780
1777047813.060017,11,-0.119180,-0.012392,0.217536
1777047813.093566,2,-0.002119,-0.094252,0.278396
1777047813.093566,4,-0.010815,-0.045500,0.227351
1777047813.093566,6,-0.022982,-0.001755,0.163026
1777047813.093566,5,-0.040368,-0.068417,0.258888
1777047813.093566,7,-0.052342,-0.024128,0.198064
1777047813.093566,9,-0.063374,0.025833,0.139021
1777047813.093566,8,-0.078604,-0.042193,0.238817
1777047813.093566,10,-0.091166,0.005127,0.179311
1777047813.093566,11,-0.118102,-0.015400,0.216888
1777047813.160663,2,-0.001989,-0.097859,0.277579
1777047813.160663,4,-0.010612,-0.049231,0.226379
1777047813.160663,6,-0.022634,-0.005968,0.161987
1777047813.160663,5,-0.040121,-0.071860,0.258291
1777047813.160663,7,-0.050647,-0.026109,0.200197
1777047813.160663,9,-0.062882,0.021794,0.137631
1777047813.160663,8,-0.078345,-0.045661,0.237492
1777047813.160663,10,-0.090805,0.001228,0.177901
1777047813.160663,11,-0.117864,-0.019170,0.215462
1777047813.194211,2,-0.002083,-0.097806,0.277621
1777047813.194211,4,-0.011258,-0.051018,0.224177
1777047813.194211,6,-0.022005,-0.008694,0.162050
1777047813.194211,5,-0.039871,-0.074743,0.258023
1777047813.194211,7,-0.051948,-0.030374,0.197725
1777047813.194211,9,-0.062678,0.018266,0.136430
1777047813.194211,8,-0.077913,-0.048480,0.237045
1777047813.194211,10,-0.090991,-0.002858,0.175678
1777047813.194211,11,-0.118028,-0.022828,0.214240
1777047813.261304,2,-0.002340,-0.102382,0.275919
1777047813.261304,4,-0.011094,-0.052049,0.227137
1777047813.261304,6,-0.021409,-0.007862,0.163538
1777047813.261304,5,-0.039606,-0.074008,0.258337
1777047813.261304,7,-0.051178,-0.030664,0.196901
1777047813.261304,9,-0.062383,0.018588,0.137057
1777047813.261304,8,-0.076924,-0.047425,0.238695
1777047813.261304,10,-0.090130,-0.002168,0.176922
1777047813.261304,11,-0.117144,-0.021887,0.215301
1777047813.328397,2,0.000072,-0.105000,0.274031
1777047813.328397,4,-0.008444,-0.055979,0.221650
1777047813.328397,6,-0.018995,-0.009633,0.161869
1777047813.328397,5,-0.037877,-0.077835,0.254561
1777047813.328397,7,-0.049569,-0.033411,0.193575
1777047813.328397,9,-0.061060,0.015576,0.131244
1777047813.328397,8,-0.076041,-0.051500,0.233767
1777047813.328397,10,-0.088907,-0.005213,0.171939
1777047813.328397,11,-0.115041,-0.024163,0.212661
1777047813.395488,2,0.003782,-0.101133,0.276499
1777047813.395488,4,-0.004422,-0.052447,0.225572
1777047813.395488,6,-0.015566,-0.007765,0.163793
1777047813.395488,5,-0.034248,-0.075114,0.256938
1777047813.395488,7,-0.044896,-0.030644,0.196717
1777047813.395488,9,-0.057821,0.016959,0.132053
1777047813.395488,8,-0.072528,-0.049323,0.235414
1777047813.395488,10,-0.085687,-0.003709,0.172476
1777047813.395488,11,-0.111822,-0.023314,0.213024
1777047813.462577,2,0.005340,-0.101045,0.273069
1777047813.462577,4,-0.004073,-0.051412,0.223005
1777047813.462577,6,-0.015232,-0.008164,0.155764
1777047813.462577,5,-0.032805,-0.074757,0.253158
1777047813.462577,9,-0.055149,0.020137,0.132833
1777047813.462577,7,-0.043796,-0.029196,0.193705
1777047813.462577,8,-0.071298,-0.048772,0.231891
1777047813.462577,10,-0.084214,-0.002104,0.170246
1777047813.462577,11,-0.112473,-0.023595,0.207094
1777047813.529664,2,0.007602,-0.097980,0.275396
1777047813.529664,4,-0.000855,-0.049267,0.224630
1777047813.529664,6,-0.012539,-0.005338,0.159505
1777047813.529664,5,-0.030251,-0.071376,0.256213
1777047813.529664,7,-0.041705,-0.027349,0.194962
1777047813.529664,9,-0.053853,0.021925,0.131959
1777047813.529664,8,-0.068756,-0.045810,0.234565
1777047813.529664,10,-0.082192,0.000230,0.171418
1777047813.529664,11,-0.108181,-0.019427,0.212003
1777047813.596750,2,0.008931,-0.095809,0.276779
1777047813.596750,4,0.000817,-0.045979,0.226683
1777047813.596750,5,-0.028283,-0.067513,0.259240
1777047813.596750,7,-0.040440,-0.024380,0.196145
1777047813.596750,9,-0.052629,0.024708,0.132593
1777047813.596750,8,-0.066831,-0.042290,0.236948
1777047813.596750,10,-0.079945,0.004445,0.174770
1777047813.596750,11,-0.106553,-0.015972,0.214440
1777047813.663834,2,0.010110,-0.093720,0.274622
1777047813.663834,4,0.001941,-0.043871,0.224580
1777047813.663834,5,-0.027210,-0.065604,0.257247
1777047813.663834,9,-0.050281,0.027829,0.133539
1777047813.663834,7,-0.038624,-0.021301,0.195205
1777047813.663834,8,-0.066009,-0.040839,0.233990
1777047813.663834,10,-0.079988,0.005178,0.169757
1777047813.663834,11,-0.106633,-0.015251,0.209981
1777047813.730917,2,0.011084,-0.092086,0.277736
1777047813.730917,4,0.002360,-0.044180,0.224581
1777047813.730917,5,-0.026878,-0.066127,0.257781
1777047813.730917,9,-0.050188,0.028149,0.132575
1777047813.730917,7,-0.038455,-0.021310,0.195584
1777047813.730917,8,-0.064894,-0.039424,0.236747
1777047813.730917,10,-0.078338,0.006805,0.173604
1777047813.730917,11,-0.105350,-0.013466,0.213279
1777047813.764457,2,0.011938,-0.091407,0.279999
1777047813.764457,4,0.003653,-0.040954,0.229989
1777047813.764457,5,-0.025918,-0.063726,0.261689
1777047813.764457,7,-0.037365,-0.019234,0.199425
1777047813.764457,9,-0.049240,0.030185,0.136863
1777047813.764457,8,-0.063934,-0.037224,0.240986
1777047813.764457,10,-0.076500,0.009732,0.179762
1777047813.764457,11,-0.105447,-0.012637,0.214718
1777047813.831537,2,0.011851,-0.090773,0.278283
1777047813.831537,5,-0.025606,-0.062804,0.260700
1777047813.831537,7,-0.037121,-0.017915,0.198994
1777047813.831537,9,-0.047589,0.032336,0.140266
1777047813.831537,8,-0.064775,-0.038133,0.237403
1777047813.831537,10,-0.076526,0.010486,0.178062
1777047813.831537,11,-0.104447,-0.011190,0.215112
1777047813.898615,2,0.011965,-0.089675,0.280613
1777047813.898615,4,0.003276,-0.040819,0.228199
1777047813.898615,5,-0.025272,-0.060873,0.263580
1777047813.898615,7,-0.037106,-0.016966,0.200820
1777047813.898615,9,-0.048885,0.033114,0.139849
1777047813.898615,8,-0.064243,-0.036078,0.240758
1777047813.898615,10,-0.076917,0.011372,0.179677
1777047813.898615,11,-0.104965,-0.010258,0.216785
1777047813.965703,2,0.012286,-0.086603,0.284586
1777047813.965703,4,0.003251,-0.037905,0.232532
1777047813.965703,5,-0.024728,-0.059756,0.265123
1777047813.965703,7,-0.037833,-0.016004,0.201876
1777047813.965703,9,-0.049474,0.034292,0.141251
1777047813.965703,8,-0.064834,-0.034737,0.242562
1777047813.965703,10,-0.077916,0.012434,0.180558
1777047813.965703,11,-0.105513,-0.008824,0.218719
1777047814.032871,2,0.012187,-0.086139,0.286461
1777047814.032871,4,0.003409,-0.037483,0.234459
1777047814.032871,5,-0.024632,-0.058898,0.267617
1777047814.032871,7,-0.036606,-0.013317,0.208016
1777047814.032871,9,-0.048767,0.035832,0.145508
1777047814.032871,8,-0.065018,-0.034570,0.244217
1777047814.032871,10,-0.077231,0.014089,0.184762
1777047814.032871,11,-0.104756,-0.007630,0.222463
1777047814.133466,2,0.012059,-0.086193,0.285451
1777047814.133466,4,0.002661,-0.039886,0.230336
1777047814.133466,5,-0.026878,-0.061958,0.263671
1777047814.133466,7,-0.037997,-0.015834,0.203755
1777047814.133466,9,-0.050063,0.033741,0.141379
1777047814.133466,8,-0.065504,-0.035548,0.242356
1777047814.133466,10,-0.077853,0.012180,0.182152
1777047814.133466,11,-0.103987,-0.007655,0.222404
1777047814.167017,2,0.012135,-0.085577,0.287354
1777047814.167017,4,0.003216,-0.036900,0.235699
1777047814.167017,5,-0.025086,-0.059378,0.267404
1777047814.167017,7,-0.037814,-0.014238,0.206851
1777047814.167017,9,-0.049575,0.035498,0.145193
1777047814.167017,8,-0.064981,-0.033970,0.245986
1777047814.167017,10,-0.077540,0.013814,0.185288
1777047814.167017,11,-0.106528,-0.008799,0.220348
1777047814.234117,2,0.011051,-0.089298,0.283213
1777047814.234117,4,0.003202,-0.036996,0.235521
1777047814.234117,5,-0.026814,-0.061379,0.265304
1777047814.234117,7,-0.038042,-0.015318,0.204955
1777047814.234117,9,-0.050200,0.033878,0.142469
1777047814.234117,8,-0.065364,-0.035442,0.243461
1777047814.234117,10,-0.079020,0.011434,0.180521
1777047814.234117,11,-0.105548,-0.008866,0.221014
1777047814.301216,2,0.011610,-0.085743,0.288091
1777047814.301216,4,0.002138,-0.038615,0.234458
1777047814.301216,5,-0.026109,-0.060917,0.266629
1777047814.301216,7,-0.038686,-0.015410,0.206195
1777047814.301216,9,-0.050506,0.034271,0.144402
1777047814.301216,8,-0.065801,-0.035078,0.245460
1777047814.301216,10,-0.078262,0.012975,0.185304
1777047814.301216,11,-0.106399,-0.009110,0.222100
1777047814.368313,2,0.011072,-0.087174,0.288117
1777047814.368313,4,0.002422,-0.037363,0.237331
1777047814.368313,5,-0.027060,-0.060597,0.268757
1777047814.368313,7,-0.038906,-0.015731,0.206952
1777047814.368313,9,-0.050789,0.034318,0.145529
1777047814.368313,8,-0.065096,-0.033538,0.248872
1777047814.368313,10,-0.079205,0.012475,0.185105
1777047814.368313,11,-0.107042,-0.009536,0.222196
1777047814.401860,2,0.010911,-0.087455,0.287432
1777047814.401860,4,0.001541,-0.039638,0.233949
1777047814.401860,5,-0.027644,-0.061906,0.266992
1777047814.401860,7,-0.038988,-0.015507,0.207122
1777047814.401860,9,-0.050499,0.034135,0.146102
1777047814.401860,8,-0.065113,-0.032142,0.251049
1777047814.401860,10,-0.078932,0.014235,0.187771
1777047814.401860,11,-0.106548,-0.007407,0.225917
1777047814.468955,2,0.011042,-0.085452,0.290185
1777047814.468955,4,0.001855,-0.036363,0.239151
1777047814.468955,6,-0.009295,0.009178,0.176531
1777047814.468955,5,-0.027788,-0.060474,0.269510
1777047814.468955,7,-0.039198,-0.014458,0.209032
1777047814.468955,9,-0.050981,0.035260,0.147931
1777047814.468955,8,-0.066342,-0.033934,0.248731
1777047814.468955,10,-0.080186,0.012525,0.185065
1777047814.468955,11,-0.107043,-0.008149,0.224542
1777047814.536048,2,0.010483,-0.084526,0.292611
1777047814.536048,4,0.001754,-0.034747,0.242193
1777047814.536048,6,-0.010070,0.009876,0.177720
1777047814.536048,5,-0.028333,-0.059563,0.271391
1777047814.536048,7,-0.039740,-0.013012,0.211917
1777047814.536048,9,-0.052785,0.035518,0.147596
1777047814.536048,8,-0.066761,-0.033340,0.250597
1777047814.536048,10,-0.080106,0.014529,0.189483
1777047814.536048,11,-0.107464,-0.007274,0.227409
1777047814.603139,2,0.009813,-0.085717,0.291806
1777047814.603139,4,0.000739,-0.037525,0.239584
1777047814.603139,6,-0.009660,0.010264,0.181606
1777047814.603139,5,-0.028598,-0.060378,0.271565
1777047814.603139,7,-0.040727,-0.015025,0.210325
1777047814.603139,9,-0.052446,0.034227,0.148754
1777047814.603139,8,-0.067481,-0.035046,0.249547
1777047814.603139,10,-0.080724,0.012233,0.188138
1777047814.603139,11,-0.107220,-0.008141,0.227692
1777047814.636684,2,0.009750,-0.085260,0.293837
1777047814.636684,4,0.000939,-0.035781,0.242844
1777047814.636684,6,-0.011141,0.009390,0.178764
1777047814.636684,5,-0.028560,-0.059119,0.274144
1777047814.636684,7,-0.040502,-0.013055,0.214236
1777047814.636684,9,-0.053031,0.035760,0.150756
1777047814.636684,8,-0.067065,-0.032411,0.253932
1777047814.636684,10,-0.080231,0.014235,0.192292
1777047814.636684,11,-0.109829,-0.009290,0.226466
1777047814.703773,2,0.009040,-0.086655,0.292710
1777047814.703773,4,0.000176,-0.036822,0.241895
1777047814.703773,6,-0.011058,0.009514,0.180961
1777047814.703773,5,-0.029366,-0.060637,0.272563
1777047814.703773,7,-0.041197,-0.014966,0.212451
1777047814.703773,9,-0.053894,0.034234,0.148956
1777047814.703773,8,-0.068197,-0.034469,0.251961
1777047814.703773,10,-0.081233,0.012812,0.190387
1777047814.703773,11,-0.118777,-0.018412,0.209632
1777047814.737317,2,0.009602,-0.084715,0.295100
1777047814.737317,4,-0.000395,-0.037522,0.240804
1777047814.737317,6,-0.011864,0.009122,0.179642
1777047814.737317,5,-0.029014,-0.059121,0.275099
1777047814.737317,9,-0.053474,0.035396,0.151729
1777047814.737317,7,-0.041687,-0.014259,0.213509
1777047814.737317,8,-0.067684,-0.033531,0.253681
1777047814.737317,10,-0.081461,0.013379,0.191411
1777047814.737317,11,-0.109006,-0.008222,0.229097
1777047814.770861,2,0.009015,-0.086446,0.293842
1777047814.770861,4,-0.001097,-0.037303,0.242571
1777047814.770861,6,-0.011252,0.009743,0.182190
1777047814.770861,5,-0.028933,-0.058458,0.276081
1777047814.770861,9,-0.053522,0.034515,0.151727
1777047814.770861,7,-0.041263,-0.014244,0.213916
1777047814.770861,8,-0.068506,-0.034616,0.252455
1777047814.770861,10,-0.081263,0.013141,0.192210
1777047814.770861,11,-0.108715,-0.008119,0.230238
1777047814.837946,2,0.008167,-0.088033,0.292442
1777047814.837946,4,-0.001224,-0.039385,0.239909
1777047814.837946,6,-0.012236,0.007671,0.179370
1777047814.837946,5,-0.029350,-0.061255,0.272936
1777047814.837946,7,-0.041734,-0.015602,0.213554
1777047814.837946,9,-0.054375,0.033033,0.149641
1777047814.837946,8,-0.068627,-0.035024,0.252783
1777047814.837946,10,-0.082807,0.010742,0.188801
1777047814.837946,11,-0.109551,-0.009300,0.229140
1777047814.938581,2,0.006736,-0.088707,0.291789
1777047814.938581,4,-0.003136,-0.040730,0.239892
1777047814.938581,6,-0.013447,0.005716,0.178325
1777047814.938581,5,-0.032111,-0.064247,0.270492
1777047814.938581,7,-0.043541,-0.018278,0.210166
1777047814.938581,9,-0.055440,0.031139,0.148863
1777047814.938581,8,-0.070935,-0.038335,0.248877
1777047814.938581,10,-0.083097,0.010143,0.189803
1777047814.938581,11,-0.110993,-0.011830,0.226709
1777047814.972160,2,0.005699,-0.091602,0.289493
1777047814.972160,4,-0.002608,-0.040375,0.240210
1777047814.972160,6,-0.013262,0.005803,0.179962
1777047814.972160,5,-0.032269,-0.064430,0.270877
1777047814.972160,9,-0.056389,0.029607,0.147191
1777047814.972160,7,-0.044727,-0.020121,0.207994
1777047814.972160,8,-0.071883,-0.039352,0.247781
1777047814.972160,10,-0.084384,0.008348,0.187253
1777047814.972160,11,-0.112108,-0.013285,0.224841
1777047815.140292,2,0.003735,-0.091781,0.290960
1777047815.140292,4,-0.005394,-0.045055,0.237241
1777047815.140292,6,-0.016547,0.000639,0.174804
1777047815.140292,5,-0.033990,-0.067577,0.268970
1777047815.140292,7,-0.046252,-0.022147,0.208990
1777047815.140292,9,-0.058335,0.025896,0.145064
1777047815.140292,8,-0.073492,-0.041438,0.248160
1777047815.140292,10,-0.085695,0.005820,0.187988
1777047815.140292,11,-0.113533,-0.015326,0.225124
1777047815.342498,2,0.002823,-0.093179,0.290420
1777047815.342498,4,-0.006828,-0.044617,0.238865
1777047815.342498,6,-0.017575,-0.000030,0.173791
1777047815.342498,5,-0.035298,-0.066478,0.271018
1777047815.342498,7,-0.046915,-0.022250,0.208950
1777047815.342498,9,-0.058793,0.026898,0.147200
1777047815.342498,8,-0.073808,-0.040664,0.249464
1777047815.342498,10,-0.086648,0.005731,0.187346
1777047815.342498,11,-0.114646,-0.015606,0.224758
1777047815.443609,2,0.002611,-0.092956,0.290357
1777047815.443609,4,-0.005696,-0.043435,0.239505
1777047815.443609,6,-0.017509,0.000256,0.173635
1777047815.443609,5,-0.035243,-0.066225,0.270692
1777047815.443609,7,-0.046528,-0.021209,0.210382
1777047815.443609,9,-0.058788,0.027064,0.147310
1777047815.443609,8,-0.073835,-0.041101,0.248784
1777047815.443609,10,-0.087706,0.005176,0.185019
1777047815.443609,11,-0.114739,-0.015735,0.223922
1777047815.511019,2,0.003330,-0.090205,0.293834
1777047815.511019,4,-0.005125,-0.040635,0.243054
1777047815.511019,6,-0.016922,0.003459,0.177846
1777047815.511019,7,-0.046262,-0.019173,0.212926
1777047815.511019,9,-0.058381,0.029906,0.150858
1777047815.511019,5,-0.034792,-0.065909,0.271255
1777047815.511019,8,-0.073399,-0.038384,0.252020
1777047815.511019,10,-0.087818,0.007164,0.187428
1777047815.511019,11,-0.115049,-0.013638,0.226367
1777047815.544724,2,0.003848,-0.087544,0.296975
1777047815.544724,4,-0.004722,-0.037464,0.246903
1777047815.544724,6,-0.017267,0.005529,0.179648
1777047815.544724,7,-0.045726,-0.015334,0.217948
1777047815.544724,5,-0.034146,-0.062659,0.275501
1777047815.544724,9,-0.058296,0.033091,0.154901
1777047815.544724,8,-0.073018,-0.035369,0.255911
1777047815.544724,10,-0.085354,0.012619,0.196979
1777047815.544724,11,-0.114734,-0.010681,0.230452
1777047815.612138,2,0.004587,-0.083564,0.301567
1777047815.612138,4,-0.005318,-0.034797,0.250639
1777047815.612138,6,-0.015856,0.011231,0.189145
1777047815.612138,5,-0.033494,-0.057564,0.282334
1777047815.612138,7,-0.045926,-0.013420,0.220443
1777047815.612138,9,-0.058272,0.035884,0.158607
1777047815.612138,8,-0.072483,-0.031911,0.260881
1777047815.612138,10,-0.085657,0.014952,0.199888
1777047815.612138,11,-0.121674,-0.015610,0.220782
1777047815.645845,2,0.005104,-0.080197,0.305942
1777047815.645845,4,-0.004029,-0.031163,0.254917
1777047815.645845,6,-0.016723,0.012992,0.189716
1777047815.645845,5,-0.033936,-0.055794,0.285096
1777047815.645845,7,-0.046233,-0.010750,0.223795
1777047815.645845,9,-0.059119,0.038212,0.160419
1777047815.645845,8,-0.072131,-0.029109,0.265328
1777047815.645845,10,-0.086076,0.017490,0.203264
1777047815.645845,11,-0.111975,-0.002651,0.243534
1777047815.679553,2,0.005634,-0.077417,0.309875
1777047815.679553,4,-0.003832,-0.027772,0.259538
1777047815.679553,6,-0.017271,0.014911,0.191620
1777047815.679553,5,-0.032593,-0.052622,0.288666
1777047815.679553,7,-0.045195,-0.006395,0.230310
1777047815.679553,9,-0.059125,0.041664,0.165854
1777047815.679553,8,-0.072849,-0.027468,0.267570
1777047815.679553,10,-0.086114,0.020280,0.207434
1777047815.679553,11,-0.111914,0.000276,0.247909
1777047815.746971,2,0.003058,-0.080594,0.307723
1777047815.746971,4,-0.005698,-0.031205,0.255232
1777047815.746971,6,-0.017884,0.014156,0.191936
1777047815.746971,5,-0.034918,-0.054715,0.287628
1777047815.746971,9,-0.059132,0.041179,0.167382
1777047815.746971,7,-0.046906,-0.008571,0.227769
1777047815.746971,8,-0.073348,-0.027452,0.268510
1777047815.746971,10,-0.086964,0.018796,0.206406
1777047815.746971,11,-0.114507,-0.002495,0.244298
1777047815.814391,2,0.002785,-0.077576,0.312032
1777047815.814391,4,-0.005846,-0.028200,0.260694
1777047815.814391,6,-0.018730,0.015900,0.195934
1777047815.814391,5,-0.035127,-0.051742,0.291870
1777047815.814391,7,-0.046992,-0.006266,0.232585
1777047815.814391,9,-0.060307,0.041922,0.169434
1777047815.814391,8,-0.074415,-0.026584,0.270277
1777047815.814391,10,-0.087505,0.020831,0.210583
1777047815.814391,11,-0.116261,-0.002544,0.245235
1777047815.881813,2,0.001464,-0.079879,0.310364
1777047815.881813,4,-0.007390,-0.031061,0.257799
1777047815.881813,6,-0.019486,0.014551,0.195515
1777047815.881813,5,-0.036475,-0.053731,0.289981
1777047815.881813,7,-0.048419,-0.007798,0.230953
1777047815.881813,9,-0.061336,0.040654,0.168590
1777047815.881813,8,-0.075637,-0.028165,0.269332
1777047815.881813,10,-0.089739,0.018532,0.207201
1777047815.881813,11,-0.115469,-0.001440,0.247974
1777047815.982951,2,0.000056,-0.081141,0.310518
1777047815.982951,4,-0.008393,-0.032574,0.258753
1777047815.982951,6,-0.021250,0.011145,0.193064
1777047815.982951,5,-0.036425,-0.054887,0.291199
1777047815.982951,7,-0.050470,-0.011691,0.228466
1777047815.982951,9,-0.063212,0.037123,0.166430
1777047815.982951,8,-0.076893,-0.030480,0.268948
1777047815.982951,10,-0.091920,0.014743,0.204354
1777047815.982951,11,-0.117987,-0.006914,0.243329
1777047816.050378,2,-0.000962,-0.082923,0.310142
1777047816.050378,6,-0.021477,0.010693,0.195360
1777047816.050378,4,-0.009323,-0.033723,0.258766
1777047816.050378,5,-0.038755,-0.057362,0.289368
1777047816.050378,9,-0.063526,0.035654,0.166332
1777047816.050378,7,-0.050346,-0.011731,0.230457
1777047816.050378,8,-0.078241,-0.032576,0.267259
1777047816.050378,10,-0.092444,0.013263,0.204126
1777047816.050378,11,-0.117734,-0.005886,0.246095
1777047816.117108,2,-0.002436,-0.084494,0.309544
1777047816.117108,4,-0.012616,-0.038578,0.253759
1777047816.117108,6,-0.023880,0.006213,0.189490
1777047816.117108,5,-0.040560,-0.059700,0.288328
1777047816.117108,7,-0.052174,-0.014310,0.228754
1777047816.117108,9,-0.064801,0.033269,0.165138
1777047816.117108,8,-0.078601,-0.033071,0.268321
1777047816.117108,10,-0.091289,0.013874,0.208959
1777047816.117108,11,-0.119067,-0.008104,0.245073
1777047816.150682,2,-0.002709,-0.087170,0.307496
1777047816.150682,4,-0.011766,-0.038115,0.255861
1777047816.150682,6,-0.023862,0.005813,0.191355
1777047816.150682,5,-0.040846,-0.059585,0.289459
1777047816.150682,9,-0.064806,0.032944,0.166798
1777047816.150682,7,-0.053432,-0.016631,0.226117
1777047816.150682,8,-0.080179,-0.035474,0.266138
1777047816.150682,10,-0.093018,0.011086,0.205549
1777047816.150682,11,-0.119910,-0.009200,0.244412
1777047816.217829,2,-0.004455,-0.089582,0.306120
1777047816.217829,4,-0.013487,-0.040733,0.253990
1777047816.217829,6,-0.025197,0.004132,0.190418
1777047816.217829,5,-0.042285,-0.062179,0.287613
1777047816.217829,7,-0.054060,-0.017296,0.227654
1777047816.217829,9,-0.067392,0.029729,0.161764
1777047816.217829,8,-0.080620,-0.035762,0.267370
1777047816.217829,10,-0.095190,0.008527,0.203009
1777047816.217829,11,-0.122828,-0.012773,0.240268
1777047816.251402,2,-0.004815,-0.089296,0.306915
1777047816.251402,4,-0.013718,-0.040324,0.255748
1777047816.251402,6,-0.025460,0.004030,0.192583
1777047816.251402,5,-0.043701,-0.063961,0.286162
1777047816.251402,7,-0.054958,-0.018740,0.226627
1777047816.251402,9,-0.067951,0.028620,0.162219
1777047816.251402,8,-0.082240,-0.038226,0.265142
1777047816.251402,10,-0.096471,0.006997,0.201364
1777047816.251402,11,-0.122743,-0.014202,0.239762
1777047816.318548,2,-0.006484,-0.091818,0.305455
1777047816.318548,4,-0.016318,-0.043370,0.253213
1777047816.318548,6,-0.026254,0.002609,0.192212
1777047816.318548,5,-0.044518,-0.064610,0.286672
1777047816.318548,7,-0.056423,-0.020872,0.225149
1777047816.318548,9,-0.069557,0.026254,0.159578
1777047816.318548,8,-0.083522,-0.039673,0.263920
1777047816.318548,10,-0.095882,0.007021,0.204002
1777047816.318548,11,-0.124667,-0.015061,0.239335
1777047816.385694,2,-0.007675,-0.093549,0.304383
1777047816.385694,4,-0.016411,-0.044934,0.252318
1777047816.385694,6,-0.028167,-0.000940,0.187758
1777047816.385694,5,-0.044564,-0.064311,0.287739
1777047816.385694,7,-0.056859,-0.021910,0.224942
1777047816.385694,9,-0.068819,0.026087,0.162325
1777047816.385694,8,-0.083469,-0.039811,0.264858
1777047816.385694,10,-0.098229,0.003670,0.199269
1777047816.385694,11,-0.123987,-0.015055,0.240736
1777047816.452838,2,-0.007832,-0.090825,0.307346
1777047816.452838,4,-0.016601,-0.045283,0.251644
1777047816.452838,6,-0.027188,0.000208,0.190180
1777047816.452838,5,-0.045399,-0.066039,0.285575
1777047816.452838,7,-0.057825,-0.023343,0.222453
1777047816.452838,9,-0.069363,0.025264,0.161098
1777047816.452838,8,-0.083717,-0.040000,0.264314
1777047816.452838,10,-0.097686,0.004133,0.200550
1777047816.452838,11,-0.125024,-0.016319,0.238372
1777047816.486410,2,-0.006887,-0.091062,0.306520
1777047816.486410,4,-0.016391,-0.044955,0.251800
1777047816.486410,6,-0.028287,-0.001395,0.186844
1777047816.486410,5,-0.045734,-0.066880,0.284300
1777047816.486410,7,-0.057748,-0.023172,0.222816
1777047816.486410,9,-0.069917,0.024558,0.158810
1777047816.486410,8,-0.083713,-0.040192,0.263987
1777047816.486410,10,-0.097029,0.005002,0.201715
1777047816.486410,11,-0.125022,-0.016331,0.238368
1777047816.553554,2,-0.006679,-0.090725,0.306476
1777047816.553554,4,-0.016343,-0.045002,0.252341
1777047816.553554,6,-0.028243,-0.001554,0.186710
1777047816.553554,5,-0.044775,-0.066896,0.284295
1777047816.553554,7,-0.057447,-0.022837,0.223238
1777047816.553554,9,-0.069970,0.024302,0.158981
1777047816.553554,8,-0.083719,-0.040569,0.264015
1777047816.553554,10,-0.097656,0.003826,0.200390
1777047816.553554,11,-0.123726,-0.016446,0.239108
1777047816.620697,2,-0.007917,-0.094170,0.303721
1777047816.620697,4,-0.015736,-0.045670,0.251848
1777047816.620697,6,-0.027195,-0.001303,0.188432
1777047816.620697,5,-0.045232,-0.068028,0.283860
1777047816.620697,7,-0.057072,-0.024430,0.221873
1777047816.620697,9,-0.069369,0.023148,0.158486
1777047816.620697,8,-0.083309,-0.041992,0.263036
1777047816.620697,10,-0.098609,0.000597,0.195578
1777047816.620697,11,-0.123994,-0.018730,0.236543
1777047816.687839,2,-0.008054,-0.095003,0.303249
1777047816.687839,4,-0.016650,-0.048111,0.248497
1777047816.687839,6,-0.028027,-0.002894,0.185385
1777047816.687839,5,-0.045131,-0.068253,0.283328
1777047816.687839,9,-0.068500,0.024205,0.160788
1777047816.687839,7,-0.057297,-0.024994,0.221299
1777047816.687839,8,-0.083421,-0.042045,0.262372
1777047816.687839,10,-0.097873,0.001603,0.197648
1777047816.687839,11,-0.124275,-0.019137,0.236109
1777047817.023570,2,-0.005446,-0.093826,0.304038
1777047817.023570,4,-0.016302,-0.048931,0.248398
1777047817.023570,6,-0.026767,-0.005042,0.184558
1777047817.023570,5,-0.044552,-0.070809,0.281512
1777047817.023570,7,-0.056652,-0.027721,0.218674
1777047817.023570,9,-0.068726,0.019892,0.155801
1777047817.023570,8,-0.082813,-0.045536,0.259142
1777047817.023570,10,-0.097255,-0.001695,0.194922
1777047817.023570,11,-0.123406,-0.022060,0.233781
1777047817.057232,2,-0.006321,-0.099017,0.299561
1777047817.057232,4,-0.015400,-0.053245,0.243997
1777047817.057232,6,-0.026256,-0.007740,0.182072
1777047817.057232,5,-0.043012,-0.073824,0.278358
1777047817.057232,7,-0.055734,-0.030285,0.216939
1777047817.057232,9,-0.068155,0.017043,0.153160
1777047817.057232,8,-0.082039,-0.047888,0.257703
1777047817.057232,10,-0.096622,-0.004791,0.192292
1777047817.057232,11,-0.122809,-0.025170,0.231118
1777047817.090775,2,-0.005835,-0.096453,0.302045
1777047817.090775,4,-0.014231,-0.049898,0.248147
1777047817.090775,6,-0.026188,-0.007512,0.182338
1777047817.090775,7,-0.054852,-0.028713,0.219359
1777047817.090775,5,-0.044891,-0.075626,0.276080
1777047817.090775,9,-0.068299,0.016416,0.151484
1777047817.090775,8,-0.083335,-0.049790,0.254529
1777047817.090775,10,-0.096877,-0.004806,0.191648
1777047817.090775,11,-0.122983,-0.025351,0.231066
1777047817.124318,2,-0.005001,-0.098081,0.299890
1777047817.124318,4,-0.014530,-0.053041,0.244237
1777047817.124318,6,-0.026163,-0.008763,0.180715
1777047817.124318,5,-0.043688,-0.074304,0.277781
1777047817.124318,7,-0.056071,-0.031902,0.214382
1777047817.124318,9,-0.067921,0.015722,0.151466
1777047817.124318,8,-0.081891,-0.048904,0.256080
1777047817.124318,10,-0.096523,-0.005936,0.190473
1777047817.124318,11,-0.122994,-0.026732,0.228885
1777047817.157860,2,-0.006032,-0.098277,0.299629
1777047817.157860,4,-0.014529,-0.052269,0.244832
1777047817.157860,6,-0.025539,-0.007785,0.182364
1777047817.157860,5,-0.043938,-0.074365,0.277086
1777047817.157860,7,-0.056201,-0.031891,0.213682
1777047817.157860,9,-0.068303,0.015218,0.149861
1777047817.157860,8,-0.082236,-0.048959,0.255631
1777047817.157860,10,-0.096696,-0.005961,0.189671
1777047817.157860,11,-0.123319,-0.024955,0.229838
1777047817.191402,2,-0.006172,-0.097227,0.299652
1777047817.191402,6,-0.025866,-0.007426,0.181953
1777047817.191402,4,-0.015451,-0.051756,0.245020
1777047817.191402,5,-0.044356,-0.074042,0.276686
1777047817.191402,7,-0.056176,-0.029976,0.215553
1777047817.191402,9,-0.067827,0.016414,0.151025
1777047817.191402,8,-0.083834,-0.050397,0.252256
1777047817.191402,10,-0.096352,-0.004323,0.190572
1777047817.191402,11,-0.124690,-0.025822,0.227472
1777047817.224944,2,-0.006696,-0.096881,0.299055
1777047817.224944,4,-0.015169,-0.051434,0.242994
1777047817.224944,6,-0.026799,-0.007726,0.178235
1777047817.224944,5,-0.044464,-0.072949,0.276173
1777047817.224944,9,-0.068654,0.017448,0.149498
1777047817.224944,7,-0.055495,-0.028319,0.215991
1777047817.224944,8,-0.083024,-0.046873,0.254659
1777047817.224944,10,-0.095959,-0.002389,0.191762
1777047817.224944,11,-0.124494,-0.023369,0.228152
1777047817.292025,2,-0.005300,-0.091716,0.297459
1777047817.292025,4,-0.015258,-0.047881,0.240300
1777047817.292025,6,-0.026275,-0.003336,0.176650
1777047817.292025,7,-0.055119,-0.023778,0.214152
1777047817.292025,5,-0.044498,-0.068917,0.273902
1777047817.292025,9,-0.069067,0.020007,0.143407
1777047817.292025,8,-0.082166,-0.042287,0.253080
1777047817.292025,10,-0.098175,-0.000974,0.183165
1777047817.292025,11,-0.123660,-0.020001,0.224922
1777047817.359105,6,-0.025036,0.003598,0.174727
1777047817.359105,2,-0.005493,-0.085949,0.294909
1777047817.359105,4,-0.014669,-0.040365,0.239265
1777047817.359105,5,-0.042258,-0.059433,0.274821
1777047817.359105,9,-0.066791,0.028944,0.143727
1777047817.359105,7,-0.054129,-0.017359,0.210542
1777047817.359105,8,-0.082659,-0.037506,0.247529
1777047817.359105,10,-0.094633,0.009256,0.186064
1777047817.359105,11,-0.122057,-0.010668,0.224914
1777047817.426183,2,-0.006014,-0.084166,0.291592
1777047817.426183,4,-0.013298,-0.035893,0.238549
1777047817.426183,6,-0.023842,0.008695,0.175199
1777047817.426183,7,-0.053377,-0.012543,0.211068
1777047817.426183,9,-0.065969,0.033835,0.144166
1777047817.426183,5,-0.043612,-0.058585,0.269830
1777047817.426183,8,-0.082330,-0.033307,0.246229
1777047817.426183,10,-0.096873,0.010655,0.178766
1777047817.426183,11,-0.121724,-0.002882,0.221836
1777047817.493258,2,-0.005017,-0.078033,0.289648
1777047817.493258,4,-0.012405,-0.029457,0.236214
1777047817.493258,6,-0.023864,0.013645,0.168077
1777047817.493258,9,-0.064949,0.040858,0.141528
1777047817.493258,5,-0.041375,-0.049279,0.271198
1777047817.493258,7,-0.053751,-0.007016,0.205648
1777047817.493258,8,-0.080478,-0.025097,0.246304
1777047817.493258,10,-0.091951,0.021744,0.185681
1777047817.493258,11,-0.127002,-0.005499,0.209889
1777047817.526796,2,-0.003305,-0.072486,0.289023
1777047817.526796,6,-0.022989,0.019091,0.168023
1777047817.526796,4,-0.012087,-0.024465,0.236404
1777047817.526796,7,-0.052051,-0.001654,0.205975
1777047817.526796,9,-0.063995,0.046454,0.140582
1777047817.526796,5,-0.041571,-0.047059,0.266889
1777047817.526796,8,-0.080580,-0.021430,0.243701
1777047817.526796,10,-0.092085,0.025932,0.181842
1777047817.526796,11,-0.130551,-0.004703,0.201360
1777047817.795076,2,-0.002787,-0.069289,0.291007
1777047817.795076,6,-0.020440,0.023201,0.174004
1777047817.795076,4,-0.010046,-0.021966,0.236592
1777047817.795076,5,-0.040227,-0.044594,0.268130
1777047817.795076,9,-0.061631,0.051052,0.142304
1777047817.795076,7,-0.051364,0.001513,0.203809
1777047817.795076,8,-0.078213,-0.016303,0.245021
1777047817.795076,10,-0.090897,0.029747,0.181706
1777047817.795076,11,-0.120062,0.007712,0.217187
1777047817.862141,2,-0.001561,-0.065951,0.291806
1777047817.862141,4,-0.011196,-0.020629,0.235366
1777047817.862141,6,-0.020582,0.025730,0.172891
1777047817.862141,5,-0.040010,-0.041014,0.269940
1777047817.862141,7,-0.051895,0.002085,0.204783
1777047817.862141,9,-0.062277,0.051775,0.142729
1777047817.862141,8,-0.079956,-0.017467,0.243756
1777047817.862141,10,-0.092627,0.029394,0.179877
1777047817.862141,11,-0.120018,0.009258,0.219654
1777047817.929204,2,-0.003670,-0.066066,0.294736
1777047817.929204,6,-0.022101,0.024672,0.174950
1777047817.929204,4,-0.012307,-0.022394,0.236012
1777047817.929204,9,-0.062114,0.052662,0.151278
1777047817.929204,5,-0.042188,-0.044110,0.269186
1777047817.929204,7,-0.054506,-0.000054,0.204552
1777047817.929204,10,-0.089414,0.032479,0.192091
1777047817.929204,8,-0.079998,-0.016129,0.248964
1777047817.929204,11,-0.122518,0.007098,0.220022
1777047817.962735,2,-0.005257,-0.068478,0.294260
1777047817.962735,6,-0.023508,0.023912,0.176008
1777047817.962735,4,-0.012799,-0.021557,0.239416
1777047817.962735,9,-0.064106,0.050970,0.149551
1777047817.962735,7,-0.053951,0.000809,0.209466
1777047817.962735,5,-0.042243,-0.042263,0.273207
1777047817.962735,8,-0.082266,-0.019089,0.247124
1777047817.962735,10,-0.093425,0.029204,0.186908
1777047817.962735,11,-0.121861,0.008040,0.224222
1777047818.029796,2,-0.006938,-0.072808,0.293377
1777047818.029796,6,-0.025836,0.020576,0.176931
1777047818.029796,4,-0.016611,-0.026719,0.238030
1777047818.029796,9,-0.066866,0.046954,0.149505
1777047818.029796,5,-0.045079,-0.046658,0.272479
1777047818.029796,7,-0.056984,-0.003328,0.209097
1777047818.029796,8,-0.085064,-0.022884,0.247343
1777047818.029796,10,-0.095221,0.026317,0.189792
1777047818.029796,11,-0.124092,0.004501,0.225646
1777047818.130399,1,0.017973,-0.052571,0.268223
1777047818.130399,2,-0.010732,-0.073883,0.299898
1777047818.130399,6,-0.029954,0.016740,0.181208
1777047818.130399,4,-0.020854,-0.033716,0.240688
1777047818.130399,7,-0.060258,-0.009566,0.213492
1777047818.130399,5,-0.049373,-0.054447,0.274378
1777047818.130399,9,-0.072412,0.037437,0.148354
1777047818.130399,8,-0.086861,-0.027294,0.254432
1777047818.130399,10,-0.101033,0.016355,0.188651
1777047818.130399,11,-0.128550,-0.003334,0.227402
1777047818.197488,1,0.016185,-0.056572,0.270421
1777047818.197488,3,0.007591,-0.013968,0.207636
1777047818.197488,2,-0.012976,-0.079390,0.299886
1777047818.197488,6,-0.032158,0.011357,0.181140
1777047818.197488,4,-0.021400,-0.032107,0.246635
1777047818.197488,7,-0.061304,-0.010154,0.217374
1777047818.197488,5,-0.051139,-0.055372,0.276286
1777047818.197488,9,-0.073606,0.037101,0.153228
1777047818.197488,8,-0.089586,-0.029810,0.254104
1777047818.197488,10,-0.101482,0.016655,0.194024
1777047818.197488,11,-0.129975,-0.004433,0.230103
1777047818.231032,1,0.016200,-0.062394,0.267246
1777047818.231032,3,0.007233,-0.017384,0.208550
1777047818.231032,2,-0.013865,-0.084828,0.298396
1777047818.231032,6,-0.032453,0.007343,0.181945
1777047818.231032,4,-0.022644,-0.038183,0.243487
1777047818.231032,5,-0.051576,-0.059686,0.276220
1777047818.231032,7,-0.062680,-0.015566,0.215286
1777047818.231032,9,-0.073463,0.033258,0.154657
1777047818.231032,8,-0.088769,-0.032113,0.256788
1777047818.231032,10,-0.101602,0.012735,0.194313
1777047818.231032,11,-0.130863,-0.009326,0.229105
1777047818.298118,1,0.014957,-0.060768,0.271100
1777047818.298118,3,0.006017,-0.018632,0.208319
1777047818.298118,2,-0.013840,-0.085126,0.298975
1777047818.298118,6,-0.033199,0.003423,0.182398
1777047818.298118,4,-0.022728,-0.041636,0.243694
1777047818.298118,5,-0.052323,-0.062581,0.277628
1777047818.298118,9,-0.074550,0.028832,0.154492
1777047818.298118,7,-0.064255,-0.020586,0.213818
1777047818.298118,8,-0.090796,-0.037818,0.254332
1777047818.298118,10,-0.102216,0.008685,0.195036
1777047818.298118,11,-0.131220,-0.012765,0.230375
1777047818.365202,1,0.015324,-0.063123,0.271275
1777047818.365202,3,0.005609,-0.021237,0.209847
1777047818.365202,2,-0.013759,-0.085878,0.301191
1777047818.365202,4,-0.023315,-0.039362,0.248218
1777047818.365202,6,-0.034968,0.001708,0.179478
1777047818.365202,5,-0.052810,-0.062818,0.277885
1777047818.365202,7,-0.064254,-0.019609,0.215682
1777047818.365202,9,-0.075917,0.028347,0.153416
1777047818.365202,8,-0.092848,-0.039605,0.252265
1777047818.365202,10,-0.104905,0.006686,0.191378
1777047818.365202,11,-0.131081,-0.011818,0.232005
1777047818.432284,1,0.014418,-0.065890,0.271510
1777047818.432284,3,0.005678,-0.023397,0.210182
1777047818.432284,2,-0.014631,-0.088803,0.300946
1777047818.432284,6,-0.034802,-0.000920,0.179883
1777047818.432284,4,-0.023431,-0.044955,0.243545
1777047818.432284,5,-0.052849,-0.065870,0.276868
1777047818.432284,7,-0.064634,-0.022981,0.214880
1777047818.432284,9,-0.076275,0.024088,0.150930
1777047818.432284,8,-0.091727,-0.041436,0.253767
1777047818.432284,10,-0.104150,0.003971,0.191965
1777047818.432284,11,-0.132534,-0.017095,0.228259
1777047818.465824,1,0.015358,-0.068202,0.269550
1777047818.465824,3,0.005327,-0.026820,0.206892
1777047818.465824,2,-0.014464,-0.090952,0.299966
1777047818.465824,4,-0.023417,-0.047244,0.242482
1777047818.465824,6,-0.035253,-0.004347,0.176472
1777047818.465824,5,-0.052524,-0.068040,0.276008
1777047818.465824,7,-0.064741,-0.024960,0.214270
1777047818.465824,9,-0.076497,0.021373,0.149686
1777047818.465824,8,-0.091479,-0.043914,0.252510
1777047818.465824,10,-0.105059,0.000192,0.188748
1777047818.465824,11,-0.131819,-0.019185,0.228068
1777047818.532904,1,0.016428,-0.070471,0.265397
1777047818.532904,3,0.006932,-0.027033,0.205305
1777047818.532904,2,-0.013134,-0.092643,0.296679
1777047818.532904,4,-0.022356,-0.046503,0.242290
1777047818.532904,6,-0.033264,-0.004358,0.175139
1777047818.532904,7,-0.062645,-0.025653,0.211252
1777047818.532904,5,-0.051917,-0.070305,0.271703
1777047818.532904,9,-0.075201,0.021066,0.146853
1777047818.532904,8,-0.089724,-0.043618,0.251123
1777047818.532904,10,-0.104185,-0.000533,0.185188
1777047818.532904,11,-0.131513,-0.020416,0.224334
1777047818.599981,1,0.017703,-0.072375,0.260798
1777047818.599981,2,-0.011018,-0.093450,0.292769
1777047818.599981,6,-0.031295,-0.003983,0.172369
1777047818.599981,4,-0.020552,-0.047793,0.237778
1777047818.599981,5,-0.048000,-0.067178,0.272410
1777047818.599981,7,-0.061588,-0.026271,0.207237
1777047818.599981,9,-0.073665,0.020284,0.141649
1777047818.599981,8,-0.087784,-0.044718,0.247068
1777047818.599981,10,-0.101574,-0.000488,0.182681
1777047818.599981,11,-0.128918,-0.020680,0.220747
1777047818.633519,1,0.020274,-0.069340,0.262053
1777047818.633519,2,-0.009641,-0.093454,0.290853
1777047818.633519,6,-0.030407,-0.004188,0.170850
1777047818.633519,4,-0.018222,-0.047142,0.236025
1777047818.633519,9,-0.072428,0.019985,0.140775
1777047818.633519,7,-0.059170,-0.025848,0.207108
1777047818.633519,5,-0.047704,-0.069989,0.267901
1777047818.633519,8,-0.087045,-0.045685,0.244043
1777047818.633519,10,-0.102008,-0.002775,0.177176
1777047818.633519,11,-0.126580,-0.020336,0.220712
1777047818.700594,1,0.021277,-0.067897,0.258192
1777047818.700594,2,-0.007631,-0.089008,0.290304
1777047818.700594,6,-0.029404,-0.002278,0.165880
1777047818.700594,4,-0.016383,-0.043335,0.235082
1777047818.700594,9,-0.070307,0.023454,0.138643
1777047818.700594,7,-0.058285,-0.023927,0.202518
1777047818.700594,5,-0.046887,-0.068380,0.263480
1777047818.700594,8,-0.086131,-0.044208,0.239886
1777047818.700594,10,-0.099780,0.000806,0.176145
1777047818.700594,11,-0.128116,-0.020597,0.213285
1777047818.767667,6,-0.026698,0.001254,0.167248
1777047818.767667,2,-0.006624,-0.088293,0.286927
1777047818.767667,4,-0.015460,-0.043026,0.231002
1777047818.767667,9,-0.069871,0.023718,0.133097
1777047818.767667,7,-0.057302,-0.023625,0.197954
1777047818.767667,5,-0.045763,-0.067705,0.260198
1777047818.767667,8,-0.084302,-0.042073,0.238281
1777047818.767667,10,-0.098495,0.001975,0.172370
1777047818.767667,11,-0.125363,-0.018118,0.212109
1777047818.834738,2,-0.005284,-0.088858,0.282207
1777047818.834738,6,-0.025922,0.000221,0.160617
1777047818.834738,4,-0.015404,-0.045021,0.223989
1777047818.834738,7,-0.054012,-0.020393,0.198841
1777047818.834738,9,-0.068836,0.023675,0.127866
1777047818.834738,5,-0.043419,-0.065517,0.258333
1777047818.834738,8,-0.081904,-0.040564,0.235719
1777047818.834738,10,-0.095932,0.003137,0.170424
1777047818.834738,11,-0.124217,-0.018526,0.207198
1777047818.901806,2,-0.003782,-0.086731,0.280546
1777047818.901806,4,-0.012593,-0.042176,0.223413
1777047818.901806,6,-0.023905,0.000971,0.157747
1777047818.901806,7,-0.054162,-0.022407,0.190890
1777047818.901806,9,-0.067309,0.023585,0.122437
1777047818.901806,5,-0.042484,-0.066325,0.253425
1777047818.901806,8,-0.081270,-0.041471,0.229984
1777047818.901806,10,-0.094536,0.003496,0.166004
1777047818.901806,11,-0.122517,-0.017963,0.203264
1777047818.935340,6,-0.024170,0.001440,0.153881
1777047818.935340,2,-0.003834,-0.087523,0.276807
1777047818.935340,4,-0.013290,-0.042102,0.220869
1777047818.935340,9,-0.066447,0.025547,0.122984
1777047818.935340,7,-0.053600,-0.021374,0.189368
1777047818.935340,5,-0.041617,-0.063241,0.254391
1777047818.935340,8,-0.081403,-0.040476,0.227925
1777047818.935340,10,-0.095846,0.003001,0.160494
1777047818.935340,11,-0.123184,-0.017445,0.200184
1777047819.305531,6,-0.021478,0.011747,0.144416
1777047819.305531,4,-0.011026,-0.031964,0.211853
1777047819.305531,2,-0.003671,-0.078857,0.267258
1777047819.305531,9,-0.063974,0.035728,0.110406
1777047819.305531,7,-0.053325,-0.012920,0.174934
1777047819.305531,5,-0.041196,-0.054380,0.243505
1777047819.305531,10,-0.092984,0.014508,0.151452
1777047819.305531,8,-0.081649,-0.032522,0.214476
1777047819.305531,11,-0.121850,-0.006574,0.189123
1777047819.373056,6,-0.019665,0.013634,0.146615
1777047819.373056,4,-0.011469,-0.033078,0.207711
1777047819.373056,2,-0.002166,-0.078160,0.264209
1777047819.373056,9,-0.061432,0.037033,0.112743
1777047819.373056,7,-0.051892,-0.012425,0.173027
1777047819.373056,5,-0.040879,-0.055726,0.238748
1777047819.373056,8,-0.080480,-0.031406,0.212553
1777047819.373056,10,-0.093509,0.012881,0.143914
1777047819.373056,11,-0.122880,-0.008833,0.181888
1777047819.440590,6,-0.020018,0.015958,0.143889
1777047819.440590,4,-0.010889,-0.030562,0.204750
1777047819.440590,2,-0.002343,-0.075362,0.263284
1777047819.440590,9,-0.062076,0.039761,0.108802
1777047819.440590,7,-0.052105,-0.009062,0.171531
1777047819.440590,5,-0.040977,-0.054107,0.235035
1777047819.440590,10,-0.092150,0.017210,0.144998
1777047819.440590,8,-0.080233,-0.028014,0.212021
1777047819.440590,11,-0.121018,-0.003236,0.184136
1777047819.508133,6,-0.019274,0.015606,0.138264
1777047819.508133,4,-0.009370,-0.028700,0.203517
1777047819.508133,2,-0.001926,-0.076110,0.258190
1777047819.508133,9,-0.061180,0.039322,0.101982
1777047819.508133,7,-0.050591,-0.007542,0.169406
1777047819.508133,5,-0.041200,-0.054167,0.230921
1777047819.508133,10,-0.090667,0.018570,0.142797
1777047819.508133,8,-0.080070,-0.028411,0.205935
1777047819.508133,11,-0.122119,-0.005203,0.175123
1777047819.541908,6,-0.019236,0.013505,0.130058
1777047819.541908,4,-0.009376,-0.030928,0.197953
1777047819.541908,2,-0.000778,-0.074828,0.257328
1777047819.541908,9,-0.059502,0.039739,0.102562
1777047819.541908,7,-0.050394,-0.008926,0.164067
1777047819.541908,5,-0.039708,-0.052961,0.230203
1777047819.541908,10,-0.090389,0.017355,0.138503
1777047819.541908,8,-0.079560,-0.029551,0.202228
1777047819.541908,11,-0.120016,-0.004383,0.174709
1777047819.609464,6,-0.017553,0.019167,0.134970
1777047819.609464,4,-0.008522,-0.026748,0.197366
1777047819.609464,2,-0.000488,-0.072281,0.255793
1777047819.609464,9,-0.059411,0.040870,0.097013
1777047819.609464,7,-0.048933,-0.006584,0.162682
1777047819.609464,5,-0.038372,-0.052154,0.225550
1777047819.609464,10,-0.089954,0.018379,0.134013
1777047819.609464,8,-0.079520,-0.029333,0.196641
1777047819.609464,11,-0.120941,-0.004873,0.167444
1777047819.677029,6,-0.016963,0.020392,0.130447
1777047819.677029,4,-0.008099,-0.026711,0.191547
1777047819.677029,2,-0.000878,-0.071050,0.251985
1777047819.677029,9,-0.058158,0.044820,0.097068
1777047819.677029,7,-0.048892,-0.004303,0.158957
1777047819.677029,5,-0.038793,-0.048286,0.225050
1777047819.677029,10,-0.088151,0.023637,0.135239
1777047819.677029,8,-0.078951,-0.025803,0.194738
1777047819.677029,11,-0.120696,-0.001639,0.164366
1777047819.744604,4,-0.006399,-0.021574,0.195327
1777047819.744604,6,-0.016159,0.021658,0.127364
1777047819.744604,2,-0.000007,-0.068356,0.250509
1777047819.744604,9,-0.058209,0.045358,0.090443
1777047819.744604,7,-0.048034,-0.002053,0.156750
1777047819.744604,5,-0.037872,-0.047860,0.219793
1777047819.744604,10,-0.089230,0.022909,0.126290
1777047819.744604,8,-0.078056,-0.023750,0.192557
1777047819.744604,11,-0.120254,0.000096,0.161197
1777047819.778394,4,-0.006923,-0.025369,0.186864
1777047819.778394,6,-0.015431,0.021534,0.125124
1777047819.778394,2,0.000295,-0.069667,0.246718
1777047819.778394,7,-0.047474,-0.002735,0.153951
1777047819.778394,9,-0.057876,0.044759,0.087016
1777047819.778394,5,-0.037775,-0.047217,0.219613
1777047819.778394,10,-0.088390,0.022600,0.124820
1777047819.778394,8,-0.078043,-0.025055,0.188443
1777047819.778394,11,-0.119628,-0.000346,0.159048
1777047819.845982,6,-0.014526,0.025911,0.126750
1777047819.845982,4,-0.007104,-0.022507,0.183690
1777047819.845982,2,0.001227,-0.066257,0.245049
1777047819.845982,9,-0.057017,0.048413,0.086382
1777047819.845982,7,-0.047280,0.001073,0.152739
1777047819.845982,5,-0.038222,-0.045124,0.216039
1777047819.845982,10,-0.087941,0.026600,0.123623
1777047819.845982,8,-0.078131,-0.024570,0.182983
1777047819.845982,11,-0.118384,0.001965,0.156543
1777047819.913579,6,-0.014116,0.026840,0.122220
1777047819.913579,4,-0.006117,-0.020245,0.182509
1777047819.913579,2,0.001429,-0.064621,0.241942
1777047819.913579,9,-0.055947,0.050338,0.084657
1777047819.913579,7,-0.046802,0.002219,0.148531
1777047819.913579,5,-0.037498,-0.043247,0.213063
1777047819.913579,10,-0.088179,0.027044,0.117392
1777047819.913579,8,-0.078125,-0.021354,0.181247
1777047819.913579,11,-0.119768,0.003543,0.150910
1777047819.981185,6,-0.013217,0.027746,0.118130
1777047819.981185,4,-0.005528,-0.019873,0.177943
1777047819.981185,2,0.002564,-0.062334,0.240305
1777047819.981185,7,-0.045396,0.003697,0.146730
1777047819.981185,9,-0.055529,0.050729,0.079111
1777047819.981185,5,-0.037212,-0.043823,0.207317
1777047819.981185,10,-0.085752,0.029159,0.117343
1777047819.981185,8,-0.077022,-0.019731,0.178589
1777047819.981185,11,-0.118118,0.005017,0.148640
1777047820.048800,6,-0.013404,0.029994,0.116167
1777047820.048800,4,-0.005306,-0.016683,0.177639
1777047820.048800,2,0.002057,-0.061736,0.237005
1777047820.048800,9,-0.054878,0.053945,0.079664
1777047820.048800,7,-0.045907,0.005689,0.143396
1777047820.048800,5,-0.037604,-0.041129,0.206054
1777047820.048800,10,-0.085881,0.032057,0.115904
1777047820.048800,8,-0.077769,-0.021044,0.171527
1777047820.048800,11,-0.116989,0.006384,0.146363
1777047820.116373,6,-0.012669,0.031230,0.114804
1777047820.116373,4,-0.005017,-0.016033,0.174631
1777047820.116373,2,0.001706,-0.060962,0.235525
1777047820.116373,9,-0.053798,0.054912,0.078644
1777047820.116373,7,-0.045337,0.006087,0.140075
1777047820.116373,5,-0.036629,-0.039771,0.204467
1777047820.116373,8,-0.076163,-0.015793,0.175285
1777047820.116373,10,-0.087104,0.031016,0.107685
1777047820.116373,11,-0.118759,0.007682,0.141694
1777047820.183533,6,-0.011773,0.031697,0.111311
1777047820.183533,4,-0.004877,-0.017451,0.167909
1777047820.183533,2,0.002283,-0.060737,0.231658
1777047820.183533,9,-0.053157,0.054950,0.074043
1777047820.183533,7,-0.044418,0.007014,0.137614
1777047820.183533,5,-0.035715,-0.040859,0.198534
1777047820.183533,10,-0.084979,0.032212,0.107697
1777047820.183533,8,-0.076610,-0.017166,0.168000
1777047820.183533,11,-0.116669,0.008636,0.139918
1777047820.217113,6,-0.010805,0.030342,0.108635
1777047820.217113,4,-0.003701,-0.017927,0.166614
1777047820.217113,2,0.003282,-0.061628,0.229351
1777047820.217113,7,-0.042905,0.006420,0.137351
1777047820.217113,9,-0.052385,0.053034,0.069408
1777047820.217113,5,-0.035529,-0.042122,0.196160
1777047820.217113,10,-0.085192,0.029423,0.101074
1777047820.217113,8,-0.076138,-0.019452,0.163873
1777047820.217113,11,-0.117028,0.005964,0.134652
1777047820.284271,4,-0.003371,-0.015616,0.166212
1777047820.284271,2,0.003580,-0.061288,0.225404
1777047820.284271,7,-0.043442,0.007714,0.132667
1777047820.284271,9,-0.052651,0.055143,0.066596
1777047820.284271,5,-0.035498,-0.039532,0.195557
1777047820.284271,10,-0.083748,0.033189,0.104173
1777047820.284271,8,-0.076658,-0.018202,0.160580
1777047820.284271,11,-0.117547,0.007774,0.131502
1777047820.351430,4,-0.002653,-0.013304,0.164998
1777047820.351430,2,0.004387,-0.059907,0.222984
1777047820.351430,9,-0.051316,0.057291,0.067795
1777047820.351430,7,-0.042552,0.009185,0.131184
1777047820.351430,5,-0.035084,-0.039119,0.191720
1777047820.351430,10,-0.083674,0.033816,0.099176
1777047820.351430,8,-0.075573,-0.016230,0.158891
1777047820.351430,11,-0.117415,0.008314,0.127376
1777047820.418587,4,-0.002714,-0.011891,0.161858
1777047820.418587,2,0.004585,-0.057599,0.221327
1777047820.418587,9,-0.051119,0.059585,0.067112
1777047820.418587,7,-0.042847,0.011302,0.128422
1777047820.418587,5,-0.035550,-0.038293,0.187262
1777047820.418587,8,-0.075104,-0.013215,0.159029
1777047820.418587,10,-0.084464,0.035091,0.094340
1777047820.418587,11,-0.115863,0.012065,0.129291
1777047820.485744,4,-0.002311,-0.008339,0.162589
1777047820.485744,2,0.004089,-0.056290,0.218245
1777047820.485744,9,-0.050986,0.062231,0.064130
1777047820.485744,7,-0.042448,0.014613,0.128461
1777047820.485744,5,-0.034680,-0.034023,0.187813
1777047820.485744,10,-0.083861,0.038332,0.094095
1777047820.485744,8,-0.076034,-0.011647,0.154991
1777047820.485744,11,-0.117659,0.013505,0.123256
1777047820.552900,4,-0.003046,-0.006345,0.159287
1777047820.552900,2,0.003980,-0.052084,0.218900
1777047820.552900,9,-0.051757,0.064823,0.060985
1777047820.552900,7,-0.042729,0.017238,0.127199
1777047820.552900,5,-0.036283,-0.033812,0.182440
1777047820.552900,10,-0.083796,0.041875,0.094918
1777047820.552900,8,-0.076799,-0.009435,0.151385
1777047820.552900,11,-0.116034,0.018456,0.126698
1777047820.586478,4,-0.002874,-0.004653,0.159077
1777047820.586478,2,0.003897,-0.049968,0.219314
1777047820.586478,9,-0.051251,0.067078,0.063058
1777047820.586478,7,-0.043666,0.017900,0.123881
1777047820.586478,5,-0.036285,-0.032600,0.181308
1777047820.586478,8,-0.076103,-0.006784,0.153276
1777047820.586478,10,-0.083847,0.043024,0.094400
1777047820.586478,11,-0.117668,0.018256,0.121974
1777047820.653634,4,-0.003561,-0.003292,0.155089
1777047820.653634,2,0.003455,-0.048494,0.216701
1777047820.653634,7,-0.042802,0.021792,0.126147
1777047820.653634,9,-0.051334,0.069209,0.060407
1777047820.653634,5,-0.035934,-0.029081,0.180981
1777047820.653634,10,-0.084029,0.046123,0.092731
1777047820.653634,8,-0.077062,-0.005332,0.149338
1777047820.653634,11,-0.116853,0.022157,0.123059
1777047820.720788,4,-0.003819,-0.000840,0.152489
1777047820.720788,2,0.003337,-0.045399,0.215376
1777047820.720788,9,-0.050859,0.073190,0.061045
1777047820.720788,7,-0.043833,0.023250,0.119658
1777047820.720788,5,-0.035443,-0.024447,0.182372
1777047820.720788,8,-0.076780,-0.001135,0.149058
1777047820.720788,10,-0.085226,0.047921,0.086078
1777047820.720788,11,-0.117224,0.025183,0.120278
1777047820.787943,4,-0.003617,0.000112,0.148617
1777047820.787943,2,0.002715,-0.045146,0.212024
1777047820.787943,9,-0.049952,0.074118,0.057085
1777047820.787943,7,-0.043040,0.025465,0.118470
1777047820.787943,5,-0.035723,-0.024129,0.176830
1777047820.787943,10,-0.083011,0.051357,0.088623
1777047820.787943,8,-0.076636,-0.000186,0.144169
1777047820.787943,11,-0.116880,0.026850,0.116311
1777047820.855096,4,-0.003250,0.003384,0.150073
1777047820.855096,2,0.003033,-0.043087,0.209518
1777047820.855096,9,-0.049368,0.076874,0.057855
1777047820.855096,7,-0.043381,0.027334,0.115482
1777047820.855096,5,-0.036223,-0.022141,0.175010
1777047820.855096,10,-0.082846,0.053683,0.087088
1777047820.855096,8,-0.076901,0.002162,0.142528
1777047820.855096,11,-0.116950,0.029352,0.115512
1777047820.922250,4,-0.002464,0.003356,0.147193
1777047820.922250,2,0.002298,-0.043080,0.207771
1777047820.922250,9,-0.047067,0.078530,0.057520
1777047820.922250,7,-0.041582,0.028649,0.115645
1777047820.922250,5,-0.035651,-0.021648,0.172475
1777047820.922250,10,-0.081502,0.054112,0.083077
1777047820.922250,8,-0.076300,0.002270,0.138102
1777047820.922250,11,-0.115538,0.030554,0.112127
1777047820.955826,4,-0.001313,0.001825,0.144279
1777047820.955826,2,0.003199,-0.044845,0.203716
1777047820.955826,9,-0.043550,0.077190,0.058875
1777047820.955826,7,-0.040471,0.026969,0.111213
1777047820.955826,5,-0.035189,-0.023217,0.168585
1777047820.955826,10,-0.080293,0.053005,0.078176
1777047820.955826,8,-0.075440,0.001592,0.134716
1777047820.955826,11,-0.113183,0.030831,0.110585
1777047821.022978,4,-0.001928,0.001925,0.140233
1777047821.022978,2,0.003137,-0.042876,0.203798
1777047821.022978,9,-0.043226,0.078465,0.057400
1777047821.022978,7,-0.040007,0.028336,0.110884
1777047821.022978,5,-0.035760,-0.022855,0.165410
1777047821.022978,10,-0.079290,0.054568,0.078453
1777047821.022978,8,-0.074734,0.004214,0.136299
1777047821.022978,11,-0.114276,0.031591,0.106817
1777047821.090129,4,-0.000394,0.001040,0.139712
1777047821.090129,2,0.003762,-0.043371,0.202341
1777047821.090129,9,-0.041434,0.077451,0.050355
1777047821.090129,7,-0.038208,0.027295,0.107504
1777047821.090129,5,-0.035398,-0.024293,0.162489
1777047821.090129,10,-0.076920,0.054058,0.075654
1777047821.090129,8,-0.074601,0.001697,0.128678
1777047821.090129,11,-0.112388,0.030921,0.102339
1777047821.123682,4,0.000381,-0.001822,0.135215
1777047821.123682,2,0.003502,-0.046711,0.198150
1777047821.123682,9,-0.038217,0.074975,0.050710
1777047821.123682,7,-0.036794,0.025170,0.103972
1777047821.123682,5,-0.033588,-0.024289,0.162142
1777047821.123682,10,-0.074988,0.052247,0.072301
1777047821.123682,8,-0.072032,0.001959,0.129861
1777047821.123682,11,-0.111354,0.029767,0.097924
1777047821.190825,4,0.000542,-0.001937,0.134386
1777047821.190825,2,0.003326,-0.047774,0.196349
1777047821.190825,9,-0.038683,0.074988,0.048038
1777047821.190825,7,-0.036940,0.025107,0.103407
1777047821.190825,5,-0.034174,-0.025383,0.160028
1777047821.190825,10,-0.075963,0.051793,0.069294
1777047821.190825,8,-0.073046,0.001298,0.127489
1777047821.190825,11,-0.109451,0.029612,0.097252
1777047821.526530,4,0.002773,-0.003048,0.138899
1777047821.526530,2,0.006639,-0.047549,0.202044
1777047821.526530,9,-0.038204,0.073616,0.048387
1777047821.526530,7,-0.035070,0.023547,0.107224
1777047821.526530,5,-0.031799,-0.027366,0.163243
1777047821.526530,10,-0.074016,0.050049,0.073799
1777047821.526530,8,-0.071184,-0.002116,0.128682
1777047821.526530,11,-0.108674,0.028232,0.103902
1777047821.560100,4,0.004112,-0.005554,0.138880
1777047821.560100,2,0.006938,-0.052089,0.197884
1777047821.560100,9,-0.035240,0.070785,0.052139
1777047821.560100,7,-0.034012,0.020296,0.103833
1777047821.560100,5,-0.030374,-0.028067,0.165800
1777047821.560100,10,-0.071765,0.048449,0.074379
1777047821.560100,8,-0.069355,-0.003054,0.129980
1777047821.560100,11,-0.106332,0.026898,0.104600
1777047821.593669,4,0.004517,-0.009067,0.134949
1777047821.593669,2,0.007265,-0.053997,0.197182
1777047821.593669,9,-0.034632,0.068150,0.046785
1777047821.593669,7,-0.033146,0.018150,0.102400
1777047821.593669,5,-0.030106,-0.031845,0.160964
1777047821.593669,10,-0.070773,0.046492,0.072144
1777047821.593669,8,-0.067872,-0.004043,0.130550
1777047821.593669,11,-0.106148,0.025233,0.101832
1777047821.627238,4,0.004599,-0.009406,0.135265
1777047821.627238,2,0.007839,-0.054774,0.197633
1777047821.627238,9,-0.035132,0.068625,0.046914
1777047821.627238,7,-0.032441,0.018502,0.105590
1777047821.627238,5,-0.029188,-0.031201,0.163744
1777047821.627238,10,-0.071789,0.045292,0.070203
1777047821.627238,8,-0.068853,-0.005882,0.128594
1777047821.627238,11,-0.105283,0.025012,0.104405
1777047821.660807,4,0.005968,-0.010592,0.136736
1777047821.660807,9,-0.032613,0.067655,0.050988
1777047821.660807,2,0.008122,-0.057241,0.195507
1777047821.660807,7,-0.031318,0.016415,0.103127
1777047821.660807,5,-0.028954,-0.033593,0.160963
1777047821.660807,10,-0.069381,0.044678,0.072723
1777047821.660807,8,-0.067170,-0.006744,0.128999
1777047821.660807,11,-0.104300,0.023646,0.102742
1777047821.694375,4,0.006918,-0.013224,0.134324
1777047821.694375,2,0.009226,-0.057901,0.197151
1777047821.694375,9,-0.031440,0.063794,0.045891
1777047821.694375,7,-0.029940,0.014522,0.103439
1777047821.694375,5,-0.028454,-0.036490,0.159909
1777047821.694375,10,-0.068441,0.042103,0.069146
1777047821.694375,8,-0.066280,-0.008922,0.127154
1777047821.694375,11,-0.102114,0.022371,0.103494
1777047821.727944,4,0.007100,-0.013028,0.136974
1777047821.727944,2,0.009681,-0.058389,0.197815
1777047821.727944,9,-0.032097,0.064068,0.045815
1777047821.727944,7,-0.030832,0.012640,0.100441
1777047821.727944,5,-0.027102,-0.035628,0.162893
1777047821.727944,10,-0.066820,0.040739,0.069650
1777047821.727944,8,-0.065741,-0.011198,0.125956
1777047821.727944,11,-0.101956,0.019931,0.099527
1777047821.761512,4,0.007560,-0.016027,0.134801
1777047821.761512,2,0.009721,-0.061904,0.195556
1777047821.761512,9,-0.030420,0.062097,0.046877
1777047821.761512,7,-0.028644,0.012592,0.105816
1777047821.761512,5,-0.026022,-0.036416,0.164910
1777047821.761512,10,-0.067013,0.040320,0.071969
1777047821.761512,8,-0.065106,-0.011310,0.128920
1777047821.761512,11,-0.102297,0.019217,0.101220
1777047821.996583,4,0.009782,-0.019457,0.142070
1777047821.996583,2,0.013359,-0.063757,0.204971
1777047821.996583,9,-0.030594,0.058857,0.054335
1777047821.996583,7,-0.027810,0.008126,0.111151
1777047821.996583,5,-0.023230,-0.040560,0.172219
1777047821.996583,10,-0.065441,0.037014,0.083246
1777047821.996583,8,-0.062142,-0.014521,0.139918
1777047821.996583,11,-0.100379,0.014978,0.111609
1777047822.063778,4,0.010793,-0.019137,0.146871
1777047822.063778,2,0.014480,-0.065049,0.206052
1777047822.063778,9,-0.031115,0.057838,0.055759
1777047822.063778,7,-0.027899,0.006534,0.111563
1777047822.063778,5,-0.021886,-0.040471,0.176372
1777047822.063778,10,-0.065643,0.035583,0.084369
1777047822.063778,8,-0.062181,-0.016462,0.140399
1777047822.063778,11,-0.100679,0.013253,0.113609
1777047822.097375,4,0.011134,-0.022129,0.145112
1777047822.097375,2,0.014983,-0.067366,0.205794
1777047822.097375,9,-0.030087,0.054045,0.053896
1777047822.097375,7,-0.026440,0.004791,0.113564
1777047822.097375,5,-0.021272,-0.043020,0.175316
1777047822.097375,10,-0.064781,0.033130,0.083048
1777047822.097375,8,-0.060338,-0.017313,0.142953
1777047822.097375,11,-0.099357,0.011688,0.113412
1777047822.164491,4,0.012324,-0.024883,0.146378
1777047822.164491,2,0.015934,-0.069334,0.208143
1777047822.164491,9,-0.028520,0.051840,0.055295
1777047822.164491,7,-0.024773,0.002438,0.115987
1777047822.164491,5,-0.020659,-0.046571,0.174918
1777047822.164491,10,-0.063280,0.030543,0.084710
1777047822.164491,8,-0.059113,-0.020049,0.144018
1777047822.164491,11,-0.097043,0.009340,0.116616
1777047822.231645,4,0.012678,-0.025672,0.148105
1777047822.231645,2,0.016719,-0.070464,0.209355
1777047822.231645,9,-0.028683,0.052136,0.060332
1777047822.231645,7,-0.024850,0.001569,0.117913
1777047822.231645,5,-0.020511,-0.048058,0.175820
1777047822.231645,10,-0.064731,0.028951,0.083501
1777047822.231645,8,-0.058809,-0.021052,0.146340
1777047822.231645,11,-0.096758,0.009076,0.120433
1777047822.298799,4,0.013347,-0.027785,0.149077
1777047822.298799,2,0.017305,-0.073381,0.208244
1777047822.298799,9,-0.028801,0.049041,0.055499
1777047822.298799,7,-0.024104,-0.000433,0.117856
1777047822.298799,5,-0.019173,-0.049035,0.178485
1777047822.298799,10,-0.063428,0.027250,0.084903
1777047822.298799,8,-0.058297,-0.023116,0.146421
1777047822.298799,11,-0.095485,0.007456,0.121784
1777047822.365952,2,0.017811,-0.076268,0.208520
1777047822.365952,9,-0.027525,0.046776,0.058034
1777047822.365952,7,-0.022937,-0.002547,0.120152
1777047822.365952,5,-0.018951,-0.051547,0.179687
1777047822.365952,10,-0.061913,0.025276,0.087551
1777047822.365952,8,-0.056686,-0.024697,0.149583
1777047822.365952,11,-0.094999,0.004895,0.121457
1777047822.399528,2,0.018190,-0.077011,0.209721
1777047822.399528,9,-0.027403,0.047053,0.062154
1777047822.399528,7,-0.023938,-0.004429,0.117741
1777047822.399528,5,-0.017522,-0.051058,0.181987
1777047822.399528,10,-0.061642,0.025285,0.090610
1777047822.399528,8,-0.057111,-0.026136,0.149081
1777047822.399528,11,-0.094444,0.004591,0.124589
1777047822.466680,2,0.018611,-0.080856,0.207917
1777047822.466680,9,-0.026421,0.043710,0.060371
1777047822.466680,7,-0.021858,-0.005824,0.121566
1777047822.466680,5,-0.017894,-0.056039,0.178654
1777047822.466680,10,-0.061209,0.021949,0.088639
1777047822.466680,8,-0.055811,-0.028176,0.150415
1777047822.466680,11,-0.092903,0.002295,0.125645
1777047822.500256,2,0.018748,-0.081768,0.208511
1777047822.500256,9,-0.026032,0.041823,0.058829
1777047822.500256,7,-0.022328,-0.008761,0.117644
1777047822.500256,5,-0.017166,-0.056166,0.180234
1777047822.500256,10,-0.059713,0.021459,0.090756
1777047822.500256,8,-0.055429,-0.029361,0.150642
1777047822.500256,11,-0.092695,0.001014,0.124548
1777047822.567407,2,0.020056,-0.081116,0.212626
1777047822.567407,9,-0.026685,0.041214,0.060632
1777047822.567407,7,-0.021854,-0.009072,0.121738
1777047822.567407,5,-0.016992,-0.056770,0.183672
1777047822.567407,10,-0.059294,0.020444,0.093682
1777047822.567407,8,-0.054301,-0.029670,0.154747
1777047822.567407,11,-0.093399,-0.000998,0.124425
1777047822.634557,2,0.020838,-0.082647,0.213274
1777047822.634557,9,-0.025653,0.040741,0.063698
1777047822.634557,7,-0.020966,-0.009490,0.124030
1777047822.634557,5,-0.015462,-0.057040,0.186840
1777047822.634557,10,-0.059193,0.019329,0.094817
1777047822.634557,8,-0.052865,-0.029759,0.158306
1777047822.634557,11,-0.092256,-0.001795,0.127813
1777047822.668132,2,0.021170,-0.083566,0.213496
1777047822.668132,9,-0.025160,0.041005,0.066697
1777047822.668132,7,-0.020505,-0.009945,0.124892
1777047822.668132,5,-0.015295,-0.057685,0.187091
1777047822.668132,10,-0.059327,0.019000,0.095464
1777047822.668132,8,-0.052610,-0.030248,0.159445
1777047822.668132,11,-0.090607,-0.000711,0.133208
1777047822.735282,9,-0.026373,0.039298,0.064930
1777047822.735282,7,-0.020100,-0.010941,0.128022
1777047822.735282,5,-0.013655,-0.058078,0.189709
1777047822.735282,10,-0.059412,0.017847,0.098138
1777047822.735282,8,-0.051386,-0.030431,0.163672
1777047822.735282,11,-0.091696,-0.003467,0.132290
1777047822.802430,9,-0.026057,0.038758,0.070623
1777047822.802430,7,-0.019902,-0.011962,0.130462
1777047822.802430,5,-0.013118,-0.058358,0.194616
1777047822.802430,10,-0.058555,0.017481,0.104333
1777047822.802430,8,-0.051059,-0.031742,0.166567
1777047822.802430,11,-0.089756,-0.003463,0.139517
1777047822.836005,9,-0.025735,0.039183,0.074778
1777047822.836005,7,-0.019032,-0.010821,0.135675
1777047822.836005,5,-0.012276,-0.058719,0.195409
1777047822.836005,10,-0.057882,0.017593,0.107589
1777047822.836005,8,-0.050355,-0.032155,0.169359
1777047822.836005,11,-0.089250,-0.003516,0.142588
1777047822.903152,9,-0.026135,0.038496,0.075595
1777047822.903152,7,-0.018370,-0.011469,0.137680
1777047822.903152,5,-0.010887,-0.058619,0.198354
1777047822.903152,10,-0.059081,0.015462,0.105368
1777047822.903152,8,-0.050721,-0.034224,0.168382
1777047822.903152,11,-0.089613,-0.004887,0.142833
1777047823.071046,9,-0.026044,0.036889,0.082690
1777047823.071046,7,-0.017155,-0.013322,0.144451
1777047823.071046,5,-0.009653,-0.061545,0.203892
1777047823.071046,10,-0.057676,0.013968,0.114816
1777047823.071046,8,-0.047752,-0.035098,0.178423
1777047823.071046,11,-0.089144,-0.008712,0.148852
1777047823.339617,9,-0.025843,0.034998,0.086528
1777047823.339617,7,-0.016506,-0.014346,0.148402
1777047823.339617,5,-0.007724,-0.061525,0.207657
1777047823.339617,10,-0.057716,0.011978,0.117693
1777047823.339617,8,-0.048016,-0.037701,0.179215
1777047823.339617,11,-0.087518,-0.009279,0.154262
1777047823.373190,9,-0.026351,0.034554,0.084216
1777047823.373190,7,-0.016677,-0.014508,0.148310
1777047823.373190,5,-0.007724,-0.061525,0.207657
1777047823.373190,10,-0.057677,0.011870,0.116895
1777047823.373190,8,-0.048016,-0.037701,0.179215
1777047823.373190,11,-0.087915,-0.009800,0.153110
1777047823.406763,7,-0.016611,-0.016659,0.145213
1777047823.406763,9,-0.026206,0.032437,0.081251
1777047823.406763,5,-0.007444,-0.063333,0.205372
1777047823.406763,10,-0.057587,0.009637,0.114362
1777047823.406763,8,-0.047751,-0.039673,0.176815
1777047823.406763,11,-0.087285,-0.011404,0.151737
1777047823.440335,9,-0.026164,0.032603,0.081850
1777047823.440335,7,-0.017100,-0.017055,0.143978
1777047823.440335,5,-0.007444,-0.063333,0.205372
1777047823.440335,10,-0.057587,0.009637,0.114362
1777047823.440335,8,-0.047457,-0.041984,0.174030
1777047823.440335,11,-0.086667,-0.013654,0.149829
1777047823.473907,9,-0.026290,0.029964,0.078163
1777047823.473907,7,-0.016468,-0.019263,0.142132
1777047823.473907,5,-0.008408,-0.067030,0.201397
1777047823.473907,10,-0.057566,0.007131,0.111253
1777047823.473907,8,-0.047211,-0.041828,0.174391
1777047823.473907,11,-0.087479,-0.014495,0.147677
1777047823.507479,9,-0.025108,0.028727,0.079072
1777047823.507479,7,-0.015588,-0.020053,0.141679
1777047823.507479,5,-0.007036,-0.067721,0.199461
1777047823.507479,10,-0.056475,0.005842,0.110920
1777047823.507479,8,-0.046029,-0.042292,0.174401
1777047823.507479,11,-0.086921,-0.016175,0.146190
1777047823.541051,9,-0.026050,0.028252,0.076352
1777047823.541051,7,-0.015700,-0.019933,0.141586
1777047823.541051,5,-0.006707,-0.067103,0.200227
1777047823.541051,10,-0.057250,0.005319,0.109550
1777047823.541051,8,-0.047171,-0.043952,0.171474
1777047823.541051,11,-0.088154,-0.017412,0.143063
1777047823.574623,9,-0.026066,0.025805,0.072704
1777047823.574623,7,-0.015683,-0.022290,0.138063
1777047823.574623,5,-0.006396,-0.069447,0.196809
1777047823.574623,10,-0.057205,0.002898,0.106303
1777047823.574623,8,-0.046214,-0.045440,0.169867
1777047823.574623,11,-0.087510,-0.019862,0.140964
1777047823.608194,9,-0.025175,0.024481,0.072373
1777047823.608194,7,-0.015516,-0.024540,0.134495
1777047823.608194,5,-0.006038,-0.071569,0.193795
1777047823.608194,10,-0.056970,0.000748,0.103207
1777047823.608194,8,-0.045911,-0.047004,0.167722
1777047823.608194,11,-0.086496,-0.021175,0.139843
1777047823.641765,9,-0.025044,0.024877,0.073321
1777047823.641765,7,-0.015555,-0.024230,0.134170
1777047823.641765,5,-0.006987,-0.071726,0.193832
1777047823.641765,10,-0.056870,0.001169,0.102960
1777047823.641765,8,-0.046027,-0.046892,0.167201
1777047823.641765,11,-0.087652,-0.021599,0.137600
1777047823.708907,9,-0.025240,0.025918,0.070318
1777047823.708907,7,-0.014542,-0.022265,0.135890
1777047823.708907,5,-0.006246,-0.070119,0.194180
1777047823.708907,10,-0.057388,0.001640,0.099634
1777047823.708907,8,-0.045375,-0.045596,0.166936
1777047823.708907,11,-0.086180,-0.019632,0.139110
1777047823.742543,9,-0.024502,0.027449,0.072414
1777047823.742543,7,-0.014412,-0.021119,0.135188
1777047823.742543,5,-0.005716,-0.068347,0.194800
1777047823.742543,10,-0.056137,0.003645,0.102243
1777047823.742543,8,-0.044929,-0.043930,0.167400
1777047823.742543,11,-0.086837,-0.019026,0.136761
1777047823.776123,9,-0.024523,0.028547,0.070073
1777047823.776123,7,-0.014572,-0.020676,0.132112
1777047823.776123,5,-0.004893,-0.067420,0.192598
1777047823.776123,10,-0.056402,0.004881,0.100121
1777047823.776123,8,-0.044999,-0.043076,0.165595
1777047823.776123,11,-0.086178,-0.017465,0.136860
1777047823.876862,9,-0.023815,0.033688,0.066750
1777047823.876862,7,-0.014367,-0.016162,0.128470
1777047823.876862,5,-0.005901,-0.063725,0.189554
1777047823.876862,10,-0.055955,0.009329,0.095879
1777047823.876862,8,-0.044447,-0.038040,0.163399
1777047823.876862,11,-0.086886,-0.013073,0.131229
1777047823.910441,9,-0.023176,0.035454,0.067496
1777047823.910441,7,-0.014325,-0.015249,0.127103
1777047823.910441,5,-0.004875,-0.061826,0.188801
1777047823.910441,10,-0.055864,0.011331,0.095951
1777047823.910441,8,-0.044592,-0.036677,0.162375
1777047823.910441,11,-0.086157,-0.010922,0.132608
1777047823.944020,9,-0.022484,0.039259,0.064796
1777047823.944020,7,-0.012779,-0.009831,0.128651
1777047823.944020,5,-0.004163,-0.058172,0.186994
1777047823.944020,10,-0.054748,0.015794,0.095605
1777047823.944020,8,-0.043555,-0.032603,0.161129
1777047823.944020,11,-0.086111,-0.007421,0.129056
1777047824.313378,9,-0.020221,0.052448,0.062838
1777047824.313378,7,-0.012640,0.001616,0.123498
1777047824.313378,5,-0.004663,-0.047245,0.181844
1777047824.313378,10,-0.053833,0.028202,0.090146
1777047824.313378,8,-0.044007,-0.018508,0.150772
1777047824.313378,11,-0.082558,0.011359,0.128014
1777047824.346955,9,-0.018458,0.057567,0.066188
1777047824.346955,7,-0.011242,0.006151,0.123412
1777047824.346955,5,-0.003418,-0.042885,0.181631
1777047824.346955,10,-0.052001,0.033208,0.092346
1777047824.346955,8,-0.043397,-0.017722,0.152615
1777047824.346955,11,-0.083727,0.010615,0.125201
1777047824.380532,9,-0.017272,0.062842,0.066216
1777047824.380532,7,-0.010028,0.011434,0.123478
1777047824.380532,5,-0.002034,-0.037095,0.182334
1777047824.380532,10,-0.050542,0.038840,0.093337
1777047824.380532,8,-0.042813,-0.013153,0.150880
1777047824.380532,11,-0.082496,0.016122,0.125423
1777047824.447685,9,-0.017303,0.062848,0.065510
1777047824.447685,7,-0.010324,0.011213,0.122865
1777047824.447685,5,-0.001626,-0.037024,0.182896
1777047824.447685,10,-0.050391,0.038861,0.093509
1777047824.447685,8,-0.042794,-0.013210,0.150960
1777047824.447685,11,-0.082313,0.016531,0.126678
1777047824.481261,9,-0.016784,0.067852,0.066790
1777047824.481261,7,-0.009796,0.016283,0.123980
1777047824.481261,5,-0.001456,-0.032287,0.183491
1777047824.481261,10,-0.049932,0.044090,0.094955
1777047824.481261,8,-0.041730,-0.007387,0.154364
1777047824.481261,11,-0.082216,0.021152,0.126720
1777047824.548414,9,-0.018522,0.066575,0.067226
1777047824.548414,7,-0.011162,0.015133,0.125296
1777047824.548414,5,-0.002280,-0.030804,0.184852
1777047824.548414,10,-0.050871,0.045923,0.095895
1777047824.548414,8,-0.042167,-0.005187,0.156780
1777047824.548414,11,-0.082890,0.022867,0.128519
1777047824.581990,9,-0.017329,0.069500,0.070940
1777047824.581990,7,-0.011114,0.017513,0.126286
1777047824.581990,5,-0.002262,-0.029773,0.187609
1777047824.581990,10,-0.048913,0.047457,0.105399
1777047824.581990,8,-0.043454,-0.006284,0.155634
1777047824.581990,11,-0.083692,0.022614,0.129643
1777047824.649141,9,-0.020933,0.068620,0.071834
1777047824.649141,7,-0.014407,0.015996,0.126312
1777047824.649141,5,-0.005798,-0.032678,0.186541
1777047824.649141,10,-0.054425,0.044433,0.098756
1777047824.649141,8,-0.045695,-0.006877,0.159061
1777047824.649141,11,-0.085769,0.022030,0.132501
1777047824.716291,2,0.029419,-0.060285,0.214431
1777047824.716291,9,-0.023358,0.065845,0.073671
1777047824.716291,7,-0.016319,0.013745,0.128632
1777047824.716291,5,-0.007682,-0.035240,0.188241
1777047824.716291,10,-0.054787,0.043537,0.107205
1777047824.716291,8,-0.044741,-0.005250,0.169009
1777047824.716291,11,-0.083618,0.022850,0.144600
1777047824.749866,6,0.014161,0.036290,0.102100
1777047824.749866,4,0.021600,-0.012843,0.161221
1777047824.749866,2,0.027194,-0.060904,0.216566
1777047824.749866,9,-0.025850,0.064194,0.071573
1777047824.749866,7,-0.017878,0.012851,0.130531
1777047824.749866,5,-0.009890,-0.036293,0.190343
1777047824.749866,10,-0.057482,0.041194,0.103590
1777047824.749866,8,-0.048627,-0.009563,0.164447
1777047824.749866,11,-0.089546,0.018024,0.136209
1777047824.783441,6,0.012765,0.034910,0.102605
1777047824.783441,4,0.020352,-0.013675,0.162161
1777047824.783441,2,0.026102,-0.061026,0.218353
1777047824.783441,9,-0.027626,0.062935,0.072293
1777047824.783441,7,-0.019859,0.011013,0.129711
1777047824.783441,5,-0.010892,-0.035757,0.193493
1777047824.783441,10,-0.059166,0.039977,0.104997
1777047824.783441,8,-0.049607,-0.010085,0.166589
1777047824.783441,11,-0.089381,0.018054,0.140739
1777047824.850590,6,0.009954,0.031850,0.103783
1777047824.850590,4,0.017725,-0.017303,0.163009
1777047824.850590,2,0.024445,-0.064795,0.218621
1777047824.850590,9,-0.029757,0.060307,0.077029
1777047824.850590,7,-0.021745,0.009247,0.134711
1777047824.850590,5,-0.012954,-0.039788,0.193287
1777047824.850590,10,-0.061754,0.037113,0.108141
1777047824.850590,8,-0.052911,-0.013710,0.167496
1777047824.850590,11,-0.092337,0.015110,0.143135
1777047824.884165,6,0.008398,0.029006,0.106778
1777047824.884165,4,0.015806,-0.020037,0.164489
1777047824.884165,2,0.022634,-0.067474,0.219895
1777047824.884165,9,-0.033268,0.055165,0.070605
1777047824.884165,7,-0.024139,0.004940,0.132889
1777047824.884165,5,-0.014187,-0.041891,0.195067
1777047824.884165,10,-0.063991,0.033085,0.106887
1777047824.884165,8,-0.054079,-0.016297,0.168738
1777047824.884165,11,-0.094518,0.011177,0.142070
1777047824.917739,6,0.007584,0.027834,0.105619
1777047824.917739,4,0.015420,-0.020895,0.164162
1777047824.917739,2,0.022195,-0.068278,0.219871
1777047824.917739,9,-0.033674,0.054652,0.071589
1777047824.917739,7,-0.024904,0.004148,0.133304
1777047824.917739,5,-0.015425,-0.042768,0.196163
1777047824.917739,10,-0.064180,0.032821,0.108320
1777047824.917739,8,-0.054532,-0.016663,0.169816
1777047824.917739,11,-0.095897,0.009956,0.141118
1777047824.984801,6,0.006708,0.026113,0.110332
1777047824.984801,4,0.014370,-0.022063,0.168549
1777047824.984801,2,0.021374,-0.068597,0.224191
1777047824.984801,9,-0.034668,0.052483,0.075249
1777047824.984801,7,-0.026332,0.001392,0.134632
1777047824.984801,5,-0.016605,-0.044194,0.199434
1777047824.984801,10,-0.065847,0.030200,0.109921
1777047824.984801,8,-0.055498,-0.018388,0.172777
1777047824.984801,11,-0.096200,0.008465,0.145083
1777047825.018397,6,0.005992,0.024608,0.110706
1777047825.018397,4,0.013962,-0.023423,0.170458
1777047825.018397,2,0.020745,-0.070836,0.225611
1777047825.018397,9,-0.034791,0.051828,0.078421
1777047825.018397,7,-0.025416,0.002209,0.141149
1777047825.018397,5,-0.016398,-0.045769,0.200253
1777047825.018397,10,-0.065404,0.030297,0.114810
1777047825.018397,8,-0.055564,-0.018813,0.176473
1777047825.018397,11,-0.096906,0.007534,0.147114
1777047825.085589,6,0.005570,0.024876,0.111726
1777047825.085589,4,0.013725,-0.022667,0.172273
1777047825.085589,2,0.019456,-0.070020,0.227465
1777047825.085589,9,-0.035108,0.051705,0.079086
1777047825.085589,7,-0.026064,0.001916,0.141130
1777047825.085589,5,-0.017369,-0.045463,0.202175
1777047825.085589,10,-0.065561,0.030370,0.115504
1777047825.085589,8,-0.056562,-0.019841,0.175070
1777047825.085589,11,-0.095459,0.009130,0.151363
1777047825.119185,6,0.005795,0.025852,0.115601
1777047825.119185,4,0.013643,-0.022005,0.175689
1777047825.119185,2,0.020398,-0.070289,0.229583
1777047825.119185,9,-0.034867,0.052748,0.082998
1777047825.119185,7,-0.026534,0.002111,0.142983
1777047825.119185,5,-0.016795,-0.044914,0.204569
1777047825.119185,10,-0.066726,0.030184,0.115395
1777047825.119185,8,-0.056370,-0.019048,0.178785
1777047825.119185,11,-0.095649,0.009393,0.154284
1777047825.186378,6,0.006217,0.026984,0.119769
1777047825.186378,4,0.014152,-0.020965,0.180016
1777047825.186378,2,0.020803,-0.068961,0.234160
1777047825.186378,9,-0.034739,0.054279,0.087526
1777047825.186378,7,-0.025440,0.004278,0.149613
1777047825.186378,5,-0.017195,-0.043689,0.209658
1777047825.186378,10,-0.066280,0.031668,0.121019
1777047825.186378,8,-0.056356,-0.018009,0.182675
1777047825.186378,11,-0.096497,0.009514,0.156578
1777047825.253570,6,0.005799,0.028715,0.123521
1777047825.253570,4,0.013980,-0.019803,0.182936
1777047825.253570,2,0.021412,-0.065737,0.240200
1777047825.253570,9,-0.033914,0.056661,0.094786
1777047825.253570,7,-0.025184,0.006319,0.154506
1777047825.253570,5,-0.016353,-0.042253,0.213270
1777047825.253570,10,-0.066075,0.033540,0.125194
1777047825.253570,8,-0.055099,-0.015275,0.189274
1777047825.253570,11,-0.096820,0.010923,0.159833
1777047825.320763,6,0.007745,0.030822,0.126068
1777047825.320763,4,0.016441,-0.016892,0.187493
1777047825.320763,2,0.022662,-0.064201,0.243424
1777047825.320763,9,-0.033662,0.057330,0.090692
1777047825.320763,7,-0.023658,0.007352,0.155181
1777047825.320763,5,-0.014579,-0.040140,0.216972
1777047825.320763,10,-0.064792,0.034738,0.125981
1777047825.320763,8,-0.053794,-0.012227,0.195184
1777047825.320763,11,-0.095301,0.014606,0.167115
1777047825.354360,6,0.008653,0.034019,0.130617
1777047825.354360,4,0.017415,-0.014188,0.190804
1777047825.354360,2,0.023764,-0.062428,0.246206
1777047825.354360,9,-0.032569,0.061035,0.097659
1777047825.354360,7,-0.022788,0.010690,0.159830
1777047825.354360,5,-0.012441,-0.033991,0.226455
1777047825.354360,10,-0.063682,0.040775,0.137479
1777047825.354360,8,-0.052495,-0.008629,0.200153
1777047825.354360,11,-0.093314,0.018511,0.173442
1777047825.623133,6,0.010284,0.035907,0.132581
1777047825.623133,4,0.019400,-0.011508,0.193738
1777047825.623133,2,0.026785,-0.059566,0.247245
1777047825.623133,9,-0.030108,0.063175,0.102885
1777047825.623133,7,-0.021470,0.011448,0.159677
1777047825.623133,5,-0.011768,-0.036148,0.221423
1777047825.623133,10,-0.062893,0.038526,0.130616
1777047825.623133,8,-0.051139,-0.010759,0.194857
1777047825.623133,11,-0.092193,0.016484,0.167469
1777047825.690327,6,0.009662,0.038440,0.139123
1777047825.690327,4,0.018223,-0.011058,0.195584
1777047825.690327,2,0.025981,-0.058556,0.250354
1777047825.690327,9,-0.032150,0.064232,0.103766
1777047825.690327,7,-0.021632,0.014430,0.166632
1777047825.690327,5,-0.012032,-0.033810,0.226709
1777047825.690327,10,-0.063177,0.040679,0.136834
1777047825.690327,8,-0.051650,-0.008480,0.200108
1777047825.690327,11,-0.093573,0.017649,0.170985
1777047825.757521,6,0.008446,0.038734,0.138291
1777047825.757521,4,0.017948,-0.009374,0.198816
1777047825.757521,2,0.026262,-0.055716,0.254837
1777047825.757521,9,-0.032850,0.065654,0.106474
1777047825.757521,7,-0.022173,0.015318,0.168568
1777047825.757521,5,-0.012561,-0.032686,0.229108
1777047825.757521,10,-0.063846,0.041932,0.139287
1777047825.757521,8,-0.051941,-0.007155,0.202770
1777047825.757521,11,-0.094130,0.018634,0.173786
1777047825.858312,6,0.008748,0.036627,0.138201
1777047825.858312,4,0.017996,-0.011283,0.197855
1777047825.858312,2,0.025390,-0.060563,0.250110
1777047825.858312,9,-0.033234,0.062056,0.102062
1777047825.858312,7,-0.022551,0.012617,0.166291
1777047825.858312,5,-0.012897,-0.035647,0.226318
1777047825.858312,10,-0.063473,0.039302,0.137792
1777047825.858312,8,-0.052058,-0.010128,0.200313
1777047825.858312,11,-0.094856,0.015323,0.169753
1777047825.925507,6,0.008224,0.038141,0.141718
1777047825.925507,4,0.017295,-0.010004,0.200327
1777047825.925507,2,0.025286,-0.058140,0.254268
1777047825.925507,9,-0.033951,0.063687,0.105969
1777047825.925507,7,-0.023489,0.012993,0.167629
1777047825.925507,5,-0.013401,-0.034443,0.228965
1777047825.925507,10,-0.064505,0.040263,0.140222
1777047825.925507,8,-0.052168,-0.007657,0.205241
1777047825.925507,11,-0.094149,0.017809,0.175903
1777047825.992702,6,0.007753,0.036076,0.137989
1777047825.992702,4,0.016790,-0.012460,0.197118
1777047825.992702,2,0.024805,-0.059362,0.252501
1777047825.992702,9,-0.034811,0.065196,0.107838
1777047825.992702,7,-0.023837,0.015158,0.171324
1777047825.992702,5,-0.013845,-0.032407,0.232095
1777047825.992702,10,-0.065475,0.041694,0.141801
1777047825.992702,8,-0.053081,-0.006898,0.206685
1777047825.992702,11,-0.095749,0.018347,0.176422
1777047826.059896,6,0.006579,0.036532,0.138742
1777047826.059896,4,0.015853,-0.012281,0.198095
1777047826.059896,2,0.024291,-0.059460,0.253591
1777047826.059896,9,-0.034788,0.062737,0.106647
1777047826.059896,7,-0.024615,0.011912,0.167032
1777047826.059896,5,-0.014132,-0.034296,0.230501
1777047826.059896,10,-0.065360,0.039558,0.140785
1777047826.059896,8,-0.054396,-0.010264,0.202033
1777047826.059896,11,-0.096021,0.016302,0.174778
1777047826.093494,6,0.006327,0.039561,0.144807
1777047826.093494,4,0.015916,-0.008550,0.204202
1777047826.093494,2,0.023235,-0.056015,0.259222
1777047826.093494,9,-0.034077,0.066298,0.115613
1777047826.093494,7,-0.024707,0.014845,0.172438
1777047826.093494,5,-0.013275,-0.031572,0.233999
1777047826.093494,10,-0.066625,0.041218,0.142661
1777047826.093494,8,-0.054431,-0.007348,0.207108
1777047826.093494,11,-0.095713,0.018873,0.179893
1777047826.160671,6,0.006254,0.037402,0.143568
1777047826.160671,4,0.015386,-0.010812,0.201957
1777047826.160671,2,0.023679,-0.057907,0.257027
1777047826.160671,9,-0.035898,0.062584,0.107552
1777047826.160671,7,-0.025073,0.012817,0.170504
1777047826.160671,5,-0.015224,-0.034952,0.230929
1777047826.160671,10,-0.067196,0.038433,0.139010
1777047826.160671,8,-0.055129,-0.010245,0.204111
1777047826.160671,11,-0.097017,0.015856,0.175736
1777047826.194260,6,0.004844,0.038645,0.142749
1777047826.194260,4,0.015300,-0.007170,0.207040
1777047826.194260,2,0.023681,-0.055141,0.260926
1777047826.194260,9,-0.036089,0.065380,0.112107
1777047826.194260,7,-0.025565,0.015446,0.174240
1777047826.194260,5,-0.015139,-0.031584,0.236078
1777047826.194260,10,-0.067635,0.041017,0.143208
1777047826.194260,8,-0.055380,-0.007420,0.207679
1777047826.194260,11,-0.096905,0.018744,0.180592
1777047826.261437,6,0.003956,0.040551,0.145803
1777047826.261437,4,0.014330,-0.006256,0.208363
1777047826.261437,2,0.022864,-0.053977,0.262751
1777047826.261437,9,-0.037272,0.066969,0.115134
1777047826.261437,7,-0.026332,0.016633,0.176501
1777047826.261437,5,-0.015348,-0.030071,0.237506
1777047826.261437,10,-0.068249,0.042972,0.147450
1777047826.261437,8,-0.056489,-0.006594,0.209731
1777047826.261437,11,-0.097801,0.020257,0.183774
1777047826.328614,6,0.003797,0.038788,0.145798
1777047826.328614,4,0.013385,-0.009278,0.205109
1777047826.328614,2,0.021676,-0.057110,0.259994
1777047826.328614,9,-0.038239,0.064207,0.111480
1777047826.328614,7,-0.026871,0.014978,0.175143
1777047826.328614,5,-0.017050,-0.029399,0.239676
1777047826.328614,10,-0.069567,0.044179,0.150068
1777047826.328614,8,-0.056463,-0.003737,0.215075
1777047826.328614,11,-0.098614,0.021238,0.185865
1777047826.362203,6,0.003223,0.040928,0.148342
1777047826.362203,4,0.013436,-0.005427,0.210745
1777047826.362203,2,0.021726,-0.054208,0.263853
1777047826.362203,9,-0.039547,0.066093,0.112521
1777047826.362203,7,-0.028152,0.016125,0.176266
1777047826.362203,5,-0.017250,-0.030130,0.239514
1777047826.362203,10,-0.069417,0.042932,0.148797
1777047826.362203,8,-0.057188,-0.005637,0.212657
1777047826.362203,11,-0.097374,0.021377,0.188359
1777047826.698086,6,0.000024,0.033654,0.145018
1777047826.698086,4,0.009267,-0.014295,0.204889
1777047826.698086,2,0.016630,-0.060741,0.261416
1777047826.698086,9,-0.042146,0.057996,0.108637
1777047826.698086,7,-0.031612,0.008176,0.171571
1777047826.698086,5,-0.020163,-0.036568,0.235939
1777047826.698086,10,-0.072238,0.035725,0.145526
1777047826.698086,8,-0.060999,-0.013322,0.208084
1777047826.698086,11,-0.101236,0.014047,0.183038
1777047826.798851,6,-0.001381,0.028203,0.139256
1777047826.798851,4,0.007793,-0.018633,0.201971
1777047826.798851,2,0.015777,-0.064914,0.258549
1777047826.798851,9,-0.042487,0.054761,0.108862
1777047826.798851,7,-0.031572,0.006609,0.174058
1777047826.798851,5,-0.022617,-0.040342,0.234488
1777047826.798851,10,-0.073715,0.031581,0.142504
1777047826.798851,8,-0.061738,-0.015661,0.208103
1777047826.798851,11,-0.104689,0.011912,0.181196
1777047826.832438,6,-0.001762,0.032675,0.146823
1777047826.832438,4,0.007367,-0.014289,0.207830
1777047826.832438,2,0.014847,-0.060637,0.264041
1777047826.832438,9,-0.044022,0.056981,0.110742
1777047826.832438,7,-0.033434,0.008119,0.174843
1777047826.832438,5,-0.022828,-0.039022,0.235546
1777047826.832438,10,-0.074667,0.034127,0.145928
1777047826.832438,8,-0.063418,-0.014475,0.208609
1777047826.832438,11,-0.104543,0.011548,0.181351
1777047826.866027,6,-0.003109,0.035465,0.149754
1777047826.866027,4,0.006955,-0.010514,0.212611
1777047826.866027,2,0.013918,-0.059701,0.265095
1777047826.866027,9,-0.044700,0.060223,0.115562
1777047826.866027,7,-0.035187,0.009702,0.175547
1777047826.866027,5,-0.022163,-0.032777,0.243625
1777047826.866027,10,-0.076016,0.036330,0.148160
1777047826.866027,8,-0.063809,-0.011008,0.213379
1777047826.866027,11,-0.105270,0.014236,0.185381
1777047826.899615,6,-0.003581,0.033093,0.145687
1777047826.899615,4,0.006037,-0.012852,0.209513
1777047826.899615,2,0.014819,-0.058074,0.266830
1777047826.899615,9,-0.043663,0.060609,0.118730
1777047826.899615,7,-0.035088,0.009115,0.175939
1777047826.899615,5,-0.024055,-0.035745,0.240264
1777047826.899615,10,-0.076006,0.035780,0.148357
1777047826.899615,8,-0.063748,-0.011304,0.213683
1777047826.899615,11,-0.104054,0.015236,0.188066
1777047826.933203,6,-0.004095,0.037401,0.152810
1777047826.933203,4,0.005797,-0.009812,0.213357
1777047826.933203,2,0.013080,-0.057769,0.267686
1777047826.933203,9,-0.046040,0.061956,0.118609
1777047826.933203,7,-0.036084,0.011304,0.178520
1777047826.933203,5,-0.024978,-0.034197,0.241975
1777047826.933203,10,-0.077630,0.037661,0.150169
1777047826.933203,8,-0.064491,-0.009162,0.216873
1777047826.933203,11,-0.105848,0.016136,0.189004
1777047826.966824,6,-0.005611,0.038568,0.152395
1777047826.966824,4,0.004786,-0.007580,0.215536
1777047826.966824,2,0.012855,-0.054006,0.272334
1777047826.966824,9,-0.047732,0.063774,0.119989
1777047826.966824,7,-0.036814,0.013708,0.181373
1777047826.966824,5,-0.025479,-0.031055,0.246409
1777047826.966824,10,-0.078317,0.040197,0.153950
1777047826.966824,8,-0.065006,-0.006219,0.220791
1777047826.966824,11,-0.107585,0.017691,0.191057
1777047827.000406,6,-0.005499,0.038494,0.154612
1777047827.000406,4,0.004338,-0.008108,0.216276
1777047827.000406,2,0.012640,-0.057237,0.268349
1777047827.000406,9,-0.047495,0.062947,0.120818
1777047827.000406,7,-0.036570,0.014016,0.183427
1777047827.000406,5,-0.026222,-0.032211,0.245300
1777047827.000406,10,-0.078534,0.039633,0.154518
1777047827.000406,8,-0.066060,-0.008024,0.218494
1777047827.000406,11,-0.106863,0.018096,0.192789
1777047827.033988,6,-0.006503,0.041031,0.156164
1777047827.033988,4,0.002672,-0.006647,0.217250
1777047827.033988,2,0.012131,-0.053962,0.271560
1777047827.033988,9,-0.048090,0.066749,0.125130
1777047827.033988,7,-0.037894,0.016073,0.184867
1777047827.033988,5,-0.025630,-0.028867,0.248814
1777047827.033988,10,-0.078821,0.042996,0.159300
1777047827.033988,8,-0.066254,-0.004330,0.223242
1777047827.033988,11,-0.107634,0.020905,0.195602
1777047827.067569,6,-0.007766,0.042730,0.156792
1777047827.067569,4,0.002745,-0.003339,0.220578
1777047827.067569,2,0.011729,-0.049683,0.277066
1777047827.067569,9,-0.049795,0.068243,0.126372
1777047827.067569,7,-0.039102,0.017718,0.185940
1777047827.067569,5,-0.027207,-0.026797,0.251239
1777047827.067569,10,-0.079977,0.044783,0.161030
1777047827.067569,8,-0.066752,-0.001822,0.226244
1777047827.067569,11,-0.109428,0.022034,0.196622
1777047827.134733,6,-0.008690,0.040709,0.156090
1777047827.134733,4,0.001959,-0.005636,0.219335
1777047827.134733,2,0.009762,-0.053196,0.274343
1777047827.134733,9,-0.050419,0.066035,0.124578
1777047827.134733,7,-0.041236,0.013778,0.181485
1777047827.134733,5,-0.026921,-0.027376,0.251683
1777047827.134733,10,-0.079912,0.043533,0.162009
1777047827.134733,8,-0.068102,-0.004881,0.223530
1777047827.134733,11,-0.110704,0.019358,0.194222
1777047827.168314,6,-0.009714,0.042930,0.158431
1777047827.168314,4,0.000806,-0.003323,0.221251
1777047827.168314,2,0.009441,-0.049618,0.278220
1777047827.168314,9,-0.052021,0.068231,0.125988
1777047827.168314,7,-0.040230,0.019715,0.191290
1777047827.168314,5,-0.028527,-0.025429,0.254636
1777047827.168314,10,-0.082284,0.044399,0.161018
1777047827.168314,8,-0.068702,-0.002088,0.226978
1777047827.168314,11,-0.111545,0.021809,0.197524
1777047827.201895,6,-0.009716,0.047665,0.165913
1777047827.201895,4,-0.000142,-0.000202,0.225691
1777047827.201895,2,0.009823,-0.047090,0.279703
1777047827.201895,9,-0.052899,0.071004,0.128953
1777047827.201895,7,-0.040895,0.022051,0.193319
1777047827.201895,5,-0.028237,-0.022330,0.257032
1777047827.201895,10,-0.082596,0.047888,0.165707
1777047827.201895,8,-0.069052,0.001181,0.230913
1777047827.201895,11,-0.110626,0.026279,0.203883
1777047827.235476,6,-0.010489,0.045646,0.162337
1777047827.235476,4,-0.000515,-0.000238,0.226865
1777047827.235476,2,0.008996,-0.048840,0.278368
1777047827.235476,9,-0.053466,0.069626,0.127426
1777047827.235476,7,-0.042218,0.019705,0.189911
1777047827.235476,5,-0.030138,-0.024391,0.254971
1777047827.235476,10,-0.083907,0.045394,0.161734
1777047827.235476,8,-0.069277,0.000729,0.230885
1777047827.235476,11,-0.111066,0.024629,0.202664
1777047827.403380,6,-0.013404,0.042913,0.161290
1777047827.403380,4,-0.003846,-0.004018,0.223551
1777047827.403380,2,0.005914,-0.050492,0.278633
1777047827.403380,9,-0.055797,0.067513,0.127735
1777047827.403380,7,-0.045120,0.017532,0.189638
1777047827.403380,5,-0.032721,-0.025952,0.255871
1777047827.403380,10,-0.085526,0.045039,0.165176
1777047827.403380,8,-0.071651,-0.000492,0.232427
1777047827.403380,11,-0.115132,0.021689,0.200029
1777047827.436960,6,-0.014014,0.044889,0.164378
1777047827.436960,4,-0.004121,-0.002491,0.224690
1777047827.436960,2,0.004995,-0.049723,0.279872
1777047827.436960,9,-0.056756,0.069970,0.131987
1777047827.436960,7,-0.045332,0.020240,0.193510
1777047827.436960,5,-0.034084,-0.025289,0.256377
1777047827.436960,10,-0.086725,0.046574,0.167446
1777047827.436960,8,-0.073007,0.000602,0.232901
1777047827.436960,11,-0.114731,0.024862,0.205131
1777047827.705598,6,-0.017856,0.037126,0.160339
1777047827.705598,4,-0.008138,-0.008572,0.223317
1777047827.705598,2,-0.000995,-0.057272,0.277308
1777047827.705598,9,-0.061224,0.061688,0.124275
1777047827.705598,7,-0.049850,0.013348,0.189920
1777047827.705598,5,-0.038808,-0.031195,0.253820
1777047827.705598,10,-0.089507,0.041098,0.167039
1777047827.705598,8,-0.077737,-0.006147,0.229552
1777047827.705598,11,-0.118840,0.019009,0.201954
1777047827.772756,6,-0.019413,0.035194,0.158478
1777047827.772756,4,-0.009774,-0.009275,0.225184
1777047827.772756,2,-0.001406,-0.055742,0.280217
1777047827.772756,9,-0.061172,0.059908,0.126422
1777047827.772756,7,-0.051039,0.011275,0.189438
1777047827.772756,5,-0.039401,-0.031761,0.255271
1777047827.772756,10,-0.091640,0.037855,0.162992
1777047827.772756,8,-0.077797,-0.006151,0.231212
1777047827.772756,11,-0.120139,0.016398,0.200667
1777047827.839913,1,0.028231,-0.033191,0.252636
1777047827.839913,6,-0.020316,0.032931,0.157625
1777047827.839913,4,-0.010936,-0.011392,0.223944
1777047827.839913,2,-0.002809,-0.058212,0.279080
1777047827.839913,9,-0.061071,0.059109,0.128746
1777047827.839913,7,-0.051536,0.009841,0.190056
1777047827.839913,5,-0.039893,-0.034202,0.253731
1777047827.839913,10,-0.091480,0.036829,0.164365
1777047827.839913,8,-0.080454,-0.010333,0.227225
1777047827.839913,11,-0.122376,0.012604,0.196332
1777047827.907070,1,0.026134,-0.036504,0.250475
1777047827.907070,6,-0.021225,0.031004,0.156761
1777047827.907070,4,-0.010644,-0.011956,0.224556
1777047827.907070,2,-0.003063,-0.059669,0.278019
1777047827.907070,9,-0.061955,0.057209,0.127616
1777047827.907070,7,-0.053080,0.006788,0.186868
1777047827.907070,5,-0.041287,-0.036498,0.252229
1777047827.907070,10,-0.092103,0.034921,0.163896
1777047827.907070,8,-0.080642,-0.010862,0.228572
1777047827.907070,11,-0.121920,0.011953,0.197644
1777047827.940649,1,0.025819,-0.036561,0.251522
1777047827.940649,6,-0.021238,0.030047,0.156541
1777047827.940649,4,-0.011828,-0.013161,0.224425
1777047827.940649,2,-0.003451,-0.059953,0.278618
1777047827.940649,9,-0.063147,0.055030,0.123996
1777047827.940649,7,-0.052879,0.006619,0.188461
1777047827.940649,5,-0.041263,-0.036503,0.253151
1777047827.940649,10,-0.092339,0.034470,0.163897
1777047827.940649,8,-0.080521,-0.011148,0.228618
1777047827.940649,11,-0.123393,0.010217,0.195629
1777047828.007805,1,0.025280,-0.036278,0.253555
1777047828.007805,6,-0.021873,0.028351,0.155789
1777047828.007805,4,-0.012965,-0.015675,0.222800
1777047828.007805,2,-0.005209,-0.061348,0.278956
1777047828.007805,9,-0.063604,0.053224,0.122973
1777047828.007805,7,-0.052834,0.006181,0.189681
1777047828.007805,5,-0.043183,-0.038552,0.252013
1777047828.007805,10,-0.094013,0.031596,0.160383
1777047828.007805,8,-0.081989,-0.013852,0.226283
1777047828.007805,11,-0.123813,0.009786,0.195948
1777047828.074960,1,0.025061,-0.040502,0.247987
1777047828.074960,6,-0.022052,0.027065,0.155478
1777047828.074960,4,-0.013812,-0.018373,0.219297
1777047828.074960,2,-0.006070,-0.063510,0.276900
1777047828.074960,9,-0.063741,0.051999,0.122198
1777047828.074960,7,-0.053447,0.004457,0.187838
1777047828.074960,5,-0.042966,-0.037912,0.253627
1777047828.074960,10,-0.093372,0.030742,0.160991
1777047828.074960,8,-0.083074,-0.016004,0.223753
1777047828.074960,11,-0.125224,0.007843,0.193212
1777047828.108538,1,0.024925,-0.039242,0.250368
1777047828.108538,6,-0.025640,0.019579,0.139868
1777047828.108538,4,-0.013130,-0.015858,0.223790
1777047828.108538,2,-0.005734,-0.061214,0.280084
1777047828.108538,9,-0.063620,0.051592,0.122654
1777047828.108538,7,-0.054751,0.002641,0.184622
1777047828.108538,5,-0.043894,-0.041587,0.248395
1777047828.108538,10,-0.094800,0.029494,0.157983
1777047828.108538,8,-0.083089,-0.015457,0.224964
1777047828.108538,11,-0.123479,0.009260,0.196897
1777047828.175708,1,0.023545,-0.042150,0.247104
1777047828.175708,6,-0.021499,0.028818,0.159617
1777047828.175708,4,-0.013860,-0.017732,0.220891
1777047828.175708,2,-0.005508,-0.063125,0.276813
1777047828.175708,9,-0.063628,0.052025,0.122569
1777047828.175708,7,-0.053277,0.004709,0.188634
1777047828.175708,5,-0.043888,-0.039401,0.251659
1777047828.175708,10,-0.093510,0.031282,0.161482
1777047828.175708,8,-0.083270,-0.016004,0.223193
1777047828.175708,11,-0.122847,0.010456,0.197498
1777047828.209293,1,0.023678,-0.040483,0.249110
1777047828.209293,6,-0.022416,0.026462,0.154684
1777047828.209293,4,-0.013112,-0.016731,0.221539
1777047828.209293,2,-0.006757,-0.064215,0.276030
1777047828.209293,9,-0.063653,0.051973,0.122554
1777047828.209293,7,-0.054593,0.003247,0.185652
1777047828.209293,5,-0.043075,-0.038798,0.251858
1777047828.209293,8,-0.081826,-0.013524,0.226957
1777047828.209293,10,-0.096257,0.028101,0.154173
1777047828.209293,11,-0.123682,0.009507,0.196252
1777047828.276463,1,0.024449,-0.040247,0.248880
1777047828.276463,6,-0.021510,0.028791,0.159603
1777047828.276463,4,-0.013393,-0.017359,0.220348
1777047828.276463,2,-0.006333,-0.062569,0.277867
1777047828.276463,9,-0.064855,0.050948,0.120035
1777047828.276463,7,-0.054399,0.003408,0.185597
1777047828.276463,5,-0.043075,-0.038798,0.251858
1777047828.276463,10,-0.094984,0.029782,0.157369
1777047828.276463,8,-0.083262,-0.015991,0.223640
1777047828.276463,11,-0.124780,0.008382,0.194025
1777047828.343632,1,0.024442,-0.041728,0.246632
1777047828.343632,6,-0.022684,0.026871,0.155327
1777047828.343632,4,-0.012957,-0.017066,0.221254
1777047828.343632,2,-0.006541,-0.063166,0.276926
1777047828.343632,9,-0.063736,0.051562,0.122167
1777047828.343632,7,-0.054817,0.002407,0.184254
1777047828.343632,5,-0.044129,-0.039271,0.251239
1777047828.343632,10,-0.094917,0.029650,0.157846
1777047828.343632,8,-0.083284,-0.015697,0.223492
1777047828.343632,11,-0.124102,0.009043,0.195337
1777047828.377217,1,0.024065,-0.041979,0.247648
1777047828.377217,6,-0.022038,0.025655,0.153793
1777047828.377217,4,-0.012479,-0.018199,0.220239
1777047828.377217,2,-0.005310,-0.064426,0.275317
1777047828.377217,9,-0.064450,0.049069,0.118132
1777047828.377217,7,-0.053920,0.001905,0.184772
1777047828.377217,5,-0.043286,-0.040232,0.250730
1777047828.377217,10,-0.094480,0.027780,0.156501
1777047828.377217,8,-0.082835,-0.017481,0.222203
1777047828.377217,11,-0.124869,0.005561,0.190807
1777047828.444385,1,0.024655,-0.042182,0.246438
1777047828.444385,6,-0.022796,0.024306,0.151075
1777047828.444385,4,-0.013231,-0.021774,0.216800
1777047828.444385,2,-0.004517,-0.065954,0.274173
1777047828.444385,9,-0.064123,0.046002,0.114643
1777047828.444385,7,-0.052850,0.000531,0.185013
1777047828.444385,5,-0.043305,-0.043337,0.248273
1777047828.444385,10,-0.094417,0.024962,0.153954
1777047828.444385,8,-0.082623,-0.020275,0.219657
1777047828.444385,11,-0.122899,0.003954,0.191433
1777047828.511553,1,0.025365,-0.043756,0.245319
1777047828.511553,6,-0.021838,0.023205,0.152009
1777047828.511553,4,-0.013064,-0.020596,0.218956
1777047828.511553,2,-0.004524,-0.065367,0.274824
1777047828.511553,9,-0.064182,0.046370,0.115250
1777047828.511553,7,-0.054600,-0.001453,0.180344
1777047828.511553,5,-0.044435,-0.045745,0.244672
1777047828.511553,10,-0.093591,0.025651,0.155193
1777047828.511553,8,-0.082553,-0.020038,0.219791
1777047828.511553,11,-0.124080,0.002686,0.189098
1777047828.578721,1,0.025524,-0.045691,0.243779
1777047828.578721,6,-0.021964,0.020361,0.148083
1777047828.578721,4,-0.012761,-0.022457,0.216956
1777047828.578721,2,-0.004414,-0.068051,0.272598
1777047828.578721,9,-0.063872,0.044650,0.113923
1777047828.578721,7,-0.052680,-0.001363,0.182964
1777047828.578721,5,-0.043881,-0.047310,0.243177
1777047828.578721,10,-0.094984,0.022090,0.150052
1777047828.578721,8,-0.082233,-0.021760,0.218465
1777047828.578721,11,-0.123292,0.002617,0.190155
1777047828.645888,1,0.025660,-0.044501,0.245052
1777047828.645888,6,-0.021950,0.021111,0.149608
1777047828.645888,4,-0.012484,-0.023626,0.214245
1777047828.645888,2,-0.004405,-0.068172,0.272434
1777047828.645888,9,-0.063936,0.044475,0.113895
1777047828.645888,7,-0.052555,-0.001214,0.183606
1777047828.645888,5,-0.044088,-0.047478,0.243266
1777047828.645888,10,-0.094028,0.023120,0.152242
1777047828.645888,8,-0.080779,-0.019082,0.222804
1777047828.645888,11,-0.123678,0.001463,0.188147
1777047828.679471,1,0.025704,-0.045246,0.244041
1777047828.679471,6,-0.021562,0.021578,0.150665
1777047828.679471,4,-0.012484,-0.023626,0.214245
1777047828.679471,2,-0.005046,-0.069787,0.270309
1777047828.679471,9,-0.063920,0.044607,0.113836
1777047828.679471,7,-0.053089,-0.001941,0.181646
1777047828.679471,5,-0.043476,-0.046310,0.244818
1777047828.679471,10,-0.091668,0.026335,0.159243
1777047828.679471,8,-0.082702,-0.022357,0.217529
1777047828.679471,11,-0.123663,0.001937,0.188918
1777047828.746638,1,0.025517,-0.045345,0.243753
1777047828.746638,6,-0.022016,0.020759,0.148666
1777047828.746638,4,-0.012087,-0.022185,0.216448
1777047828.746638,2,-0.005511,-0.068047,0.272418
1777047828.746638,9,-0.062852,0.046243,0.118080
1777047828.746638,7,-0.053140,-0.001509,0.181911
1777047828.746638,5,-0.042784,-0.044155,0.246918
1777047828.746638,10,-0.093428,0.023951,0.153838
1777047828.746638,8,-0.082505,-0.021401,0.219230
1777047828.746638,11,-0.123228,0.002687,0.189196
1777047829.082464,1,0.024669,-0.036029,0.242187
1777047829.082464,6,-0.021794,0.028726,0.141796
1777047829.082464,4,-0.012472,-0.014195,0.210884
1777047829.082464,2,-0.006035,-0.062527,0.264368
1777047829.082464,9,-0.062459,0.055133,0.111569
1777047829.082464,7,-0.054111,0.005951,0.173837
1777047829.082464,5,-0.043402,-0.036143,0.241648
1777047829.082464,10,-0.094356,0.032335,0.145135
1777047829.082464,8,-0.083871,-0.014509,0.209900
1777047829.082464,11,-0.124631,0.010992,0.181088
1777047829.149638,1,0.025142,-0.034935,0.239175
1777047829.149638,6,-0.020487,0.034241,0.149081
1777047829.149638,4,-0.013362,-0.012841,0.209750
1777047829.149638,2,-0.005606,-0.058259,0.266327
1777047829.149638,9,-0.061912,0.057707,0.112368
1777047829.149638,7,-0.053365,0.008796,0.174948
1777047829.149638,5,-0.044334,-0.035800,0.238793
1777047829.149638,10,-0.094576,0.034532,0.143821
1777047829.149638,8,-0.082660,-0.013347,0.209957
1777047829.149638,11,-0.124431,0.009482,0.177295
1777047829.216821,1,0.025376,-0.037470,0.236679
1777047829.216821,6,-0.020211,0.032227,0.147257
1777047829.216821,4,-0.012807,-0.013861,0.209331
1777047829.216821,2,-0.005437,-0.060775,0.264037
1777047829.216821,9,-0.063010,0.054656,0.106335
1777047829.216821,7,-0.053185,0.007278,0.173707
1777047829.216821,5,-0.043182,-0.037637,0.236894
1777047829.216821,10,-0.094187,0.032531,0.143340
1777047829.216821,8,-0.082945,-0.012760,0.210422
1777047829.216821,11,-0.125372,0.010242,0.176898
1777047829.284004,1,0.025912,-0.038443,0.237042
1777047829.284004,6,-0.020515,0.027364,0.140368
1777047829.284004,4,-0.011411,-0.014892,0.209337
1777047829.284004,2,-0.004951,-0.063152,0.262368
1777047829.284004,9,-0.061368,0.052626,0.108389
1777047829.284004,7,-0.053240,0.003842,0.170311
1777047829.284004,5,-0.042822,-0.039868,0.235602
1777047829.284004,10,-0.092612,0.031048,0.144515
1777047829.284004,8,-0.082764,-0.015642,0.207837
1777047829.284004,11,-0.124409,0.007794,0.176404
1777047829.384778,1,0.026529,-0.038444,0.237381
1777047829.384778,6,-0.019090,0.028228,0.145950
1777047829.384778,4,-0.012289,-0.019095,0.204501
1777047829.384778,2,-0.004783,-0.062725,0.263940
1777047829.384778,9,-0.061314,0.050378,0.106755
1777047829.384778,7,-0.053028,0.001049,0.167717
1777047829.384778,5,-0.042394,-0.040369,0.236170
1777047829.384778,10,-0.092219,0.028966,0.143040
1777047829.384778,8,-0.082370,-0.017967,0.206219
1777047829.384778,11,-0.123290,0.006148,0.175969
1777047829.418370,1,0.026321,-0.040519,0.234374
1777047829.418370,6,-0.019776,0.027452,0.142164
1777047829.418370,4,-0.011881,-0.019554,0.203059
1777047829.418370,2,-0.004310,-0.063928,0.261552
1777047829.418370,9,-0.061187,0.050507,0.105990
1777047829.418370,7,-0.052771,0.001907,0.168478
1777047829.418370,5,-0.043002,-0.041591,0.234100
1777047829.418370,10,-0.092655,0.028057,0.140571
1777047829.418370,8,-0.082213,-0.017410,0.206027
1777047829.418370,11,-0.123528,0.006574,0.176018
1777047829.451961,1,0.026450,-0.041193,0.233137
1777047829.451961,6,-0.020297,0.024944,0.136641
1777047829.451961,4,-0.010478,-0.016227,0.207806
1777047829.451961,2,-0.004133,-0.064663,0.260283
1777047829.451961,9,-0.061210,0.049958,0.104723
1777047829.451961,7,-0.052319,0.001682,0.167751
1777047829.451961,5,-0.042103,-0.040354,0.235362
1777047829.451961,10,-0.092722,0.027624,0.139833
1777047829.451961,8,-0.082296,-0.018854,0.203789
1777047829.451961,11,-0.124044,0.004884,0.172578
1777047829.485552,1,0.025784,-0.040696,0.233350
1777047829.485552,6,-0.019376,0.027718,0.141762
1777047829.485552,4,-0.011779,-0.018239,0.203641
1777047829.485552,2,-0.004965,-0.064400,0.260011
1777047829.485552,9,-0.062361,0.048959,0.098825
1777047829.485552,7,-0.052700,0.001510,0.165475
1777047829.485552,5,-0.042772,-0.041927,0.231852
1777047829.485552,10,-0.092478,0.028111,0.138798
1777047829.485552,8,-0.082235,-0.018370,0.203162
1777047829.485552,11,-0.123092,0.006672,0.173714
1777047829.552733,1,0.027187,-0.037491,0.233069
1777047829.552733,6,-0.019989,0.026879,0.133586
1777047829.552733,4,-0.011463,-0.016529,0.202399
1777047829.552733,2,-0.004010,-0.060488,0.261305
1777047829.552733,9,-0.061236,0.052058,0.101087
1777047829.552733,7,-0.052865,0.002345,0.162260
1777047829.552733,5,-0.043105,-0.041508,0.227983
1777047829.552733,10,-0.092351,0.030109,0.136927
1777047829.552733,8,-0.081240,-0.015537,0.203651
1777047829.552733,11,-0.123282,0.007643,0.170746
1777047829.619915,1,0.027644,-0.036462,0.230047
1777047829.619915,6,-0.018350,0.031522,0.136582
1777047829.619915,4,-0.009455,-0.012226,0.203088
1777047829.619915,2,-0.002746,-0.058946,0.258109
1777047829.619915,9,-0.059776,0.055391,0.100717
1777047829.619915,7,-0.051718,0.005858,0.161705
1777047829.619915,5,-0.041754,-0.037105,0.229047
1777047829.619915,10,-0.091017,0.033025,0.135698
1777047829.619915,8,-0.081184,-0.013845,0.199768
1777047829.619915,11,-0.120372,0.012496,0.173189
1777047829.687096,1,0.028427,-0.031967,0.230713
1777047829.687096,6,-0.017446,0.034008,0.133432
1777047829.687096,4,-0.009553,-0.011284,0.197940
1777047829.687096,2,-0.003514,-0.057989,0.254765
1777047829.687096,9,-0.059494,0.057396,0.095679
1777047829.687096,7,-0.050987,0.009191,0.160173
1777047829.687096,5,-0.041753,-0.035654,0.225392
1777047829.687096,10,-0.090514,0.036088,0.133199
1777047829.687096,8,-0.081674,-0.012523,0.194449
1777047829.687096,11,-0.121551,0.014463,0.168005
1777047829.754277,1,0.028563,-0.030039,0.229235
1777047829.754277,6,-0.018049,0.035779,0.130461
1777047829.754277,4,-0.008821,-0.007303,0.199377
1777047829.754277,9,-0.058284,0.060891,0.096972
1777047829.754277,2,-0.003588,-0.055697,0.253105
1777047829.754277,7,-0.050487,0.011601,0.158703
1777047829.754277,5,-0.041705,-0.033441,0.223511
1777047829.754277,10,-0.091678,0.037153,0.127189
1777047829.754277,8,-0.080722,-0.008888,0.195214
1777047829.754277,11,-0.123107,0.014864,0.162348
1777047829.821458,6,-0.016873,0.038566,0.132728
1777047829.821458,4,-0.009920,-0.007965,0.195220
1777047829.821458,2,-0.003150,-0.052484,0.254463
1777047829.821458,9,-0.058387,0.062318,0.094554
1777047829.821458,7,-0.050430,0.013384,0.158107
1777047829.821458,5,-0.041288,-0.031189,0.223302
1777047829.821458,10,-0.090669,0.040541,0.130350
1777047829.821458,8,-0.080083,-0.005405,0.197114
1777047829.821458,11,-0.121612,0.018954,0.165740
1777047829.888639,6,-0.017404,0.040387,0.132356
1777047829.888639,4,-0.010758,-0.007289,0.193424
1777047829.888639,2,-0.002785,-0.051033,0.253252
1777047829.888639,9,-0.059301,0.064176,0.094898
1777047829.888639,7,-0.050805,0.015686,0.159016
1777047829.888639,5,-0.040818,-0.026981,0.227086
1777047829.888639,10,-0.091721,0.041129,0.127630
1777047829.888639,8,-0.082123,-0.006594,0.192055
1777047829.888639,11,-0.122672,0.019305,0.163348
1777047829.955819,6,-0.019191,0.041091,0.129271
1777047829.955819,4,-0.010352,-0.003645,0.196425
1777047829.955819,2,-0.003108,-0.049036,0.254508
1777047829.955819,9,-0.060351,0.066624,0.095880
1777047829.955819,7,-0.050977,0.018481,0.161668
1777047829.955819,5,-0.041774,-0.027592,0.224332
1777047829.955819,10,-0.091379,0.044501,0.132432
1777047829.955819,8,-0.081444,-0.002814,0.197275
1777047829.955819,11,-0.123920,0.021107,0.164493
1777047830.022999,6,-0.018418,0.042820,0.133572
1777047830.022999,4,-0.009508,-0.001013,0.200774
1777047830.022999,2,-0.002687,-0.047681,0.256304
1777047830.022999,9,-0.060161,0.067012,0.097038
1777047830.022999,7,-0.050506,0.019316,0.163442
1777047830.022999,5,-0.041334,-0.025194,0.228299
1777047830.022999,10,-0.091540,0.044644,0.132413
1777047830.022999,8,-0.082634,-0.004222,0.194437
1777047830.022999,11,-0.123416,0.021399,0.164755
1777047830.090178,6,-0.018546,0.047619,0.140610
1777047830.090178,4,-0.009942,0.002346,0.203561
1777047830.090178,9,-0.061140,0.070219,0.100074
1777047830.090178,2,-0.003161,-0.045211,0.258071
1777047830.090178,7,-0.051718,0.021480,0.164306
1777047830.090178,5,-0.042065,-0.024380,0.227148
1777047830.090178,10,-0.092286,0.047870,0.135488
1777047830.090178,8,-0.083072,-0.001084,0.197397
1777047830.090178,11,-0.124513,0.024170,0.167602
1777047830.157337,6,-0.019937,0.049833,0.139413
1777047830.157337,4,-0.011098,0.003135,0.202095
1777047830.157337,2,-0.003302,-0.041666,0.260959
1777047830.157337,9,-0.062142,0.073818,0.103497
1777047830.157337,7,-0.052499,0.024855,0.167392
1777047830.157337,5,-0.042680,-0.020544,0.231421
1777047830.157337,10,-0.093097,0.050654,0.137745
1777047830.157337,8,-0.083248,0.002510,0.201311
1777047830.157337,11,-0.123818,0.028763,0.173332
1777047830.190922,6,-0.020967,0.047581,0.133793
1777047830.190922,4,-0.010808,0.004188,0.203641
1777047830.190922,9,-0.060959,0.074850,0.107481
1777047830.190922,2,-0.003302,-0.041666,0.260959
1777047830.190922,7,-0.052169,0.024860,0.167050
1777047830.190922,5,-0.042680,-0.020544,0.231421
1777047830.190922,10,-0.093946,0.050606,0.136699
1777047830.190922,8,-0.083248,0.002510,0.201311
1777047830.190922,11,-0.123818,0.028763,0.173332
1777047830.224507,6,-0.020568,0.053415,0.142548
1777047830.224507,4,-0.012377,0.006945,0.205661
1777047830.224507,9,-0.061531,0.078651,0.111363
1777047830.224507,2,-0.003439,-0.038206,0.263800
1777047830.224507,7,-0.052614,0.028890,0.170759
1777047830.224507,5,-0.042968,-0.017187,0.234391
1777047830.224507,10,-0.093505,0.054872,0.142993
1777047830.224507,8,-0.083964,0.005552,0.203673
1777047830.224507,11,-0.126462,0.029671,0.172167
1777047830.291677,6,-0.020455,0.058943,0.148992
1777047830.291677,4,-0.011797,0.010699,0.207368
1777047830.291677,9,-0.062443,0.082161,0.112993
1777047830.291677,2,-0.003329,-0.034227,0.266076
1777047830.291677,7,-0.053591,0.031958,0.171961
1777047830.291677,5,-0.043184,-0.013853,0.236173
1777047830.291677,10,-0.094462,0.058142,0.143576
1777047830.291677,8,-0.083796,0.009552,0.206895
1777047830.291677,11,-0.125144,0.034966,0.178179
1777047830.325262,6,-0.020474,0.057162,0.144987
1777047830.325262,4,-0.011741,0.009748,0.205673
1777047830.325262,2,-0.002858,-0.034336,0.265821
1777047830.325262,9,-0.063152,0.080520,0.107567
1777047830.325262,7,-0.053654,0.030762,0.169743
1777047830.325262,5,-0.042530,-0.013443,0.236472
1777047830.325262,10,-0.094461,0.057175,0.141680
1777047830.325262,8,-0.081990,0.010978,0.209696
1777047830.325262,11,-0.123993,0.035141,0.179322
1777047830.392431,6,-0.020710,0.058928,0.148038
1777047830.392431,4,-0.012419,0.009952,0.205708
1777047830.392431,2,-0.003706,-0.032448,0.268725
1777047830.392431,9,-0.064511,0.080638,0.106618
1777047830.392431,7,-0.053579,0.032482,0.172204
1777047830.392431,5,-0.042565,-0.011672,0.238742
1777047830.392431,10,-0.094727,0.058376,0.144218
1777047830.392431,8,-0.083030,0.010636,0.208744
1777047830.392431,11,-0.124332,0.035588,0.179770
1777047830.459600,6,-0.022784,0.054141,0.139607
1777047830.459600,4,-0.012962,0.008369,0.205199
1777047830.459600,2,-0.004726,-0.035240,0.266887
1777047830.459600,9,-0.064396,0.079571,0.108083
1777047830.459600,7,-0.054431,0.030861,0.171791
1777047830.459600,5,-0.042094,-0.012197,0.239203
1777047830.459600,10,-0.094616,0.057063,0.144774
1777047830.459600,8,-0.083332,0.010428,0.209808
1777047830.459600,11,-0.126046,0.033042,0.177164
1777047830.493184,1,0.026170,-0.010786,0.240621
1777047830.493184,6,-0.022126,0.054322,0.141833
1777047830.493184,4,-0.012749,0.008693,0.206547
1777047830.493184,2,-0.004082,-0.035198,0.267189
1777047830.493184,9,-0.064165,0.079147,0.108978
1777047830.493184,7,-0.054230,0.030235,0.172371
1777047830.493184,5,-0.043460,-0.013751,0.238209
1777047830.493184,10,-0.093937,0.057239,0.147472
1777047830.493184,8,-0.084416,0.008182,0.207578
1777047830.493184,11,-0.127077,0.031564,0.175092
1777047830.560352,1,0.025218,-0.011038,0.242409
1777047830.560352,6,-0.023280,0.051826,0.139302
1777047830.560352,4,-0.013635,0.007012,0.206216
1777047830.560352,2,-0.005300,-0.037617,0.265480
1777047830.560352,9,-0.064963,0.076754,0.106653
1777047830.560352,7,-0.054900,0.028436,0.172007
1777047830.560352,5,-0.044999,-0.016961,0.235835
1777047830.560352,10,-0.095645,0.054178,0.143519
1777047830.560352,8,-0.084311,0.007984,0.209323
1777047830.560352,11,-0.127746,0.030086,0.175125
1777047830.896185,1,0.020049,-0.023872,0.234475
1777047830.896185,6,-0.025046,0.045597,0.144587
1777047830.896185,4,-0.018330,-0.003138,0.201567
1777047830.896185,2,-0.011511,-0.046090,0.263765
1777047830.896185,9,-0.067449,0.067247,0.103358
1777047830.896185,7,-0.059777,0.018151,0.165500
1777047830.896185,5,-0.049952,-0.025662,0.232109
1777047830.896185,10,-0.098782,0.045618,0.139627
1777047830.896185,8,-0.089550,-0.001894,0.203087
1777047830.896185,11,-0.130361,0.023049,0.173558
1777047830.929767,1,0.020140,-0.023750,0.235054
1777047830.929767,6,-0.025980,0.043074,0.140027
1777047830.929767,4,-0.018512,-0.001767,0.205111
1777047830.929767,2,-0.012005,-0.048360,0.261289
1777047830.929767,9,-0.068432,0.065980,0.100156
1777047830.929767,7,-0.059495,0.017869,0.165810
1777047830.929767,5,-0.049620,-0.024875,0.233816
1777047830.929767,10,-0.098900,0.045228,0.139372
1777047830.929767,8,-0.089683,-0.001863,0.202755
1777047830.929767,11,-0.131029,0.021716,0.171486
1777047831.030516,1,0.020135,-0.022690,0.236768
1777047831.030516,6,-0.025980,0.043074,0.140027
1777047831.030516,4,-0.019509,-0.004484,0.201042
1777047831.030516,2,-0.011406,-0.047459,0.261850
1777047831.030516,9,-0.067324,0.066869,0.103807
1777047831.030516,7,-0.059676,0.017381,0.165240
1777047831.030516,5,-0.049620,-0.024875,0.233816
1777047831.030516,10,-0.098810,0.044863,0.139129
1777047831.030516,8,-0.089556,-0.001867,0.203108
1777047831.030516,11,-0.131551,0.021691,0.171001
1777047831.097684,1,0.019877,-0.023537,0.235636
1777047831.097684,6,-0.026343,0.042668,0.139017
1777047831.097684,4,-0.018350,-0.003396,0.201822
1777047831.097684,2,-0.010992,-0.046583,0.262546
1777047831.097684,9,-0.067105,0.067272,0.104592
1777047831.097684,7,-0.058975,0.018865,0.167464
1777047831.097684,5,-0.050647,-0.026790,0.230864
1777047831.097684,10,-0.099016,0.044807,0.139084
1777047831.097684,8,-0.089557,-0.001862,0.203113
1777047831.097684,11,-0.130815,0.022087,0.171421
1777047831.165314,1,0.018936,-0.023953,0.235227
1777047831.165314,6,-0.026554,0.042038,0.137324
1777047831.165314,4,-0.018088,-0.001404,0.204697
1777047831.165314,2,-0.011701,-0.045708,0.264280
1777047831.165314,9,-0.068443,0.066223,0.100861
1777047831.165314,7,-0.058976,0.018870,0.167469
1777047831.165314,5,-0.050801,-0.026880,0.230774
1777047831.165314,10,-0.098904,0.045240,0.139382
1777047831.165314,8,-0.089594,-0.001833,0.203529
1777047831.165314,11,-0.131027,0.022356,0.171785
1777047831.198978,1,0.019123,-0.022191,0.238178
1777047831.198978,6,-0.026252,0.042821,0.138896
1777047831.198978,4,-0.018856,-0.003288,0.202079
1777047831.198978,2,-0.011701,-0.045708,0.264280
1777047831.198978,9,-0.068443,0.066223,0.100861
1777047831.198978,7,-0.059132,0.018505,0.167114
1777047831.198978,5,-0.050801,-0.026880,0.230774
1777047831.198978,10,-0.098388,0.045531,0.140399
1777047831.198978,8,-0.089594,-0.001833,0.203529
1777047831.198978,11,-0.130672,0.022475,0.172556
1777047831.232643,1,0.019811,-0.023573,0.235844
1777047831.232643,6,-0.025755,0.043334,0.140559
1777047831.232643,4,-0.019343,-0.003485,0.202123
1777047831.232643,2,-0.011701,-0.045705,0.264282
1777047831.232643,9,-0.068436,0.065997,0.100170
1777047831.232643,7,-0.059132,0.018508,0.167117
1777047831.232643,5,-0.048827,-0.024198,0.234358
1777047831.232643,10,-0.098389,0.045534,0.140402
1777047831.232643,8,-0.089558,-0.001855,0.203119
1777047831.232643,11,-0.131540,0.021520,0.170284
1777047831.299975,1,0.019840,-0.022787,0.236690
1777047831.299975,6,-0.026196,0.043341,0.139884
1777047831.299975,4,-0.019183,-0.002344,0.204428
1777047831.299975,2,-0.011391,-0.048007,0.261175
1777047831.299975,9,-0.068437,0.065999,0.100172
1777047831.299975,7,-0.059132,0.018510,0.167118
1777047831.299975,5,-0.050801,-0.026876,0.230778
1777047831.299975,10,-0.098905,0.045244,0.139387
1777047831.299975,8,-0.089594,-0.001829,0.203533
1777047831.299975,11,-0.131540,0.021522,0.170285
1777047831.333642,1,0.019520,-0.024894,0.233818
1777047831.333642,6,-0.026076,0.043005,0.139744
1777047831.333642,4,-0.019343,-0.003483,0.202124
1777047831.333642,2,-0.011552,-0.044891,0.265054
1777047831.333642,9,-0.068437,0.065999,0.100172
1777047831.333642,7,-0.059438,0.018503,0.166731
1777047831.333642,5,-0.048827,-0.024196,0.234359
1777047831.333642,10,-0.099356,0.044555,0.138053
1777047831.333642,8,-0.089594,-0.001829,0.203533
1777047831.333642,11,-0.130672,0.022479,0.172561
1777047831.400980,1,0.019556,-0.024404,0.234743
1777047831.400980,6,-0.026077,0.043006,0.139745
1777047831.400980,4,-0.019183,-0.002343,0.204429
1777047831.400980,9,-0.067302,0.067110,0.104671
1777047831.400980,2,-0.011552,-0.044890,0.265055
1777047831.400980,7,-0.059361,0.019215,0.168118
1777047831.400980,5,-0.048827,-0.024195,0.234360
1777047831.400980,10,-0.100630,0.043306,0.134944
1777047831.400980,8,-0.089559,-0.001852,0.203122
1777047831.400980,11,-0.130673,0.022479,0.172562
1777047831.468322,1,0.019555,-0.024399,0.234746
1777047831.468322,6,-0.025986,0.043596,0.140909
1777047831.468322,4,-0.019336,-0.004919,0.199375
1777047831.468322,2,-0.011702,-0.045698,0.264288
1777047831.468322,9,-0.068439,0.066005,0.100177
1777047831.468322,7,-0.059796,0.017932,0.166308
1777047831.468322,5,-0.048828,-0.024191,0.234363
1777047831.468322,10,-0.099357,0.044561,0.138057
1777047831.468322,8,-0.089596,-0.001824,0.203538
1777047831.468322,11,-0.130674,0.022484,0.172565
1777047831.501994,1,0.019406,-0.023317,0.235520
1777047831.501994,6,-0.026180,0.044731,0.142519
1777047831.501994,4,-0.019418,-0.001632,0.204347
1777047831.501994,2,-0.011864,-0.044163,0.265486
1777047831.501994,9,-0.069023,0.066731,0.100785
1777047831.501994,7,-0.059389,0.019556,0.167995
1777047831.501994,5,-0.048958,-0.022780,0.235736
1777047831.501994,10,-0.099214,0.046267,0.140316
1777047831.501994,8,-0.089761,-0.000853,0.204018
1777047831.501994,11,-0.131239,0.022923,0.172879
1777047831.569341,1,0.019406,-0.023317,0.235520
1777047831.569341,6,-0.026290,0.044680,0.141761
1777047831.569341,4,-0.019253,-0.000952,0.205269
1777047831.569341,2,-0.011653,-0.043847,0.265853
1777047831.569341,9,-0.067572,0.068516,0.106302
1777047831.569341,7,-0.060476,0.020889,0.168173
1777047831.569341,5,-0.051016,-0.023105,0.234354
1777047831.569341,10,-0.100416,0.047748,0.140707
1777047831.569341,8,-0.090111,0.001193,0.206236
1777047831.569341,11,-0.131350,0.025416,0.175412
1777047831.636692,1,0.019194,-0.021075,0.237121
1777047831.636692,6,-0.026816,0.046925,0.143517
1777047831.636692,4,-0.019823,0.000128,0.205563
1777047831.636692,2,-0.011686,-0.044377,0.263932
1777047831.636692,9,-0.069455,0.069306,0.103376
1777047831.636692,7,-0.059657,0.022057,0.170130
1777047831.636692,5,-0.051164,-0.023771,0.233338
1777047831.636692,10,-0.099745,0.048342,0.142193
1777047831.636692,8,-0.090111,0.001193,0.206236
1777047831.636692,11,-0.132234,0.024641,0.173868
1777047831.704046,1,0.018855,-0.019091,0.237925
1777047831.704046,6,-0.028001,0.048471,0.142961
1777047831.704046,4,-0.020272,0.000763,0.203720
1777047831.704046,2,-0.011546,-0.040710,0.267161
1777047831.704046,9,-0.068992,0.073152,0.110192
1777047831.704046,7,-0.060466,0.024043,0.172032
1777047831.704046,5,-0.050519,-0.019060,0.238911
1777047831.704046,10,-0.100549,0.050371,0.143813
1777047831.704046,8,-0.090465,0.003598,0.207860
1777047831.704046,11,-0.131887,0.027612,0.177508
1777047831.771404,1,0.019093,-0.014328,0.243736
1777047831.771404,6,-0.027750,0.050328,0.146204
1777047831.771404,4,-0.019950,0.003330,0.207202
1777047831.771404,9,-0.069464,0.073439,0.109419
1777047831.771404,2,-0.011921,-0.041067,0.266458
1777047831.771404,7,-0.061235,0.024350,0.171712
1777047831.771404,5,-0.049572,-0.017500,0.240114
1777047831.771404,10,-0.100688,0.051467,0.145093
1777047831.771404,8,-0.090653,0.004252,0.208635
1777047831.771404,11,-0.132993,0.027602,0.176831
1777047831.838766,1,0.018792,-0.017613,0.239587
1777047831.838766,6,-0.027521,0.050077,0.145857
1777047831.838766,4,-0.019950,0.003330,0.207202
1777047831.838766,2,-0.012637,-0.041493,0.266764
1777047831.838766,9,-0.070803,0.072213,0.105476
1777047831.838766,7,-0.060881,0.024929,0.172140
1777047831.838766,5,-0.050274,-0.018965,0.237942
1777047831.838766,10,-0.102423,0.049528,0.140653
1777047831.838766,8,-0.091988,0.002112,0.205652
1777047831.838766,11,-0.132108,0.028379,0.178374
1777047831.906132,1,0.018761,-0.017453,0.239687
1777047831.906132,6,-0.027806,0.050504,0.146329
1777047831.906132,4,-0.020470,0.001854,0.204599
1777047831.906132,2,-0.012171,-0.039075,0.269336
1777047831.906132,9,-0.070810,0.072414,0.105379
1777047831.906132,7,-0.061283,0.024511,0.171834
1777047831.906132,5,-0.049602,-0.017355,0.240223
1777047831.906132,10,-0.100744,0.051627,0.145227
1777047831.906132,8,-0.092026,0.002258,0.205772
1777047831.906132,11,-0.133058,0.027333,0.176222
1777047831.973479,1,0.018914,-0.016188,0.241171
1777047831.973479,6,-0.027813,0.050030,0.145484
1777047831.973479,4,-0.020463,0.001873,0.204617
1777047831.973479,2,-0.012006,-0.038245,0.270123
1777047831.973479,9,-0.070822,0.072423,0.105398
1777047831.973479,7,-0.061285,0.024302,0.171063
1777047831.973479,5,-0.050637,-0.018013,0.239836
1777047831.973479,10,-0.100706,0.051747,0.145572
1777047831.973479,8,-0.092020,0.002255,0.205787
1777047831.973479,11,-0.140165,0.019325,0.160087
1777047832.040674,1,0.018020,-0.017517,0.240381
1777047832.040674,6,-0.027779,0.049532,0.145550
1777047832.040674,4,-0.019483,0.003710,0.208387
1777047832.040674,2,-0.012849,-0.041630,0.266528
1777047832.040674,9,-0.070563,0.072029,0.106227
1777047832.040674,7,-0.060842,0.024077,0.171822
1777047832.040674,5,-0.051481,-0.020793,0.236038
1777047832.040674,10,-0.101390,0.049910,0.143539
1777047832.040674,8,-0.090484,0.004066,0.209367
1777047832.040674,11,-0.132783,0.027212,0.176917
1777047832.107870,1,0.017503,-0.019018,0.239639
1777047832.107870,6,-0.027748,0.049713,0.147825
1777047832.107870,4,-0.019785,0.003181,0.208788
1777047832.107870,2,-0.013153,-0.041799,0.267233
1777047832.107870,9,-0.070456,0.071735,0.107526
1777047832.107870,7,-0.061171,0.023926,0.172698
1777047832.107870,5,-0.050755,-0.020327,0.237284
1777047832.107870,10,-0.102261,0.048661,0.141427
1777047832.107870,8,-0.090430,0.004135,0.210401
1777047832.107870,11,-0.132501,0.026927,0.177624
1777047832.141464,1,0.019073,-0.014313,0.242716
1777047832.141464,6,-0.027795,0.050818,0.146446
1777047832.141464,4,-0.021246,0.001222,0.203393
1777047832.141464,2,-0.013128,-0.042466,0.264960
1777047832.141464,9,-0.071028,0.072398,0.105719
1777047832.141464,7,-0.061928,0.023522,0.169462
1777047832.141464,5,-0.051293,-0.018688,0.238196
1777047832.141464,10,-0.101611,0.050207,0.142498
1777047832.141464,8,-0.091132,0.004043,0.208112
1777047832.141464,11,-0.130693,0.029844,0.181291
1777047832.208652,1,0.019218,-0.016437,0.237399
1777047832.208652,6,-0.027544,0.052437,0.146875
1777047832.208652,4,-0.019335,0.005231,0.206908
1777047832.208652,2,-0.010835,-0.038388,0.267082
1777047832.208652,9,-0.069562,0.075264,0.110729
1777047832.208652,7,-0.061409,0.025029,0.169445
1777047832.208652,5,-0.049866,-0.016618,0.238999
1777047832.208652,10,-0.102489,0.049958,0.139811
1777047832.208652,8,-0.090308,0.004998,0.208369
1777047832.208652,11,-0.133187,0.027174,0.174961
1777047832.275840,3,0.012049,0.030132,0.182754
1777047832.275840,1,0.018949,-0.014232,0.241768
1777047832.275840,6,-0.028370,0.050254,0.144328
1777047832.275840,4,-0.019585,0.004401,0.207194
1777047832.275840,2,-0.012305,-0.039410,0.267588
1777047832.275840,9,-0.070498,0.073103,0.107982
1777047832.275840,7,-0.061499,0.023872,0.169939
1777047832.275840,5,-0.051255,-0.019745,0.236227
1777047832.275840,10,-0.100624,0.051660,0.146098
1777047832.275840,8,-0.090065,0.005356,0.209923
1777047832.275840,11,-0.132075,0.027985,0.177926
1777047832.309434,3,0.012461,0.031225,0.179196
1777047832.309434,1,0.020195,-0.013534,0.238382
1777047832.309434,6,-0.027765,0.052397,0.144307
1777047832.309434,4,-0.018462,0.006709,0.206561
1777047832.309434,2,-0.010091,-0.037329,0.265746
1777047832.309434,9,-0.070105,0.074738,0.107526
1777047832.309434,7,-0.060639,0.025616,0.169311
1777047832.309434,5,-0.048868,-0.016810,0.236358
1777047832.309434,10,-0.100588,0.051453,0.142722
1777047832.309434,8,-0.090256,0.004109,0.205350
1777047832.309434,11,-0.132012,0.027965,0.175280
1777047832.376622,3,0.012591,0.034585,0.179384
1777047832.376622,1,0.021014,-0.010169,0.238384
1777047832.376622,6,-0.027848,0.054784,0.143940
1777047832.376622,4,-0.018122,0.009102,0.205947
1777047832.376622,2,-0.009322,-0.033981,0.266818
1777047832.376622,9,-0.071627,0.075009,0.103397
1777047832.376622,7,-0.060506,0.027264,0.168617
1777047832.376622,5,-0.048507,-0.014723,0.236696
1777047832.376622,10,-0.101169,0.052495,0.141314
1777047832.376622,8,-0.089629,0.006017,0.205320
1777047832.376622,11,-0.130827,0.029674,0.177092
1777047832.779748,3,0.009879,0.037677,0.178086
1777047832.779748,1,0.018305,-0.007686,0.235881
1777047832.779748,6,-0.031328,0.057399,0.141302
1777047832.779748,4,-0.022641,0.009091,0.200487
1777047832.779748,2,-0.012463,-0.031416,0.264856
1777047832.779748,9,-0.074112,0.079092,0.105126
1777047832.779748,7,-0.064277,0.030344,0.166524
1777047832.779748,5,-0.051502,-0.012586,0.233233
1777047832.779748,10,-0.105664,0.054937,0.138433
1777047832.779748,8,-0.092912,0.009315,0.204745
1777047832.779748,11,-0.135564,0.031355,0.173197
1777047832.813342,3,0.008343,0.038907,0.178606
1777047832.813342,1,0.016610,-0.007258,0.235134
1777047832.813342,6,-0.032404,0.058493,0.141692
1777047832.813342,4,-0.022334,0.013168,0.204607
1777047832.813342,2,-0.012949,-0.029407,0.265449
1777047832.813342,9,-0.074805,0.080566,0.105696
1777047832.813342,7,-0.065829,0.031112,0.163522
1777047832.813342,5,-0.052472,-0.009098,0.235046
1777047832.813342,10,-0.106386,0.056713,0.138404
1777047832.813342,8,-0.093670,0.011229,0.204100
1777047832.813342,11,-0.136912,0.032254,0.171469
1777047832.914123,3,0.005249,0.040957,0.171226
1777047832.914123,1,0.013582,-0.003342,0.231896
1777047832.914123,6,-0.035531,0.062242,0.136964
1777047832.914123,4,-0.025762,0.016816,0.199872
1777047832.914123,9,-0.078197,0.083682,0.099329
1777047832.914123,2,-0.017528,-0.027992,0.259117
1777047832.914123,7,-0.068738,0.034305,0.160739
1777047832.914123,5,-0.057024,-0.007831,0.228550
1777047832.914123,10,-0.110526,0.058523,0.129887
1777047832.914123,8,-0.097250,0.014491,0.199696
1777047832.914123,11,-0.140967,0.035369,0.165104
1777047832.981310,3,0.003504,0.045967,0.171747
1777047832.981310,1,0.011076,0.000565,0.231548
1777047832.981310,6,-0.036803,0.066620,0.136970
1777047832.981310,4,-0.028652,0.019121,0.196806
1777047832.981310,9,-0.080186,0.087439,0.096039
1777047832.981310,2,-0.019554,-0.023577,0.258492
1777047832.981310,7,-0.070559,0.038467,0.158702
1777047832.981310,5,-0.059010,-0.004427,0.226634
1777047832.981310,10,-0.111455,0.063170,0.130205
1777047832.981310,8,-0.099687,0.017691,0.196354
1777047832.981310,11,-0.140338,0.041727,0.168205
1777047833.014904,3,0.002455,0.047757,0.170838
1777047833.014904,1,0.009885,0.002493,0.230362
1777047833.014904,6,-0.038457,0.067218,0.132416
1777047833.014904,4,-0.029280,0.020436,0.193728
1777047833.014904,9,-0.080836,0.089290,0.095502
1777047833.014904,2,-0.020875,-0.022875,0.255820
1777047833.014904,7,-0.070693,0.042127,0.160605
1777047833.014904,5,-0.060947,-0.004135,0.222920
1777047833.014904,10,-0.111961,0.065704,0.130334
1777047833.014904,8,-0.102010,0.017867,0.192156
1777047833.014904,11,-0.145007,0.039753,0.158794
1777047833.082091,3,0.000240,0.047210,0.163705
1777047833.082091,1,0.007238,0.002898,0.226549
1777047833.082091,6,-0.039470,0.069926,0.131963
1777047833.082091,4,-0.032440,0.020963,0.189856
1777047833.082091,9,-0.082260,0.090778,0.091502
1777047833.082091,2,-0.023216,-0.019103,0.256326
1777047833.082091,7,-0.075085,0.040179,0.150037
1777047833.082091,5,-0.062241,0.000345,0.224289
1777047833.082091,10,-0.114758,0.066873,0.123857
1777047833.082091,8,-0.103042,0.021647,0.192404
1777047833.082091,11,-0.146291,0.042932,0.156968
1777047833.182870,3,-0.001505,0.052097,0.165534
1777047833.182870,1,0.005299,0.007167,0.225617
1777047833.182870,6,-0.041845,0.072264,0.126507
1777047833.182870,4,-0.035266,0.023594,0.185532
1777047833.182870,9,-0.084172,0.094293,0.087745
1777047833.182870,2,-0.026306,-0.015585,0.253877
1777047833.182870,7,-0.075238,0.047145,0.153542
1777047833.182870,5,-0.066399,0.001084,0.217152
1777047833.182870,10,-0.116705,0.070387,0.118987
1777047833.182870,8,-0.105846,0.025290,0.187978
1777047833.182870,11,-0.145778,0.050332,0.159459
1777047833.250056,3,-0.002619,0.052691,0.161704
1777047833.250056,1,0.003362,0.008881,0.224795
1777047833.250056,6,-0.042280,0.074425,0.125798
1777047833.250056,4,-0.036715,0.024160,0.182079
1777047833.250056,9,-0.084381,0.096784,0.086685
1777047833.250056,2,-0.028095,-0.016716,0.247674
1777047833.250056,7,-0.077017,0.047594,0.148700
1777047833.250056,5,-0.067560,0.003304,0.215066
1777047833.250056,10,-0.117223,0.072816,0.118517
1777047833.250056,8,-0.107542,0.026504,0.184542
1777047833.250056,11,-0.148729,0.049973,0.152254
1777047833.317242,3,-0.004265,0.052067,0.156247
1777047833.317242,1,0.001645,0.008137,0.220782
1777047833.317242,6,-0.042645,0.076979,0.127944
1777047833.317242,4,-0.037568,0.026101,0.180654
1777047833.317242,9,-0.085242,0.097998,0.085358
1777047833.317242,2,-0.030247,-0.015454,0.246983
1777047833.317242,7,-0.078719,0.048082,0.145124
1777047833.317242,5,-0.068299,0.006258,0.216764
1777047833.317242,10,-0.116954,0.075481,0.120050
1777047833.317242,8,-0.108765,0.027646,0.182749
1777047833.317242,11,-0.150948,0.050883,0.148780
1777047833.384428,3,-0.004352,0.053671,0.157679
1777047833.384428,1,0.001444,0.008503,0.218482
1777047833.384428,6,-0.043380,0.076785,0.123756
1777047833.384428,4,-0.037854,0.027598,0.181179
1777047833.384428,9,-0.085192,0.099354,0.084605
1777047833.384428,2,-0.029972,-0.013674,0.246769
1777047833.384428,7,-0.077758,0.051272,0.148068
1777047833.384428,5,-0.069922,0.005310,0.212781
1777047833.384428,10,-0.118541,0.075264,0.114718
1777047833.384428,8,-0.109511,0.028551,0.180468
1777047833.384428,11,-0.148012,0.055582,0.154415
1777047833.451613,3,-0.004417,0.055956,0.160266
1777047833.451613,1,0.000593,0.010850,0.220672
1777047833.451613,6,-0.044592,0.076183,0.119419
1777047833.451613,4,-0.037881,0.030074,0.182583
1777047833.451613,9,-0.085404,0.100330,0.084484
1777047833.451613,2,-0.031894,-0.013968,0.244919
1777047833.451613,7,-0.079512,0.050349,0.143303
1777047833.451613,5,-0.071759,0.003896,0.207778
1777047833.451613,10,-0.118734,0.076594,0.114826
1777047833.451613,8,-0.111430,0.027713,0.176840
1777047833.451613,11,-0.150789,0.053883,0.148772
1777047833.485207,3,-0.004623,0.056100,0.160054
1777047833.485207,1,0.000881,0.010777,0.219505
1777047833.485207,6,-0.044407,0.077743,0.122978
1777047833.485207,4,-0.039008,0.030130,0.181430
1777047833.485207,9,-0.085372,0.102414,0.088451
1777047833.485207,2,-0.031367,-0.011892,0.245475
1777047833.485207,7,-0.079102,0.053108,0.146865
1777047833.485207,5,-0.070713,0.007236,0.211106
1777047833.485207,10,-0.118319,0.078482,0.118338
1777047833.485207,8,-0.110379,0.030283,0.180105
1777047833.485207,11,-0.150512,0.055273,0.150727
1777047833.552392,3,-0.005329,0.057429,0.158376
1777047833.552392,1,0.001072,0.013381,0.220549
1777047833.552392,6,-0.044871,0.079308,0.122697
1777047833.552392,4,-0.039217,0.029333,0.178544
1777047833.552392,9,-0.086352,0.101760,0.084906
1777047833.552392,2,-0.031582,-0.011653,0.245909
1777047833.552392,7,-0.080281,0.051421,0.143207
1777047833.552392,5,-0.070927,0.007300,0.211027
1777047833.552392,10,-0.118032,0.079144,0.119712
1777047833.552392,8,-0.110329,0.031016,0.181097
1777047833.552392,11,-0.151827,0.054380,0.147752
1777047833.585985,3,-0.006098,0.058978,0.156986
1777047833.585985,1,0.000515,0.013410,0.216655
1777047833.585985,6,-0.045676,0.081106,0.122959
1777047833.585985,4,-0.039424,0.032287,0.180745
1777047833.585985,9,-0.087760,0.102768,0.083581
1777047833.585985,2,-0.030444,-0.009335,0.245695
1777047833.585985,7,-0.080941,0.052149,0.141786
1777047833.585985,5,-0.070805,0.008761,0.210969
1777047833.585985,10,-0.120207,0.078593,0.115933
1777047833.585985,8,-0.111944,0.030042,0.176913
1777047833.585985,11,-0.152370,0.054820,0.147795
1777047833.653170,3,-0.006098,0.058978,0.156986
1777047833.653170,1,0.000159,0.015281,0.220209
1777047833.653170,6,-0.046657,0.082063,0.121611
1777047833.653170,4,-0.039569,0.033462,0.180530
1777047833.653170,9,-0.089846,0.102178,0.079332
1777047833.653170,2,-0.031679,-0.011019,0.242023
1777047833.653170,7,-0.081060,0.054228,0.143655
1777047833.653170,10,-0.121157,0.079074,0.115553
1777047833.653170,5,-0.071644,0.007970,0.208005
1777047833.653170,8,-0.111705,0.031273,0.178148
1777047833.653170,11,-0.154202,0.053298,0.144826
1777047833.720356,3,-0.006283,0.060958,0.157707
1777047833.720356,1,0.000218,0.016882,0.219970
1777047833.720356,6,-0.046317,0.082122,0.122210
1777047833.720356,4,-0.039569,0.033462,0.180530
1777047833.720356,9,-0.089563,0.102355,0.079904
1777047833.720356,2,-0.031679,-0.011019,0.242023
1777047833.720356,7,-0.080240,0.055589,0.146143
1777047833.720356,5,-0.070650,0.010101,0.211011
1777047833.720356,10,-0.121877,0.078083,0.112869
1777047833.720356,8,-0.110756,0.032643,0.180764
1777047833.720356,11,-0.153015,0.055045,0.147154
1777047833.787540,3,-0.006364,0.062543,0.158752
1777047833.787540,1,0.000230,0.017845,0.219955
1777047833.787540,6,-0.046957,0.082793,0.121681
1777047833.787540,4,-0.040165,0.032879,0.177805
1777047833.787540,9,-0.090460,0.102693,0.078951
1777047833.787540,2,-0.030744,-0.006494,0.246409
1777047833.787540,7,-0.080361,0.056566,0.146734
1777047833.787540,5,-0.069701,0.012596,0.214174
1777047833.787540,10,-0.122221,0.078435,0.112915
1777047833.787540,8,-0.110898,0.032892,0.180242
1777047833.787540,11,-0.151972,0.056253,0.150024
1777047833.821133,3,-0.006744,0.062197,0.157725
1777047833.821133,1,0.000189,0.018285,0.220703
1777047833.821133,6,-0.046870,0.083468,0.123151
1777047833.821133,4,-0.040830,0.032175,0.175396
1777047833.821133,9,-0.089333,0.104085,0.083935
1777047833.821133,2,-0.031173,-0.007458,0.244973
1777047833.821133,7,-0.081908,0.054095,0.141803
1777047833.821133,5,-0.071094,0.010669,0.210582
1777047833.821133,10,-0.122294,0.079246,0.113858
1777047833.821133,8,-0.111462,0.032676,0.179890
1777047833.821133,11,-0.152356,0.056615,0.149922
1777047833.888318,3,-0.007735,0.062075,0.155431
1777047833.888318,1,-0.000823,0.019086,0.219670
1777047833.888318,6,-0.047993,0.083212,0.119607
1777047833.888318,4,-0.041204,0.033726,0.177018
1777047833.888318,9,-0.091084,0.103967,0.078860
1777047833.888318,2,-0.031995,-0.005900,0.245527
1777047833.888318,7,-0.082005,0.055659,0.141957
1777047833.888318,5,-0.070980,0.013695,0.212817
1777047833.888318,10,-0.122523,0.080324,0.113520
1777047833.888318,8,-0.113182,0.032352,0.175902
1777047833.888318,11,-0.155759,0.054854,0.142577
1777047833.921910,3,-0.007906,0.063946,0.157463
1777047833.921910,1,-0.001153,0.017808,0.215426
1777047833.921910,6,-0.047816,0.085168,0.121674
1777047833.921910,4,-0.041780,0.034610,0.176148
1777047833.921910,9,-0.091383,0.104536,0.077358
1777047833.921910,2,-0.033276,-0.007460,0.241052
1777047833.921910,7,-0.083462,0.055273,0.138680
1777047833.921910,5,-0.072365,0.012902,0.209087
1777047833.921910,10,-0.123349,0.080982,0.111610
1777047833.921910,8,-0.113116,0.034366,0.176883
1777047833.921910,11,-0.153883,0.058191,0.146579
1777047833.989095,3,-0.008395,0.065452,0.155248
1777047833.989095,1,-0.002345,0.021110,0.217464
1777047833.989095,6,-0.049075,0.085584,0.116216
1777047833.989095,4,-0.042716,0.036722,0.174176
1777047833.989095,9,-0.090205,0.107743,0.080360
1777047833.989095,7,-0.083150,0.058929,0.140249
1777047833.989095,2,-0.033447,-0.005111,0.239593
1777047833.989095,5,-0.073771,0.013675,0.205068
1777047833.989095,10,-0.124628,0.081759,0.105803
1777047833.989095,8,-0.114637,0.035095,0.172168
1777047833.989095,11,-0.155422,0.059408,0.142416
1777047834.022687,3,-0.009056,0.066812,0.155550
1777047834.022687,1,-0.003405,0.021008,0.214725
1777047834.022687,6,-0.049123,0.086937,0.116590
1777047834.022687,4,-0.043791,0.036723,0.171947
1777047834.022687,9,-0.091401,0.107905,0.075908
1777047834.022687,7,-0.083794,0.060322,0.139414
1777047834.022687,2,-0.035414,-0.003800,0.239778
1777047834.022687,10,-0.123784,0.084630,0.108919
1777047834.022687,5,-0.075394,0.013296,0.202670
1777047834.022687,8,-0.116126,0.035559,0.169870
1777047834.022687,11,-0.155891,0.060868,0.140981
1777047834.089873,3,-0.011158,0.067405,0.149143
1777047834.089873,1,-0.004982,0.022852,0.210639
1777047834.089873,6,-0.050786,0.089300,0.113846
1777047834.089873,4,-0.045087,0.040627,0.172237
1777047834.089873,9,-0.092991,0.110453,0.072020
1777047834.089873,7,-0.085962,0.061607,0.133407
1777047834.089873,2,-0.037639,-0.001757,0.236563
1777047834.089873,5,-0.076604,0.017770,0.202342
1777047834.089873,10,-0.125616,0.086669,0.104035
1777047834.089873,8,-0.117193,0.039253,0.168524
1777047834.089873,11,-0.158358,0.063006,0.136477
1777047834.123470,3,-0.011696,0.069816,0.149383
1777047834.123470,1,-0.005643,0.026723,0.214043
1777047834.123470,6,-0.051275,0.091003,0.112387
1777047834.123470,4,-0.046258,0.040747,0.167516
1777047834.123470,9,-0.093259,0.112359,0.072897
1777047834.123470,7,-0.086731,0.063149,0.132374
1777047834.123470,2,-0.037087,0.001133,0.236531
1777047834.123470,5,-0.078439,0.016891,0.197528
1777047834.123470,10,-0.125976,0.088440,0.104711
1777047834.123470,8,-0.119150,0.039037,0.163724
1777047834.123470,11,-0.157742,0.065419,0.137392
1777047834.190662,3,-0.012298,0.071042,0.148517
1777047834.190662,1,-0.006947,0.024468,0.206213
1777047834.190662,6,-0.051843,0.092454,0.111270
1777047834.190662,4,-0.046623,0.042442,0.166718
1777047834.190662,9,-0.093517,0.113866,0.072088
1777047834.190662,7,-0.087327,0.064936,0.131397
1777047834.190662,2,-0.039826,-0.001063,0.231369
1777047834.190662,5,-0.078502,0.020110,0.198395
1777047834.190662,10,-0.126814,0.090237,0.102019
1777047834.190662,8,-0.118771,0.042139,0.165275
1777047834.190662,11,-0.160191,0.065350,0.131837
1777047834.257853,3,-0.013603,0.073792,0.147939
1777047834.257853,1,-0.008505,0.027459,0.206734
1777047834.257853,6,-0.053682,0.094586,0.109635
1777047834.257853,4,-0.047720,0.045261,0.166579
1777047834.257853,9,-0.094430,0.117070,0.074443
1777047834.257853,7,-0.088617,0.067482,0.131622
1777047834.257853,2,-0.040274,0.003632,0.233765
1777047834.257853,10,-0.127949,0.092513,0.103040
1777047834.257853,5,-0.080518,0.020864,0.195430
1777047834.257853,8,-0.121558,0.041886,0.160707
1777047834.257853,11,-0.161489,0.067308,0.131758
1777047834.593810,3,-0.015560,0.076014,0.145118
1777047834.593810,1,-0.009793,0.030022,0.205173
1777047834.593810,6,-0.055432,0.096666,0.108122
1777047834.593810,4,-0.050097,0.045710,0.161099
1777047834.593810,9,-0.097145,0.118058,0.069792
1777047834.593810,7,-0.090253,0.069695,0.130222
1777047834.593810,2,-0.041314,0.006840,0.233432
1777047834.593810,10,-0.128550,0.095519,0.104816
1777047834.593810,5,-0.081777,0.022599,0.193868
1777047834.593810,8,-0.123353,0.043395,0.158204
1777047834.593810,11,-0.164550,0.066989,0.125957
1777047834.661001,3,-0.015712,0.076419,0.144140
1777047834.661001,1,-0.009234,0.032493,0.207014
1777047834.661001,6,-0.055902,0.096656,0.105023
1777047834.661001,4,-0.050000,0.047523,0.162580
1777047834.661001,9,-0.096785,0.119410,0.070354
1777047834.661001,7,-0.090358,0.070448,0.129905
1777047834.661001,2,-0.041836,0.004387,0.228131
1777047834.661001,5,-0.082196,0.023330,0.192441
1777047834.661001,10,-0.130041,0.094606,0.099149
1777047834.661001,8,-0.122087,0.046472,0.161612
1777047834.661001,11,-0.164016,0.068701,0.126952
1777047834.728192,3,-0.016380,0.079213,0.145701
1777047834.728192,1,-0.010912,0.031485,0.202672
1777047834.728192,6,-0.056202,0.098987,0.106359
1777047834.728192,4,-0.051401,0.047221,0.158209
1777047834.728192,9,-0.097458,0.120934,0.069325
1777047834.728192,7,-0.090698,0.072214,0.129035
1777047834.728192,2,-0.042341,0.009003,0.231773
1777047834.728192,5,-0.083138,0.024481,0.190657
1777047834.728192,10,-0.131342,0.095576,0.097638
1777047834.728192,8,-0.123901,0.046393,0.157448
1777047834.728192,11,-0.164949,0.070151,0.125398
1777047834.795384,3,-0.017005,0.079548,0.143177
1777047834.795384,1,-0.011211,0.034654,0.204085
1777047834.795384,6,-0.056855,0.101060,0.107043
1777047834.795384,4,-0.051761,0.049606,0.159017
1777047834.795384,9,-0.098267,0.122174,0.067641
1777047834.795384,7,-0.093034,0.071884,0.123248
1777047834.795384,2,-0.043907,0.009659,0.229966
1777047834.795384,5,-0.084189,0.026917,0.190897
1777047834.795384,10,-0.132939,0.096352,0.092860
1777047834.795384,8,-0.125018,0.047852,0.155993
1777047834.795384,11,-0.166246,0.071577,0.122726
1777047834.828979,3,-0.017663,0.080856,0.143999
1777047834.828979,1,-0.012113,0.035388,0.203519
1777047834.828979,6,-0.057258,0.101836,0.106293
1777047834.828979,4,-0.053712,0.048208,0.154159
1777047834.828979,9,-0.099560,0.121994,0.062667
1777047834.828979,7,-0.093042,0.073614,0.125349
1777047834.828979,2,-0.045258,0.009410,0.227538
1777047834.828979,10,-0.133308,0.097541,0.092388
1777047834.828979,5,-0.085121,0.026896,0.188844
1777047834.828979,8,-0.126721,0.047744,0.152150
1777047834.828979,11,-0.166527,0.073232,0.123213
1777047834.896171,3,-0.018336,0.082379,0.141343
1777047834.896171,6,-0.057787,0.103106,0.101666
1777047834.896171,1,-0.014514,0.032342,0.194516
1777047834.896171,4,-0.054358,0.051672,0.154836
1777047834.896171,9,-0.099307,0.124359,0.060540
1777047834.896171,7,-0.093751,0.075462,0.120690
1777047834.896171,2,-0.046796,0.010503,0.224324
1777047834.896171,10,-0.133791,0.099807,0.088341
1777047834.896171,5,-0.086766,0.027883,0.184128
1777047834.896171,8,-0.128116,0.049633,0.148351
1777047834.896171,11,-0.164954,0.077621,0.124449
1777047834.929767,3,-0.018674,0.082891,0.140005
1777047834.929767,1,-0.014729,0.034618,0.196053
1777047834.929767,6,-0.058236,0.103237,0.099457
1777047834.929767,4,-0.054479,0.052205,0.152578
1777047834.929767,9,-0.098375,0.126076,0.063346
1777047834.929767,7,-0.093715,0.076707,0.120999
1777047834.929767,2,-0.048076,0.009360,0.220566
1777047834.929767,10,-0.132165,0.102185,0.092638
1777047834.929767,5,-0.087123,0.029933,0.184892
1777047834.929767,8,-0.127271,0.052113,0.150109
1777047834.929767,11,-0.168071,0.076374,0.116861
1777047834.996958,3,-0.019308,0.084171,0.139217
1777047834.996958,1,-0.015722,0.036716,0.196481
1777047834.996958,6,-0.058027,0.106354,0.103491
1777047834.996958,4,-0.055584,0.053190,0.150856
1777047834.996958,9,-0.099649,0.126783,0.058606
1777047834.996958,7,-0.094832,0.078032,0.119411
1777047834.996958,2,-0.048596,0.011142,0.219696
1777047834.996958,10,-0.132389,0.104188,0.092368
1777047834.996958,5,-0.088138,0.030133,0.182032
1777047834.996958,8,-0.128671,0.053353,0.147896
1777047834.996958,11,-0.167433,0.079292,0.119068
1777047835.030554,3,-0.019853,0.083364,0.136605
1777047835.030554,1,-0.015463,0.037538,0.197056
1777047835.030554,6,-0.058678,0.105708,0.100825
1777047835.030554,4,-0.056529,0.052037,0.147978
1777047835.030554,9,-0.099582,0.127475,0.059948
1777047835.030554,7,-0.094301,0.079016,0.121128
1777047835.030554,2,-0.049807,0.010927,0.219036
1777047835.030554,10,-0.132576,0.104271,0.091913
1777047835.030554,5,-0.089072,0.030832,0.182257
1777047835.030554,8,-0.128131,0.054799,0.150451
1777047835.030554,11,-0.168393,0.078865,0.116834
1777047835.097745,3,-0.020076,0.085241,0.140127
1777047835.097745,1,-0.015964,0.038550,0.197644
1777047835.097745,6,-0.059139,0.105876,0.099441
1777047835.097745,4,-0.056255,0.054266,0.151371
1777047835.097745,9,-0.099825,0.127844,0.059542
1777047835.097745,7,-0.095392,0.078704,0.119142
1777047835.097745,2,-0.050701,0.010591,0.218053
1777047835.097745,5,-0.089175,0.032026,0.183268
1777047835.097745,10,-0.134684,0.103567,0.087485
1777047835.097745,8,-0.128885,0.054634,0.148562
1777047835.097745,11,-0.169859,0.078515,0.114840
1777047835.131339,3,-0.020382,0.084715,0.138542
1777047835.131339,1,-0.016445,0.036966,0.195058
1777047835.131339,6,-0.059609,0.105575,0.099150
1777047835.131339,4,-0.056504,0.054183,0.151295
1777047835.131339,9,-0.099330,0.128830,0.062968
1777047835.131339,7,-0.095546,0.079222,0.119910
1777047835.131339,2,-0.050297,0.010678,0.217261
1777047835.131339,5,-0.089522,0.031656,0.182722
1777047835.131339,10,-0.134479,0.103800,0.088137
1777047835.131339,8,-0.128937,0.054809,0.149357
1777047835.131339,11,-0.168570,0.080033,0.118332
1777047835.198526,3,-0.020644,0.084325,0.136994
1777047835.198526,1,-0.017175,0.036079,0.193611
1777047835.198526,6,-0.059150,0.105866,0.099438
1777047835.198526,4,-0.057268,0.052930,0.147506
1777047835.198526,9,-0.099922,0.128198,0.059551
1777047835.198526,7,-0.095359,0.079524,0.120229
1777047835.198526,2,-0.050317,0.012715,0.220396
1777047835.198526,10,-0.134668,0.103892,0.087682
1777047835.198526,5,-0.090316,0.030075,0.179334
1777047835.198526,8,-0.128826,0.055348,0.149335
1777047835.198526,11,-0.168136,0.080166,0.117687
1777047835.265713,3,-0.020549,0.084667,0.137804
1777047835.265713,1,-0.016701,0.037459,0.195201
1777047835.265713,6,-0.059991,0.105227,0.096743
1777047835.265713,4,-0.057188,0.053279,0.148640
1777047835.265713,9,-0.099501,0.129092,0.062597
1777047835.265713,7,-0.095290,0.079850,0.120694
1777047835.265713,2,-0.050613,0.012044,0.219126
1777047835.265713,10,-0.134670,0.103884,0.087679
1777047835.265713,5,-0.090000,0.031519,0.181850
1777047835.265713,8,-0.129665,0.054395,0.147866
1777047835.265713,11,-0.170185,0.078832,0.114169
1777047835.299307,3,-0.020427,0.084797,0.138501
1777047835.299307,1,-0.017151,0.037449,0.196168
1777047835.299307,6,-0.059600,0.106028,0.099664
1777047835.299307,4,-0.056445,0.054975,0.152081
1777047835.299307,9,-0.100620,0.127720,0.058338
1777047835.299307,7,-0.095290,0.079850,0.120694
1777047835.299307,2,-0.049790,0.013003,0.220483
1777047835.299307,10,-0.133588,0.105085,0.091467
1777047835.299307,5,-0.089828,0.032200,0.183031
1777047835.299307,8,-0.129294,0.055109,0.148976
1777047835.299307,11,-0.168580,0.080004,0.118327
1777047835.366494,3,-0.020428,0.084795,0.138500
1777047835.366494,1,-0.017151,0.037447,0.196167
1777047835.366494,6,-0.059711,0.105990,0.099227
1777047835.366494,9,-0.100390,0.128135,0.060023
1777047835.366494,4,-0.057511,0.052867,0.147489
1777047835.366494,7,-0.096572,0.077909,0.116270
1777047835.366494,2,-0.049790,0.013001,0.220482
1777047835.366494,10,-0.134671,0.103881,0.087678
1777047835.366494,5,-0.090692,0.029647,0.178707
1777047835.366494,8,-0.129296,0.055440,0.149530
1777047835.366494,11,-0.170981,0.077897,0.111812
1777047835.400088,3,-0.020764,0.084206,0.136339
1777047835.400088,1,-0.017151,0.037446,0.196166
1777047835.400088,6,-0.059172,0.107174,0.102469
1777047835.400088,4,-0.056721,0.054560,0.150859
1777047835.400088,9,-0.100244,0.128129,0.058850
1777047835.400088,7,-0.095291,0.079845,0.120692
1777047835.400088,2,-0.049452,0.013833,0.221320
1777047835.400088,10,-0.134672,0.103878,0.087677
1777047835.400088,5,-0.089828,0.032196,0.183029
1777047835.400088,8,-0.129296,0.055438,0.149529
1777047835.400088,11,-0.169466,0.079634,0.116264
1777047835.467275,3,-0.020764,0.084206,0.136339
1777047835.467275,1,-0.017234,0.036203,0.192589
1777047835.467275,6,-0.059172,0.107174,0.102469
1777047835.467275,4,-0.057511,0.052865,0.147488
1777047835.467275,9,-0.100738,0.127764,0.057975
1777047835.467275,7,-0.095291,0.079845,0.120692
1777047835.467275,2,-0.051450,0.010338,0.216474
1777047835.467275,5,-0.089447,0.032702,0.183786
1777047835.467275,10,-0.134672,0.103878,0.087677
1777047835.467275,8,-0.129296,0.055438,0.149529
1777047835.467275,11,-0.168849,0.079933,0.117264
1777047835.534461,3,-0.020809,0.084264,0.136223
1777047835.534461,6,-0.059284,0.107139,0.101614
1777047835.534461,1,-0.016920,0.036760,0.194101
1777047835.534461,4,-0.057512,0.052864,0.147488
1777047835.534461,9,-0.100026,0.128563,0.059477
1777047835.534461,7,-0.095295,0.079980,0.120659
1777047835.534461,2,-0.050953,0.011536,0.218260
1777047835.534461,5,-0.089744,0.031769,0.182166
1777047835.534461,10,-0.134984,0.103741,0.086765
1777047835.534461,8,-0.130161,0.054272,0.146263
1777047835.534461,11,-0.168889,0.080346,0.117682
1777047835.568055,3,-0.020766,0.085637,0.138931
1777047835.568055,1,-0.016705,0.037494,0.194674
1777047835.568055,6,-0.060226,0.105349,0.096387
1777047835.568055,4,-0.057586,0.053393,0.148316
1777047835.568055,9,-0.100136,0.128559,0.059538
1777047835.568055,7,-0.095464,0.080152,0.120588
1777047835.568055,2,-0.050826,0.011697,0.218319
1777047835.568055,5,-0.089857,0.032020,0.182101
1777047835.568055,10,-0.135111,0.103828,0.086833
1777047835.568055,8,-0.129570,0.055266,0.148574
1777047835.568055,11,-0.167739,0.081410,0.120250
1777047835.635242,3,-0.020912,0.084449,0.136276
1777047835.635242,1,-0.017526,0.036976,0.194283
1777047835.635242,6,-0.059540,0.106586,0.099756
1777047835.635242,4,-0.056939,0.054946,0.150934
1777047835.635242,9,-0.100136,0.128559,0.059538
1777047835.635242,7,-0.095618,0.079823,0.119979
1777047835.635242,2,-0.050555,0.011126,0.216775
1777047835.635242,10,-0.135075,0.104003,0.087027
1777047835.635242,5,-0.089794,0.031880,0.182216
1777047835.635242,8,-0.129570,0.055266,0.148574
1777047835.635242,11,-0.168597,0.080796,0.117864
1777047835.668835,3,-0.021413,0.086024,0.138255
1777047835.668835,1,-0.017726,0.036354,0.191191
1777047835.668835,6,-0.060605,0.106985,0.099045
1777047835.668835,4,-0.058110,0.053936,0.148370
1777047835.668835,9,-0.100314,0.129754,0.063760
1777047835.668835,7,-0.096397,0.080325,0.119890
1777047835.668835,2,-0.051044,0.012302,0.218380
1777047835.668835,10,-0.134250,0.105776,0.091921
1777047835.668835,5,-0.090225,0.032386,0.182190
1777047835.668835,8,-0.130766,0.054470,0.146440
1777047835.668835,11,-0.171061,0.079007,0.114256
1777047835.736022,3,-0.022043,0.087114,0.138327
1777047835.736022,1,-0.018175,0.038861,0.194356
1777047835.736022,6,-0.061215,0.107928,0.099893
1777047835.736022,4,-0.058133,0.055923,0.150280
1777047835.736022,9,-0.102192,0.129503,0.059740
1777047835.736022,7,-0.096992,0.080884,0.119989
1777047835.736022,2,-0.050834,0.012579,0.216887
1777047835.736022,10,-0.136940,0.104295,0.086618
1777047835.736022,5,-0.090450,0.032964,0.182267
1777047835.736022,8,-0.129787,0.056835,0.150367
1777047835.736022,11,-0.169063,0.081346,0.120553
1777047835.803208,3,-0.022237,0.087834,0.138338
1777047835.803208,6,-0.061048,0.109260,0.102927
1777047835.803208,1,-0.018220,0.037160,0.189477
1777047835.803208,4,-0.057921,0.056812,0.151083
1777047835.803208,9,-0.102485,0.129883,0.059794
1777047835.803208,7,-0.097032,0.081226,0.120229
1777047835.803208,2,-0.050735,0.013060,0.216887
1777047835.803208,10,-0.137147,0.104533,0.086650
1777047835.803208,5,-0.090418,0.033319,0.182270
1777047835.803208,8,-0.131632,0.054560,0.145339
1777047835.803208,11,-0.171768,0.079127,0.114395
1777047835.870395,3,-0.022200,0.087744,0.138376
1777047835.870395,1,-0.017354,0.040004,0.194768
1777047835.870395,6,-0.061625,0.108317,0.099193
1777047835.870395,4,-0.058545,0.055250,0.148465
1777047835.870395,9,-0.102597,0.129904,0.059459
1777047835.870395,7,-0.097121,0.081249,0.120018
1777047835.870395,2,-0.050735,0.013060,0.216887
1777047835.870395,10,-0.137147,0.104533,0.086650
1777047835.870395,5,-0.090418,0.033319,0.182270
1777047835.870395,8,-0.130193,0.056389,0.148949
1777047835.870395,11,-0.170528,0.080179,0.116959
1777047835.937581,3,-0.022444,0.087025,0.136544
1777047835.937581,1,-0.017393,0.040146,0.194770
1777047835.937581,6,-0.061795,0.108207,0.098046
1777047835.937581,4,-0.058667,0.055561,0.149097
1777047835.937581,9,-0.102561,0.129882,0.059828
1777047835.937581,7,-0.097198,0.081355,0.120040
1777047835.937581,2,-0.050751,0.013163,0.216878
1777047835.937581,10,-0.137245,0.104618,0.086684
1777047835.937581,5,-0.090452,0.033403,0.182271
1777047835.937581,8,-0.129420,0.057620,0.151722
1777047835.937581,11,-0.170108,0.080862,0.118177
1777047836.273522,3,-0.023060,0.088389,0.134694
1777047836.273522,1,-0.018176,0.042314,0.194372
1777047836.273522,6,-0.061970,0.109278,0.095606
1777047836.273522,4,-0.058482,0.058183,0.148563
1777047836.273522,9,-0.102739,0.131757,0.057173
1777047836.273522,7,-0.098141,0.081923,0.115139
1777047836.273522,2,-0.052698,0.014945,0.215410
1777047836.273522,10,-0.136985,0.107123,0.085767
1777047836.273522,5,-0.091846,0.034722,0.179007
1777047836.273522,8,-0.132918,0.055941,0.141308
1777047836.273522,11,-0.173110,0.080292,0.108833
1777047836.340709,3,-0.023769,0.088966,0.133028
1777047836.340709,1,-0.019341,0.042728,0.192249
1777047836.340709,6,-0.062527,0.110389,0.094436
1777047836.340709,4,-0.059721,0.058317,0.145710
1777047836.340709,9,-0.103883,0.131795,0.052492
1777047836.340709,7,-0.098765,0.083680,0.115052
1777047836.340709,2,-0.053594,0.016782,0.215768
1777047836.340709,10,-0.138487,0.107356,0.081485
1777047836.340709,5,-0.093452,0.034653,0.175496
1777047836.340709,8,-0.133082,0.057735,0.141093
1777047836.340709,11,-0.174493,0.081214,0.105939
1777047836.441491,3,-0.024193,0.091024,0.133997
1777047836.441491,1,-0.020790,0.042742,0.189075
1777047836.441491,6,-0.062606,0.113025,0.097163
1777047836.441491,4,-0.061323,0.058975,0.142382
1777047836.441491,9,-0.103260,0.134230,0.054980
1777047836.441491,7,-0.099502,0.085319,0.113884
1777047836.441491,2,-0.055171,0.016534,0.212270
1777047836.441491,10,-0.137524,0.110116,0.083519
1777047836.441491,5,-0.094739,0.035663,0.173399
1777047836.441491,8,-0.134388,0.059324,0.139246
1777047836.441491,11,-0.173275,0.084955,0.109414
1777047836.508678,3,-0.024702,0.091538,0.134640
1777047836.508678,1,-0.021476,0.043474,0.191078
1777047836.508678,6,-0.063205,0.112775,0.096346
1777047836.508678,4,-0.060967,0.061010,0.145622
1777047836.508678,9,-0.104014,0.134295,0.054747
1777047836.508678,7,-0.099710,0.085827,0.115119
1777047836.508678,2,-0.055350,0.017910,0.213892
1777047836.508678,10,-0.138474,0.110160,0.082840
1777047836.508678,5,-0.094738,0.036897,0.175360
1777047836.508678,8,-0.133219,0.061577,0.144143
1777047836.508678,11,-0.174338,0.084329,0.107721
1777047836.542272,3,-0.025018,0.090266,0.131440
1777047836.542272,1,-0.021228,0.043166,0.189365
1777047836.542272,6,-0.063791,0.111802,0.092510
1777047836.542272,4,-0.061999,0.059160,0.141924
1777047836.542272,9,-0.104885,0.133326,0.050458
1777047836.542272,7,-0.098845,0.086800,0.117221
1777047836.542272,2,-0.055587,0.017584,0.213500
1777047836.542272,5,-0.094431,0.037115,0.175707
1777047836.542272,10,-0.138270,0.110463,0.083531
1777047836.542272,8,-0.134448,0.059814,0.140091
1777047836.542272,11,-0.173166,0.085372,0.110551
1777047836.643053,3,-0.024315,0.092119,0.135349
1777047836.643053,1,-0.020652,0.044293,0.191471
1777047836.643053,6,-0.063577,0.111961,0.093418
1777047836.643053,4,-0.061257,0.060174,0.144306
1777047836.643053,9,-0.103177,0.134816,0.056366
1777047836.643053,7,-0.100096,0.084937,0.112841
1777047836.643053,2,-0.055713,0.016974,0.212212
1777047836.643053,10,-0.138286,0.110133,0.083345
1777047836.643053,5,-0.094362,0.037312,0.175574
1777047836.643053,8,-0.134012,0.060239,0.141317
1777047836.643053,11,-0.172725,0.085804,0.111144
1777047836.676647,3,-0.024215,0.091274,0.134275
1777047836.676647,6,-0.062999,0.112744,0.096518
1777047836.676647,1,-0.021647,0.041843,0.187964
1777047836.676647,4,-0.061073,0.060107,0.144573
1777047836.676647,9,-0.103177,0.134876,0.056380
1777047836.676647,7,-0.098818,0.086727,0.117170
1777047836.676647,2,-0.055202,0.017846,0.213799
1777047836.676647,10,-0.136588,0.111692,0.088052
1777047836.676647,5,-0.093862,0.037655,0.176568
1777047836.676647,8,-0.132958,0.061534,0.143708
1777047836.676647,11,-0.171891,0.086299,0.113029
1777047836.710240,3,-0.024192,0.091274,0.134220
1777047836.710240,1,-0.020581,0.044132,0.191364
1777047836.710240,6,-0.062627,0.112815,0.096064
1777047836.710240,4,-0.061129,0.059747,0.143564
1777047836.710240,9,-0.103115,0.134740,0.056279
1777047836.710240,7,-0.099707,0.085089,0.112815
1777047836.710240,2,-0.055158,0.017750,0.213734
1777047836.710240,10,-0.136987,0.110996,0.085585
1777047836.710240,5,-0.094738,0.035914,0.173256
1777047836.710240,8,-0.133933,0.060054,0.141183
1777047836.710240,11,-0.173508,0.084964,0.108559
1777047836.743834,3,-0.024399,0.090718,0.132629
1777047836.743834,1,-0.020577,0.043844,0.190619
1777047836.743834,6,-0.063245,0.111519,0.092662
1777047836.743834,4,-0.061349,0.058802,0.141307
1777047836.743834,9,-0.103293,0.134054,0.054313
1777047836.743834,7,-0.099663,0.084989,0.112744
1777047836.743834,2,-0.054959,0.017721,0.213736
1777047836.743834,10,-0.137648,0.110048,0.082721
1777047836.743834,5,-0.094151,0.036870,0.174584
1777047836.743834,8,-0.133753,0.060342,0.141046
1777047836.743834,11,-0.171737,0.085842,0.112102
1777047836.777427,3,-0.024278,0.091031,0.133400
1777047836.777427,1,-0.021467,0.041133,0.185412
1777047836.777427,6,-0.062366,0.112876,0.096911
1777047836.777427,9,-0.103305,0.134011,0.054268
1777047836.777427,4,-0.061087,0.059654,0.143501
1777047836.777427,7,-0.099617,0.085282,0.113130
1777047836.777427,2,-0.055356,0.016738,0.211967
1777047836.777427,10,-0.137648,0.110048,0.082721
1777047836.777427,5,-0.094910,0.035572,0.172489
1777047836.777427,8,-0.132821,0.061401,0.143224
1777047836.777427,11,-0.174076,0.084156,0.106943
1777047836.811021,3,-0.024526,0.091455,0.133392
1777047836.811021,1,-0.021557,0.041582,0.185420
1777047836.811021,6,-0.063013,0.113290,0.096503
1777047836.811021,4,-0.061238,0.059969,0.143507
1777047836.811021,9,-0.103425,0.134645,0.056112
1777047836.811021,7,-0.100192,0.084696,0.111055
1777047836.811021,2,-0.055308,0.016862,0.211524
1777047836.811021,5,-0.094069,0.037845,0.175934
1777047836.811021,10,-0.137253,0.110955,0.085503
1777047836.811021,8,-0.133504,0.061185,0.142295
1777047836.811021,11,-0.173694,0.084824,0.108491
1777047836.878209,3,-0.025646,0.092538,0.132911
1777047836.878209,1,-0.022136,0.044404,0.189066
1777047836.878209,6,-0.064409,0.114008,0.095877
1777047836.878209,9,-0.105471,0.134794,0.054150
1777047836.878209,4,-0.062350,0.060088,0.141520
1777047836.878209,7,-0.101304,0.085093,0.111138
1777047836.878209,2,-0.055682,0.017885,0.211717
1777047836.878209,5,-0.094411,0.039002,0.176590
1777047836.878209,10,-0.139358,0.110362,0.083018
1777047836.878209,8,-0.134096,0.061792,0.143387
1777047836.878209,11,-0.174768,0.084497,0.108063
1777047836.945402,3,-0.026751,0.093841,0.133006
1777047836.945402,1,-0.022227,0.045863,0.188523
1777047836.945402,6,-0.065920,0.114969,0.096612
1777047836.945402,9,-0.107059,0.135523,0.054729
1777047836.945402,4,-0.062671,0.062490,0.144885
1777047836.945402,7,-0.102453,0.085592,0.111241
1777047836.945402,2,-0.055946,0.018763,0.211646
1777047836.945402,10,-0.140787,0.110349,0.083133
1777047836.945402,5,-0.095292,0.039014,0.175960
1777047836.945402,8,-0.135587,0.060769,0.141029
1777047836.945402,11,-0.177143,0.082835,0.105388
1777047836.978998,3,-0.026611,0.094661,0.134755
1777047836.978998,1,-0.022388,0.045671,0.187762
1777047836.978998,6,-0.065727,0.114824,0.096029
1777047836.978998,4,-0.063165,0.060853,0.141435
1777047836.978998,9,-0.108076,0.134084,0.049879
1777047836.978998,7,-0.102453,0.085592,0.111241
1777047836.978998,2,-0.055946,0.018763,0.211646
1777047836.978998,10,-0.140787,0.110349,0.083133
1777047836.978998,5,-0.095292,0.039014,0.175960
1777047836.978998,8,-0.135587,0.060769,0.141029
1777047836.978998,11,-0.175946,0.084149,0.108814
1777047837.046191,3,-0.028286,0.094511,0.131341
1777047837.046191,1,-0.023028,0.046952,0.187812
1777047837.046191,6,-0.067221,0.115642,0.096138
1777047837.046191,4,-0.063184,0.063469,0.144753
1777047837.046191,9,-0.109696,0.134938,0.050486
1777047837.046191,7,-0.102994,0.087233,0.114140
1777047837.046191,2,-0.055413,0.021026,0.213066
1777047837.046191,10,-0.142015,0.110712,0.084126
1777047837.046191,5,-0.095858,0.039462,0.176055
1777047837.046191,8,-0.135603,0.061748,0.143098
1777047837.046191,11,-0.177011,0.083461,0.108219
1777047837.113384,3,-0.028360,0.096472,0.134881
1777047837.113384,1,-0.023331,0.048439,0.190320
1777047837.113384,6,-0.068111,0.115879,0.095522
1777047837.113384,4,-0.063858,0.062923,0.143040
1777047837.113384,9,-0.109102,0.136451,0.055653
1777047837.113384,7,-0.102643,0.088493,0.116364
1777047837.113384,2,-0.056245,0.019293,0.209710
1777047837.113384,10,-0.142197,0.111124,0.085042
1777047837.113384,5,-0.096082,0.039683,0.176116
1777047837.113384,8,-0.137470,0.059534,0.138564
1777047837.113384,11,-0.176926,0.083995,0.109663
1777047837.180644,3,-0.028238,0.096627,0.134929
1777047837.180644,1,-0.023082,0.048197,0.188648
1777047837.180644,6,-0.068111,0.115879,0.095522
1777047837.180644,4,-0.063858,0.062923,0.143040
1777047837.180644,9,-0.109102,0.136451,0.055653
1777047837.180644,7,-0.102664,0.088227,0.116044
1777047837.180644,2,-0.056312,0.021192,0.212749
1777047837.180644,5,-0.095595,0.040064,0.176167
1777047837.180644,10,-0.143286,0.110157,0.081993
1777047837.180644,8,-0.136700,0.060456,0.140362
1777047837.180644,11,-0.177465,0.083292,0.108302
1777047837.247904,3,-0.028613,0.095682,0.131850
1777047837.247904,1,-0.023435,0.048405,0.190250
1777047837.247904,6,-0.068122,0.115896,0.095697
1777047837.247904,4,-0.063959,0.064134,0.144619
1777047837.247904,9,-0.109304,0.136335,0.055591
1777047837.247904,7,-0.103328,0.087896,0.114852
1777047837.247904,2,-0.056496,0.020505,0.211376
1777047837.247904,10,-0.143268,0.110545,0.082817
1777047837.247904,5,-0.095943,0.040020,0.175905
1777047837.247904,8,-0.136825,0.060329,0.140316
1777047837.247904,11,-0.175981,0.085249,0.112502
1777047837.315165,3,-0.028762,0.096772,0.134447
1777047837.315165,1,-0.023283,0.047911,0.187530
1777047837.315165,6,-0.068673,0.115577,0.093211
1777047837.315165,4,-0.064109,0.063799,0.143361
1777047837.315165,9,-0.109538,0.136551,0.055126
1777047837.315165,7,-0.103672,0.087267,0.112472
1777047837.315165,2,-0.056662,0.021404,0.212129
1777047837.315165,10,-0.143576,0.110543,0.082112
1777047837.315165,5,-0.096498,0.039139,0.174053
1777047837.315165,8,-0.137192,0.060574,0.139595
1777047837.315165,11,-0.176225,0.085196,0.111575
1777047837.382427,3,-0.029239,0.097026,0.132153
1777047837.382427,6,-0.068376,0.117552,0.095824
1777047837.382427,1,-0.024509,0.048153,0.187108
1777047837.382427,4,-0.065637,0.062535,0.138486
1777047837.382427,9,-0.110812,0.136274,0.049075
1777047837.382427,7,-0.104479,0.087915,0.110633
1777047837.382427,2,-0.057301,0.022065,0.211183
1777047837.382427,10,-0.143628,0.111521,0.080716
1777047837.382427,5,-0.097491,0.039498,0.172107
1777047837.382427,8,-0.137588,0.061958,0.139161
1777047837.382427,11,-0.177882,0.085234,0.107103
1777047837.752383,3,-0.031944,0.103128,0.119457
1777047837.752383,1,-0.029979,0.052978,0.173044
1777047837.752383,6,-0.070450,0.124749,0.081390
1777047837.752383,4,-0.068889,0.073461,0.132009
1777047837.752383,9,-0.109669,0.147099,0.043009
1777047837.752383,7,-0.107114,0.097286,0.098818
1777047837.752383,2,-0.064509,0.027824,0.196422
1777047837.752383,10,-0.146473,0.120611,0.064479
1777047837.752383,5,-0.103480,0.047781,0.157908
1777047837.752383,8,-0.143323,0.070341,0.121263
1777047837.752383,11,-0.181141,0.096407,0.093178
1777047837.819650,3,-0.032115,0.103438,0.119243
1777047837.819650,1,-0.029846,0.054104,0.172813
1777047837.819650,6,-0.069635,0.126280,0.084761
1777047837.819650,4,-0.069104,0.072912,0.130028
1777047837.819650,9,-0.109777,0.147188,0.041698
1777047837.819650,7,-0.107279,0.097620,0.098558
1777047837.819650,2,-0.063717,0.030487,0.200178
1777047837.819650,10,-0.144199,0.123159,0.071324
1777047837.819650,5,-0.102694,0.049817,0.161191
1777047837.819650,8,-0.142857,0.071482,0.122917
1777047837.819650,11,-0.181579,0.096224,0.091333
1777047837.886918,3,-0.031518,0.104636,0.122685
1777047837.886918,1,-0.029630,0.054953,0.175631
1777047837.886918,6,-0.070462,0.124632,0.080069
1777047837.886918,4,-0.069421,0.071718,0.127418
1777047837.886918,9,-0.109780,0.147183,0.041695
1777047837.886918,7,-0.107281,0.097615,0.098556
1777047837.886918,2,-0.063718,0.030483,0.200176
1777047837.886918,10,-0.145416,0.122015,0.066878
1777047837.886918,5,-0.102345,0.049958,0.160774
1777047837.886918,8,-0.143310,0.070511,0.120984
1777047837.886918,11,-0.180253,0.097286,0.094207
1777047837.954187,3,-0.031660,0.104774,0.122836
1777047837.954187,6,-0.070000,0.125670,0.083181
1777047837.954187,1,-0.029370,0.055160,0.174304
1777047837.954187,4,-0.069115,0.072005,0.128214
1777047837.954187,9,-0.109782,0.147179,0.041693
1777047837.954187,7,-0.107282,0.097611,0.098554
1777047837.954187,2,-0.064616,0.027703,0.195062
1777047837.954187,5,-0.102552,0.049733,0.160611
1777047837.954187,10,-0.145052,0.121777,0.066784
1777047837.954187,8,-0.142354,0.071589,0.123348
1777047837.954187,11,-0.182071,0.095627,0.090019
1777047838.021457,3,-0.031500,0.104826,0.122896
1777047838.021457,1,-0.029096,0.055519,0.175202
1777047838.021457,6,-0.069799,0.125821,0.083639
1777047838.021457,4,-0.069209,0.071989,0.127993
1777047838.021457,9,-0.109782,0.147179,0.041693
1777047838.021457,7,-0.105612,0.099897,0.104351
1777047838.021457,2,-0.064395,0.027897,0.195284
1777047838.021457,10,-0.145418,0.122011,0.066877
1777047838.021457,5,-0.102538,0.049303,0.159882
1777047838.021457,8,-0.142812,0.071147,0.122002
1777047838.021457,11,-0.180254,0.097281,0.094205
1777047838.055093,3,-0.031763,0.104727,0.122328
1777047838.055093,6,-0.069800,0.125820,0.083639
1777047838.055093,1,-0.029370,0.054561,0.173162
1777047838.055093,9,-0.109493,0.146641,0.042126
1777047838.055093,4,-0.069216,0.072386,0.128114
1777047838.055093,7,-0.107718,0.096891,0.096180
1777047838.055093,2,-0.064257,0.028532,0.196710
1777047838.055093,5,-0.102958,0.048880,0.158603
1777047838.055093,10,-0.144601,0.122519,0.068941
1777047838.055093,8,-0.142813,0.071145,0.122001
1777047838.055093,11,-0.180255,0.097280,0.094205
1777047838.122355,3,-0.031662,0.104771,0.122834
1777047838.122355,1,-0.029555,0.054125,0.172732
1777047838.122355,6,-0.069801,0.125818,0.083637
1777047838.122355,9,-0.109494,0.146639,0.042124
1777047838.122355,4,-0.069245,0.072635,0.129134
1777047838.122355,7,-0.106783,0.098163,0.100028
1777047838.122355,2,-0.062640,0.034385,0.206103
1777047838.122355,10,-0.145420,0.122007,0.066875
1777047838.122355,5,-0.102539,0.049300,0.159881
1777047838.122355,8,-0.141450,0.072982,0.126602
1777047838.122355,11,-0.181585,0.096209,0.091328
1777047838.189501,3,-0.031643,0.103858,0.120274
1777047838.189501,6,-0.069803,0.125817,0.083637
1777047838.189501,1,-0.029372,0.055158,0.174302
1777047838.189501,4,-0.069425,0.071726,0.127000
1777047838.189501,9,-0.109787,0.147174,0.041691
1777047838.189501,7,-0.106784,0.098163,0.100028
1777047838.189501,2,-0.064258,0.028530,0.196709
1777047838.189501,10,-0.144351,0.122838,0.070709
1777047838.189501,5,-0.102997,0.048524,0.158307
1777047838.189501,8,-0.141091,0.073254,0.126668
1777047838.189501,11,-0.179429,0.097761,0.095802
1777047838.256683,3,-0.031503,0.104823,0.122894
1777047838.256683,6,-0.069644,0.126268,0.084754
1777047838.256683,1,-0.029098,0.055516,0.175200
1777047838.256683,4,-0.068986,0.072659,0.129128
1777047838.256683,9,-0.109496,0.146638,0.042124
1777047838.256683,7,-0.107720,0.096888,0.096179
1777047838.256683,2,-0.064258,0.028530,0.196709
1777047838.256683,10,-0.144207,0.123143,0.071318
1777047838.256683,5,-0.102997,0.048524,0.158307
1777047838.256683,8,-0.142357,0.071584,0.123346
1777047838.256683,11,-0.180258,0.097275,0.094204
1777047838.323864,3,-0.031766,0.104725,0.122327
1777047838.323864,6,-0.069804,0.125817,0.083637
1777047838.323864,1,-0.029372,0.054559,0.173161
1777047838.323864,9,-0.108819,0.148486,0.045854
1777047838.323864,4,-0.069219,0.072383,0.128112
1777047838.323864,7,-0.107721,0.096887,0.096178
1777047838.323864,2,-0.064259,0.028529,0.196709
1777047838.323864,10,-0.145870,0.121264,0.064731
1777047838.323864,5,-0.102997,0.048523,0.158306
1777047838.323864,8,-0.143314,0.070501,0.120981
1777047838.323864,11,-0.181454,0.096046,0.090682
1777047838.391046,3,-0.031766,0.104723,0.122326
1777047838.391046,6,-0.069920,0.125780,0.083162
1777047838.391046,1,-0.029099,0.055515,0.175199
1777047838.391046,4,-0.068986,0.072657,0.129127
1777047838.391046,9,-0.109988,0.146642,0.039872
1777047838.391046,7,-0.106370,0.099329,0.102132
1777047838.391046,2,-0.062993,0.030651,0.199914
1777047838.391046,10,-0.145459,0.121524,0.065511
1777047838.391046,5,-0.103131,0.047794,0.156997
1777047838.391046,8,-0.142815,0.071139,0.121999
1777047838.391046,11,-0.181453,0.096044,0.090680
1777047838.458227,3,-0.032100,0.103557,0.119142
1777047838.458227,1,-0.029099,0.055515,0.175199
1777047838.458227,6,-0.069803,0.125815,0.083636
1777047838.458227,9,-0.108500,0.148358,0.046797
1777047838.458227,4,-0.069036,0.072785,0.129447
1777047838.458227,7,-0.107377,0.097634,0.098342
1777047838.458227,2,-0.064258,0.028528,0.196708
1777047838.458227,10,-0.145567,0.121694,0.066258
1777047838.458227,5,-0.102954,0.048427,0.157840
1777047838.458227,8,-0.142225,0.072169,0.124345
1777047838.458227,11,-0.180258,0.097272,0.094202
1777047838.525409,3,-0.031767,0.104723,0.122326
1777047838.525409,1,-0.029100,0.055514,0.175199
1777047838.525409,6,-0.069805,0.125814,0.083636
1777047838.525409,4,-0.069427,0.071709,0.127414
1777047838.525409,9,-0.110621,0.146330,0.037410
1777047838.525409,7,-0.106506,0.098470,0.100468
1777047838.525409,2,-0.064259,0.028528,0.196708
1777047838.525409,10,-0.145424,0.122002,0.066874
1777047838.525409,5,-0.102955,0.048427,0.157840
1777047838.525409,8,-0.141693,0.072612,0.125450
1777047838.525409,11,-0.181455,0.096043,0.090681
1777047838.592589,3,-0.031768,0.104679,0.122312
1777047838.592589,1,-0.029100,0.055474,0.175189
1777047838.592589,6,-0.069805,0.125768,0.083621
1777047838.592589,4,-0.069214,0.071939,0.127979
1777047838.592589,9,-0.109298,0.147498,0.043242
1777047838.592589,7,-0.107723,0.096838,0.096165
1777047838.592589,2,-0.064259,0.028489,0.196700
1777047838.592589,10,-0.145425,0.121953,0.066859
1777047838.592589,5,-0.103132,0.047751,0.156988
1777047838.592589,8,-0.142359,0.071536,0.123334
1777047838.592589,11,-0.179790,0.097823,0.095458
1777047838.626180,3,-0.031795,0.102027,0.121558
1777047838.626180,1,-0.029322,0.052490,0.174043
1777047838.626180,6,-0.070217,0.122219,0.079696
1777047838.626180,4,-0.069146,0.069320,0.127544
1777047838.626180,9,-0.109321,0.144595,0.042347
1777047838.626180,7,-0.107178,0.094602,0.097030
1777047838.626180,2,-0.064289,0.026068,0.196180
1777047838.626180,10,-0.146142,0.118306,0.063170
1777047838.626180,5,-0.102989,0.046290,0.158005
1777047838.626180,8,-0.142384,0.068882,0.122673
1777047838.626180,11,-0.181479,0.093237,0.089927
1777047838.693360,3,-0.031753,0.101167,0.119904
1777047838.693360,1,-0.029104,0.053147,0.174527
1777047838.693360,6,-0.069644,0.123106,0.083588
1777047838.693360,9,-0.109812,0.144212,0.040780
1777047838.693360,4,-0.069128,0.069800,0.127869
1777047838.693360,7,-0.106564,0.095873,0.099815
1777047838.693360,2,-0.063823,0.027195,0.197798
1777047838.693360,5,-0.103026,0.045936,0.157711
1777047838.693360,10,-0.145324,0.118822,0.065234
1777047838.693360,8,-0.142384,0.068882,0.122673
1777047838.693360,11,-0.181479,0.093237,0.089927
1777047838.760541,3,-0.030546,0.095876,0.118459
1777047838.760541,6,-0.069188,0.115813,0.077042
1777047838.760541,1,-0.028251,0.046582,0.171348
1777047838.760541,4,-0.067944,0.064002,0.126007
1777047838.760541,9,-0.109080,0.137183,0.034565
1777047838.760541,7,-0.106352,0.088207,0.093732
1777047838.760541,2,-0.063228,0.021042,0.195630
1777047838.760541,10,-0.144651,0.112217,0.061216
1777047838.760541,5,-0.101776,0.040697,0.156551
1777047838.760541,8,-0.141516,0.062624,0.119621
1777047838.760541,11,-0.178881,0.088493,0.091475
1777047838.861311,3,-0.028645,0.089343,0.117066
1777047838.861311,6,-0.066245,0.110700,0.079584
1777047838.861311,1,-0.026475,0.040557,0.170277
1777047838.861311,4,-0.066132,0.057081,0.123958
1777047838.861311,9,-0.105881,0.131470,0.037018
1777047838.861311,7,-0.104049,0.082503,0.093639
1777047838.861311,2,-0.061512,0.014681,0.193771
1777047838.861311,10,-0.141685,0.106471,0.062131
1777047838.861311,5,-0.099886,0.034032,0.154312
1777047838.861311,8,-0.139020,0.056683,0.119182
1777047838.861311,11,-0.176712,0.081935,0.089391
1777047838.894901,3,-0.028194,0.090085,0.118934
1777047838.894901,6,-0.066245,0.110700,0.079584
1777047838.894901,1,-0.026475,0.040557,0.170277
1777047838.894901,9,-0.105593,0.130940,0.037460
1777047838.894901,4,-0.066129,0.057091,0.123542
1777047838.894901,7,-0.102910,0.084307,0.098015
1777047838.894901,2,-0.061512,0.014681,0.193771
1777047838.894901,10,-0.142109,0.105705,0.059992
1777047838.894901,5,-0.099419,0.035850,0.157617
1777047838.894901,8,-0.138899,0.057282,0.120176
1777047838.894901,11,-0.176712,0.081935,0.089391
1777047838.962081,3,-0.026932,0.083800,0.117600
1777047838.962081,1,-0.024827,0.035331,0.171178
1777047838.962081,6,-0.064489,0.104187,0.078072
1777047838.962081,4,-0.064357,0.051122,0.123369
1777047838.962081,9,-0.103945,0.124785,0.035256
1777047838.962081,7,-0.101349,0.077082,0.094838
1777047838.962081,2,-0.060181,0.008481,0.192538
1777047838.962081,10,-0.139051,0.100488,0.062444
1777047838.962081,5,-0.098550,0.027024,0.152002
1777047838.962081,8,-0.137380,0.050170,0.117456
1777047838.962081,11,-0.175657,0.074586,0.085137
1777047838.995671,3,-0.025501,0.077289,0.114984
1777047838.995671,1,-0.023581,0.029685,0.169987
1777047838.995671,6,-0.062884,0.098372,0.076605
1777047838.995671,4,-0.062586,0.045939,0.123161
1777047838.995671,9,-0.101094,0.120186,0.038323
1777047838.995671,7,-0.099662,0.071974,0.094804
1777047838.995671,2,-0.059008,0.002840,0.191232
1777047838.995671,10,-0.138551,0.093127,0.056328
1777047838.995671,5,-0.097054,0.021941,0.151336
1777047838.995671,8,-0.135908,0.044359,0.115749
1777047838.995671,11,-0.174496,0.068114,0.081977
1777047839.062850,3,-0.025610,0.076728,0.112747
1777047839.062850,1,-0.023581,0.029685,0.169987
1777047839.062850,6,-0.062884,0.098372,0.076605
1777047839.062850,9,-0.101190,0.120221,0.038030
1777047839.062850,4,-0.063061,0.044946,0.120787
1777047839.062850,7,-0.099797,0.071264,0.093250
1777047839.062850,2,-0.059008,0.002840,0.191232
1777047839.062850,10,-0.138784,0.093048,0.055594
1777047839.062850,5,-0.097077,0.022400,0.152090
1777047839.062850,8,-0.135778,0.044735,0.115753
1777047839.062850,11,-0.174496,0.068114,0.081977
1777047839.096442,3,-0.023747,0.072104,0.112899
1777047839.096442,1,-0.022038,0.025775,0.170515
1777047839.096442,6,-0.060865,0.093083,0.074697
1777047839.096442,9,-0.098820,0.114550,0.035114
1777047839.096442,4,-0.061083,0.040026,0.119396
1777047839.096442,7,-0.098364,0.065265,0.088840
1777047839.096442,2,-0.057630,-0.003390,0.187721
1777047839.096442,10,-0.136654,0.087434,0.053023
1777047839.096442,5,-0.095482,0.016941,0.149718
1777047839.096442,8,-0.133424,0.039699,0.114558
1777047839.096442,11,-0.169891,0.065325,0.085986
1777047839.163644,3,-0.020209,0.068360,0.110160
1777047839.163644,6,-0.057909,0.087750,0.067159
1777047839.163644,1,-0.019155,0.018731,0.161060
1777047839.163644,4,-0.057430,0.036388,0.116348
1777047839.163644,9,-0.097030,0.108405,0.023408
1777047839.163644,7,-0.094974,0.060975,0.084664
1777047839.163644,2,-0.053790,-0.005117,0.187316
1777047839.163644,10,-0.133681,0.082873,0.047147
1777047839.163644,5,-0.092519,0.011541,0.143524
1777047839.163644,8,-0.131332,0.033788,0.105952
1777047839.163644,11,-0.169824,0.057262,0.071569
1777047839.197246,3,-0.019549,0.067348,0.103227
1777047839.197246,1,-0.018378,0.018867,0.159072
1777047839.197246,6,-0.057167,0.088426,0.062891
1777047839.197246,4,-0.056421,0.036880,0.113728
1777047839.197246,9,-0.096104,0.109495,0.020853
1777047839.197246,7,-0.094001,0.061845,0.081099
1777047839.197246,2,-0.053397,-0.006850,0.180937
1777047839.197246,10,-0.130910,0.085850,0.051422
1777047839.197246,5,-0.090046,0.016098,0.148248
1777047839.197246,8,-0.130968,0.034211,0.102446
1777047839.197246,11,-0.166064,0.062079,0.078093
1777047839.264451,3,-0.016755,0.067442,0.099978
1777047839.264451,1,-0.015147,0.022058,0.161056
1777047839.264451,6,-0.054695,0.087228,0.055551
1777047839.264451,4,-0.053932,0.036613,0.108369
1777047839.264451,9,-0.092086,0.110162,0.020950
1777047839.264451,7,-0.091504,0.061256,0.076291
1777047839.264451,10,-0.128113,0.086054,0.046814
1777047839.264451,2,-0.051064,-0.006937,0.176939
1777047839.264451,5,-0.087918,0.014859,0.141001
1777047839.264451,8,-0.124876,0.039220,0.108894
1777047839.264451,11,-0.165802,0.059182,0.066701
1777047839.331656,3,-0.015217,0.068680,0.095540
1777047839.331656,6,-0.052728,0.088625,0.052697
1777047839.331656,1,-0.013397,0.023335,0.156785
1777047839.331656,9,-0.089577,0.113597,0.021250
1777047839.331656,4,-0.052134,0.037992,0.104458
1777047839.331656,7,-0.090020,0.061739,0.069485
1777047839.331656,2,-0.049244,-0.006905,0.171652
1777047839.331656,10,-0.128374,0.084854,0.035026
1777047839.331656,5,-0.086967,0.014999,0.134189
1777047839.331656,8,-0.126414,0.035945,0.093849
1777047839.331656,11,-0.164895,0.059663,0.059541
1777047839.365258,6,-0.051073,0.090921,0.055191
1777047839.365258,1,-0.012589,0.022367,0.151931
1777047839.365258,9,-0.087102,0.116095,0.027410
1777047839.365258,4,-0.051010,0.038351,0.101866
1777047839.365258,7,-0.087732,0.064056,0.072706
1777047839.365258,2,-0.048613,-0.007808,0.166835
1777047839.365258,5,-0.085315,0.015327,0.132029
1777047839.365258,10,-0.125382,0.087619,0.039405
1777047839.365258,8,-0.123187,0.038645,0.097636
1777047839.365258,11,-0.162624,0.061898,0.060745
1777047839.734888,6,-0.043505,0.113631,0.054297
1777047839.734888,1,-0.005670,0.041475,0.141525
1777047839.734888,9,-0.071375,0.148627,0.068116
1777047839.734888,4,-0.044014,0.059081,0.092850
1777047839.734888,7,-0.080965,0.085253,0.064416
1777047839.734888,2,-0.041120,0.011802,0.155137
1777047839.734888,10,-0.117953,0.109892,0.034135
1777047839.734888,5,-0.080339,0.031818,0.113135
1777047839.734888,8,-0.119392,0.055537,0.076619
1777047839.734888,11,-0.159327,0.078975,0.039998
1777047839.768491,1,-0.004925,0.043803,0.144513
1777047839.768491,6,-0.042441,0.114394,0.055409
1777047839.768491,9,-0.069995,0.150210,0.071848
1777047839.768491,4,-0.043418,0.059312,0.090590
1777047839.768491,7,-0.080720,0.084770,0.061453
1777047839.768491,2,-0.040249,0.013795,0.156839
1777047839.768491,10,-0.118367,0.109086,0.027675
1777047839.768491,5,-0.079092,0.033296,0.114427
1777047839.768491,8,-0.117740,0.057486,0.079848
1777047839.768491,11,-0.156732,0.082006,0.046128
1777047839.869299,1,-0.003960,0.046463,0.139796
1777047839.869299,9,-0.065614,0.158293,0.090243
1777047839.869299,4,-0.042026,0.064270,0.091543
1777047839.869299,7,-0.079594,0.089637,0.061744
1777047839.869299,2,-0.039262,0.017129,0.154202
1777047839.869299,10,-0.115378,0.114464,0.034154
1777047839.869299,5,-0.077502,0.038001,0.114241
1777047839.869299,8,-0.116906,0.060876,0.076944
1777047839.869299,11,-0.155663,0.085628,0.043692
1777047839.936505,1,-0.003158,0.049671,0.142720
1777047839.936505,9,-0.066265,0.159436,0.084902
1777047839.936505,4,-0.041223,0.067092,0.093739
1777047839.936505,7,-0.078374,0.092558,0.064723
1777047839.936505,2,-0.038574,0.019723,0.154976
1777047839.936505,10,-0.115285,0.117326,0.034169
1777047839.936505,5,-0.076729,0.040397,0.115209
1777047839.936505,8,-0.115676,0.064213,0.080117
1777047839.936505,11,-0.153100,0.089796,0.050237
1777047840.003711,1,-0.003040,0.049512,0.138226
1777047840.003711,9,-0.064710,0.162052,0.090327
1777047840.003711,4,-0.040806,0.069367,0.095404
1777047840.003711,7,-0.078637,0.093254,0.061430
1777047840.003711,2,-0.037962,0.021870,0.155778
1777047840.003711,5,-0.076110,0.043161,0.117139
1777047840.003711,10,-0.114275,0.118477,0.035526
1777047840.003711,8,-0.115897,0.065302,0.078061
1777047840.003711,11,-0.154689,0.089544,0.045094
1777047840.037314,1,-0.002581,0.051771,0.142108
1777047840.037314,9,-0.064362,0.162881,0.090072
1777047840.037314,4,-0.040335,0.069691,0.094607
1777047840.037314,7,-0.077905,0.094775,0.063264
1777047840.037314,2,-0.037982,0.020333,0.151272
1777047840.037314,10,-0.113744,0.120319,0.035639
1777047840.037314,5,-0.075991,0.043048,0.115431
1777047840.037314,8,-0.115953,0.064880,0.074940
1777047840.037314,11,-0.152250,0.092129,0.050389
1777047840.104520,1,-0.002363,0.052273,0.140349
1777047840.104520,9,-0.063739,0.164414,0.093321
1777047840.104520,4,-0.039780,0.071976,0.097053
1777047840.104520,7,-0.077829,0.095805,0.062459
1777047840.104520,2,-0.037880,0.022165,0.152602
1777047840.104520,10,-0.113118,0.122369,0.039211
1777047840.104520,5,-0.075700,0.044510,0.115359
1777047840.104520,8,-0.116111,0.066157,0.074396
1777047840.104520,11,-0.152891,0.092692,0.048884
1777047840.171709,1,-0.002454,0.053031,0.141318
1777047840.171709,9,-0.064855,0.164037,0.087447
1777047840.171709,4,-0.040507,0.070613,0.092851
1777047840.171709,7,-0.077650,0.096109,0.064144
1777047840.171709,2,-0.038000,0.022704,0.153376
1777047840.171709,10,-0.113009,0.121252,0.037400
1777047840.171709,5,-0.075678,0.044506,0.115353
1777047840.171709,8,-0.114768,0.067828,0.079711
1777047840.171709,11,-0.153081,0.092633,0.048205
1777047840.238904,1,-0.002402,0.053305,0.141916
1777047840.238904,9,-0.075385,0.153285,0.016092
1777047840.238904,4,-0.040069,0.071594,0.094924
1777047840.238904,7,-0.077594,0.096063,0.062894
1777047840.238904,2,-0.037670,0.023102,0.153386
1777047840.238904,10,-0.112852,0.121627,0.038059
1777047840.238904,5,-0.075839,0.044868,0.115688
1777047840.238904,8,-0.115550,0.066648,0.075793
1777047840.238904,11,-0.153050,0.093050,0.048396
1777047840.272501,1,-0.002402,0.053305,0.141916
1777047840.272501,9,-0.064815,0.163877,0.085759
1777047840.272501,4,-0.040438,0.070576,0.092115
1777047840.272501,7,-0.077782,0.096191,0.063504
1777047840.272501,2,-0.037959,0.022700,0.153371
1777047840.272501,5,-0.075685,0.045591,0.117852
1777047840.272501,10,-0.113425,0.122146,0.036951
1777047840.272501,8,-0.114705,0.067819,0.079692
1777047840.272501,11,-0.153882,0.092418,0.046123
1777047840.339695,1,-0.002489,0.052598,0.139973
1777047840.339695,9,-0.064801,0.163874,0.085755
1777047840.339695,4,-0.040363,0.070566,0.092367
1777047840.339695,7,-0.077662,0.096505,0.064228
1777047840.339695,2,-0.037946,0.022698,0.153368
1777047840.339695,10,-0.112731,0.121859,0.038611
1777047840.339695,5,-0.075685,0.045591,0.117852
1777047840.339695,8,-0.114868,0.067925,0.079170
1777047840.339695,11,-0.153882,0.092418,0.046123
1777047840.406890,1,-0.002177,0.054041,0.140255
1777047840.406890,9,-0.063281,0.166749,0.090655
1777047840.406890,4,-0.039567,0.073839,0.096965
1777047840.406890,7,-0.077344,0.097778,0.063317
1777047840.406890,2,-0.037645,0.024124,0.153582
1777047840.406890,10,-0.112674,0.123068,0.037488
1777047840.406890,5,-0.075500,0.046362,0.115917
1777047840.406890,8,-0.114637,0.069337,0.079071
1777047840.406890,11,-0.152668,0.094668,0.048664
1777047840.440488,1,-0.001669,0.057451,0.140291
1777047840.440488,9,-0.079736,0.154096,-0.016041
1777047840.440488,4,-0.039382,0.076572,0.095308
1777047840.440488,7,-0.076789,0.101318,0.063380
1777047840.440488,2,-0.036888,0.029369,0.156613
1777047840.440488,10,-0.111685,0.128195,0.041569
1777047840.440488,5,-0.074869,0.050603,0.118132
1777047840.440488,8,-0.113841,0.072968,0.080004
1777047840.440488,11,-0.152657,0.097812,0.047426
1777047840.507682,1,-0.001730,0.057756,0.141375
1777047840.507682,9,-0.063815,0.168621,0.085782
1777047840.507682,4,-0.039039,0.077315,0.097013
1777047840.507682,7,-0.076789,0.101318,0.063380
1777047840.507682,2,-0.037177,0.027581,0.153616
1777047840.507682,10,-0.112489,0.127489,0.037386
1777047840.507682,5,-0.075362,0.049616,0.115042
1777047840.507682,8,-0.113656,0.073766,0.081617
1777047840.507682,11,-0.152174,0.098139,0.048468
1777047840.574877,1,-0.001246,0.060656,0.140332
1777047840.574877,9,-0.082512,0.154502,-0.037005
1777047840.574877,4,-0.038893,0.079624,0.094725
1777047840.574877,7,-0.076438,0.104598,0.062992
1777047840.574877,2,-0.037027,0.030189,0.152136
1777047840.574877,10,-0.112004,0.130834,0.037456
1777047840.574877,5,-0.074657,0.053332,0.116056
1777047840.574877,8,-0.113689,0.076414,0.079231
1777047840.574877,11,-0.152518,0.101091,0.046549
1777047840.608474,1,-0.001274,0.062690,0.140583
1777047840.608474,9,-0.063028,0.174630,0.088409
1777047840.608474,4,-0.038992,0.081925,0.095653
1777047840.608474,7,-0.076447,0.107065,0.064580
1777047840.608474,2,-0.037067,0.032234,0.152382
1777047840.608474,10,-0.111796,0.133543,0.039828
1777047840.608474,5,-0.074706,0.055435,0.116350
1777047840.608474,8,-0.113842,0.079033,0.080683
1777047840.608474,11,-0.151731,0.103928,0.049208
1777047840.675668,1,-0.001274,0.062690,0.140583
1777047840.675668,9,-0.063712,0.174012,0.084862
1777047840.675668,4,-0.038940,0.081725,0.095020
1777047840.675668,7,-0.076382,0.106773,0.063783
1777047840.675668,2,-0.036800,0.033862,0.155077
1777047840.675668,10,-0.112057,0.133036,0.037848
1777047840.675668,5,-0.075509,0.053634,0.112451
1777047840.675668,8,-0.114207,0.078327,0.078490
1777047840.675668,11,-0.151946,0.103877,0.048541
1777047840.742862,1,-0.001373,0.065397,0.140782
1777047840.742862,9,-0.063730,0.177125,0.087381
1777047840.742862,4,-0.039072,0.084514,0.095280
1777047840.742862,7,-0.076525,0.109630,0.064111
1777047840.742862,2,-0.036912,0.036591,0.155289
1777047840.742862,5,-0.074706,0.058928,0.118729
1777047840.742862,10,-0.113205,0.134383,0.034382
1777047840.742862,8,-0.114362,0.081209,0.078835
1777047840.742862,11,-0.152109,0.106827,0.048953
1777047840.810057,1,-0.001821,0.067975,0.142845
1777047840.810057,9,-0.079006,0.165505,-0.007560
1777047840.810057,4,-0.039558,0.086502,0.095935
1777047840.810057,7,-0.077161,0.111471,0.064759
1777047840.810057,2,-0.037144,0.038170,0.155131
1777047840.810057,10,-0.111948,0.137422,0.040598
1777047840.810057,5,-0.075613,0.059517,0.115909
1777047840.810057,8,-0.114176,0.083822,0.081548
1777047840.810057,11,-0.152666,0.108919,0.050540
1777047840.843654,1,-0.002587,0.067335,0.142266
1777047840.843654,9,-0.063990,0.179246,0.090153
1777047840.843654,4,-0.040677,0.085818,0.095085
1777047840.843654,7,-0.076915,0.112903,0.071037
1777047840.843654,2,-0.038206,0.037501,0.154946
1777047840.843654,10,-0.113511,0.136818,0.038832
1777047840.843654,5,-0.075525,0.061501,0.121353
1777047840.843654,8,-0.116567,0.083577,0.076546
1777047840.843654,11,-0.153198,0.111070,0.051830
1777047840.910848,1,-0.004810,0.066908,0.141822
1777047840.910848,9,-0.063828,0.181650,0.103935
1777047840.910848,4,-0.042735,0.086334,0.096826
1777047840.910848,7,-0.080297,0.111485,0.065764
1777047840.910848,2,-0.040555,0.036882,0.154944
1777047840.910848,10,-0.115968,0.138010,0.040761
1777047840.910848,5,-0.079024,0.059345,0.116822
1777047840.910848,8,-0.117069,0.084431,0.085077
1777047840.910848,11,-0.155450,0.109131,0.053419
1777047840.978042,6,-0.042657,0.141731,0.065918
1777047840.978042,1,-0.006381,0.067360,0.144885
1777047840.978042,9,-0.066948,0.179863,0.098807
1777047840.978042,4,-0.044636,0.086381,0.099433
1777047840.978042,7,-0.082174,0.111079,0.067853
1777047840.978042,2,-0.042326,0.036772,0.156769
1777047840.978042,10,-0.117923,0.136989,0.042532
1777047840.978042,5,-0.081177,0.057975,0.116617
1777047840.978042,8,-0.120623,0.081591,0.079872
1777047840.978042,11,-0.157477,0.108872,0.054415
1777047841.011640,6,-0.043650,0.141370,0.065426
1777047841.011640,1,-0.006857,0.066676,0.144077
1777047841.011640,9,-0.068237,0.178740,0.094764
1777047841.011640,4,-0.045449,0.085212,0.096922
1777047841.011640,7,-0.082250,0.111551,0.070283
1777047841.011640,2,-0.042559,0.036760,0.157527
1777047841.011640,5,-0.080009,0.061315,0.124878
1777047841.011640,10,-0.119292,0.136038,0.038006
1777047841.011640,8,-0.120781,0.082057,0.081298
1777047841.011640,11,-0.156710,0.109439,0.058153
1777047841.045237,6,-0.044325,0.139961,0.064275
1777047841.045237,1,-0.007608,0.064845,0.142190
1777047841.045237,9,-0.067506,0.178715,0.100283
1777047841.045237,4,-0.045545,0.085069,0.099609
1777047841.045237,7,-0.082843,0.110399,0.070347
1777047841.045237,2,-0.043539,0.034575,0.155735
1777047841.045237,10,-0.119089,0.135821,0.041969
1777047841.045237,5,-0.081193,0.058700,0.121566
1777047841.045237,8,-0.121464,0.081239,0.082375
1777047841.045237,11,-0.159173,0.106845,0.053685
1777047841.414758,6,-0.050203,0.131276,0.062967
1777047841.414758,1,-0.012146,0.059731,0.149353
1777047841.414758,9,-0.080863,0.162821,0.058841
1777047841.414758,4,-0.050747,0.078016,0.102931
1777047841.414758,7,-0.088980,0.102071,0.069087
1777047841.414758,2,-0.047676,0.030136,0.164219
1777047841.414758,10,-0.124287,0.127722,0.045332
1777047841.414758,5,-0.086358,0.051815,0.126317
1777047841.414758,8,-0.125006,0.075917,0.092642
1777047841.414758,11,-0.163889,0.100039,0.058796
1777047841.481941,6,-0.051120,0.129314,0.059691
1777047841.481941,1,-0.012632,0.057642,0.148370
1777047841.481941,9,-0.081675,0.161202,0.057724
1777047841.481941,4,-0.051369,0.075880,0.100684
1777047841.481941,7,-0.088447,0.102247,0.074789
1777047841.481941,2,-0.048332,0.028288,0.163714
1777047841.481941,10,-0.125453,0.127006,0.044774
1777047841.481941,5,-0.086728,0.050416,0.126359
1777047841.481941,8,-0.124799,0.075406,0.094613
1777047841.481941,11,-0.163295,0.099745,0.062022
1777047841.549124,6,-0.050870,0.129810,0.066017
1777047841.549124,1,-0.013160,0.057303,0.149183
1777047841.549124,9,-0.083641,0.158932,0.050170
1777047841.549124,4,-0.051710,0.076157,0.103655
1777047841.549124,7,-0.088699,0.101892,0.075627
1777047841.549124,2,-0.048226,0.028697,0.165756
1777047841.549124,10,-0.125084,0.126764,0.047240
1777047841.549124,5,-0.087951,0.048102,0.123323
1777047841.549124,8,-0.125847,0.074042,0.093093
1777047841.549124,11,-0.164333,0.098638,0.061039
1777047841.649898,1,-0.013648,0.057337,0.149471
1777047841.649898,6,-0.051938,0.128944,0.062575
1777047841.649898,9,-0.083022,0.160116,0.055918
1777047841.649898,4,-0.051694,0.076571,0.105937
1777047841.649898,7,-0.090092,0.100618,0.072053
1777047841.649898,2,-0.049157,0.027905,0.164675
1777047841.649898,10,-0.126862,0.125494,0.043065
1777047841.649898,5,-0.088401,0.048614,0.124357
1777047841.649898,8,-0.126375,0.073944,0.093348
1777047841.649898,11,-0.165139,0.098581,0.060645
1777047841.683489,1,-0.013535,0.058593,0.151848
1777047841.683489,6,-0.051931,0.128976,0.062583
1777047841.683489,9,-0.083284,0.159756,0.054364
1777047841.683489,4,-0.052199,0.076267,0.104096
1777047841.683489,7,-0.089066,0.101975,0.076476
1777047841.683489,2,-0.049152,0.027930,0.164677
1777047841.683489,10,-0.126987,0.125676,0.042732
1777047841.683489,5,-0.088395,0.048642,0.124360
1777047841.683489,8,-0.125656,0.074729,0.095333
1777047841.683489,11,-0.165132,0.098613,0.060650
1777047841.784263,1,-0.013483,0.058127,0.150801
1777047841.784263,6,-0.052309,0.127993,0.057657
1777047841.784263,9,-0.083335,0.159410,0.053837
1777047841.784263,4,-0.052382,0.075554,0.101766
1777047841.784263,7,-0.089421,0.101558,0.074202
1777047841.784263,2,-0.049675,0.026568,0.161899
1777047841.784263,10,-0.126874,0.125933,0.043325
1777047841.784263,5,-0.087911,0.049402,0.125972
1777047841.784263,8,-0.127650,0.072637,0.088582
1777047841.784263,11,-0.165028,0.098441,0.059929
1777047841.851445,6,-0.051872,0.128923,0.060631
1777047841.851445,1,-0.013548,0.057260,0.147959
1777047841.851445,9,-0.083543,0.159967,0.052659
1777047841.851445,4,-0.052150,0.075399,0.101238
1777047841.851445,7,-0.089989,0.100650,0.070682
1777047841.851445,2,-0.049390,0.027944,0.164653
1777047841.851445,10,-0.127336,0.125552,0.039931
1777047841.851445,5,-0.087676,0.050501,0.127427
1777047841.851445,8,-0.127542,0.072382,0.087751
1777047841.851445,11,-0.165912,0.097996,0.057499
1777047841.952218,1,-0.013338,0.057669,0.148784
1777047841.952218,6,-0.051864,0.129096,0.060977
1777047841.952218,9,-0.084413,0.158750,0.046939
1777047841.952218,4,-0.051923,0.076183,0.103001
1777047841.952218,7,-0.089683,0.100905,0.071519
1777047841.952218,2,-0.049117,0.028103,0.164043
1777047841.952218,10,-0.127105,0.125455,0.040570
1777047841.952218,5,-0.087550,0.050137,0.126502
1777047841.952218,8,-0.126110,0.074215,0.092277
1777047841.952218,11,-0.164885,0.098884,0.059562
1777047841.985809,6,-0.051861,0.129094,0.060972
1777047841.985809,1,-0.013538,0.057238,0.147943
1777047841.985809,9,-0.084137,0.159132,0.048505
1777047841.985809,4,-0.051918,0.076170,0.102993
1777047841.985809,7,-0.089677,0.100892,0.071510
1777047841.985809,2,-0.048805,0.028749,0.164830
1777047841.985809,10,-0.127184,0.125631,0.040469
1777047841.985809,5,-0.088112,0.048849,0.123300
1777047841.985809,8,-0.126105,0.074202,0.092268
1777047841.985809,11,-0.164880,0.098871,0.059552
1777047842.086582,6,-0.051855,0.129083,0.060964
1777047842.086582,1,-0.013534,0.057229,0.147937
1777047842.086582,9,-0.083013,0.160007,0.054584
1777047842.086582,4,-0.051676,0.076628,0.104175
1777047842.086582,7,-0.089972,0.100614,0.070654
1777047842.086582,2,-0.048646,0.029836,0.167233
1777047842.086582,5,-0.087169,0.051240,0.129043
1777047842.086582,10,-0.127174,0.125665,0.040494
1777047842.086582,8,-0.127526,0.072347,0.087725
1777047842.086582,11,-0.165018,0.098606,0.059047
1777047842.187342,6,-0.051855,0.129083,0.060964
1777047842.187342,1,-0.013609,0.056775,0.147308
1777047842.187342,9,-0.083013,0.160007,0.054584
1777047842.187342,4,-0.052216,0.075328,0.100860
1777047842.187342,7,-0.089972,0.100614,0.070654
1777047842.187342,2,-0.049377,0.027914,0.164632
1777047842.187342,10,-0.127094,0.125430,0.040550
1777047842.187342,5,-0.087727,0.049738,0.126103
1777047842.187342,8,-0.126233,0.074163,0.091803
1777047842.187342,11,-0.165018,0.098606,0.059047
1777047842.288107,6,-0.051850,0.129070,0.060954
1777047842.288107,1,-0.013529,0.057218,0.147929
1777047842.288107,9,-0.083818,0.159197,0.050745
1777047842.288107,4,-0.051908,0.076149,0.102977
1777047842.288107,7,-0.089966,0.100601,0.070645
1777047842.288107,2,-0.049104,0.028073,0.164022
1777047842.288107,10,-0.127312,0.125500,0.039891
1777047842.288107,5,-0.087164,0.051229,0.129035
1777047842.288107,8,-0.126095,0.074180,0.092251
1777047842.288107,11,-0.166819,0.097018,0.054220
1777047842.355283,6,-0.051840,0.129054,0.060941
1777047842.355283,1,-0.013521,0.057204,0.147920
1777047842.355283,9,-0.083864,0.159127,0.050325
1777047842.355283,4,-0.051899,0.076133,0.102966
1777047842.355283,7,-0.089657,0.100853,0.071480
1777047842.355283,2,-0.049364,0.027891,0.164616
1777047842.355283,5,-0.087155,0.051214,0.129025
1777047842.355283,10,-0.126756,0.125969,0.042515
1777047842.355283,8,-0.127512,0.072319,0.087704
1777047842.355283,11,-0.164339,0.099562,0.061206
1777047842.422458,6,-0.051862,0.129181,0.061030
1777047842.422458,1,-0.013582,0.057708,0.148432
1777047842.422458,9,-0.084156,0.159059,0.048244
1777047842.422458,4,-0.052120,0.075338,0.101195
1777047842.422458,7,-0.089648,0.100834,0.071466
1777047842.422458,2,-0.049088,0.028045,0.164002
1777047842.422458,5,-0.087640,0.050427,0.127372
1777047842.422458,10,-0.127148,0.125614,0.040455
1777047842.422458,8,-0.127502,0.072301,0.087690
1777047842.422458,11,-0.164676,0.098986,0.060026
1777047842.456046,1,-0.013499,0.058428,0.150664
1777047842.456046,6,-0.051578,0.129448,0.062186
1777047842.456046,9,-0.083410,0.159565,0.052126
1777047842.456046,4,-0.051890,0.076116,0.102954
1777047842.456046,7,-0.089529,0.101155,0.072124
1777047842.456046,2,-0.049207,0.028369,0.165195
1777047842.456046,5,-0.087519,0.050074,0.126456
1777047842.456046,10,-0.126510,0.126072,0.042364
1777047842.456046,8,-0.127502,0.072301,0.087690
1777047842.456046,11,-0.164515,0.099254,0.060571
1777047842.489633,6,-0.051821,0.128822,0.060554
1777047842.489633,1,-0.013300,0.057595,0.148732
1777047842.489633,9,-0.085022,0.158167,0.044064
1777047842.489633,4,-0.052103,0.075306,0.101172
1777047842.489633,7,-0.090047,0.100580,0.070246
1777047842.489633,2,-0.049349,0.027863,0.164596
1777047842.489633,5,-0.087782,0.049170,0.124502
1777047842.489633,10,-0.126637,0.126178,0.043026
1777047842.489633,8,-0.127494,0.072286,0.087679
1777047842.489633,11,-0.163995,0.099272,0.061412
1777047842.523221,1,-0.013399,0.058707,0.150734
1777047842.523221,6,-0.051816,0.129007,0.060906
1777047842.523221,9,-0.083240,0.159837,0.053110
1777047842.523221,4,-0.052324,0.075408,0.101148
1777047842.523221,7,-0.089694,0.101286,0.072339
1777047842.523221,2,-0.049077,0.028022,0.163986
1777047842.523221,10,-0.126954,0.125595,0.041027
1777047842.523221,5,-0.087506,0.050049,0.126438
1777047842.523221,8,-0.127488,0.072274,0.087670
1777047842.523221,11,-0.166619,0.097227,0.054729
1777047842.590396,1,-0.013643,0.057738,0.148931
1777047842.590396,6,-0.051805,0.129185,0.061270
1777047842.590396,9,-0.084355,0.158635,0.046844
1777047842.590396,4,-0.051972,0.076294,0.103286
1777047842.590396,7,-0.089615,0.101146,0.071738
1777047842.590396,2,-0.049072,0.028013,0.163980
1777047842.590396,10,-0.124364,0.126934,0.050416
1777047842.590396,5,-0.087621,0.050392,0.127347
1777047842.590396,8,-0.127482,0.072263,0.087662
1777047842.590396,11,-0.166613,0.097215,0.054719
1777047842.623983,1,-0.013564,0.057954,0.148828
1777047842.623983,6,-0.051553,0.129401,0.062151
1777047842.623983,9,-0.084081,0.159023,0.048415
1777047842.623983,4,-0.051867,0.076072,0.102923
1777047842.623983,7,-0.089623,0.100788,0.071431
1777047842.623983,2,-0.049068,0.028007,0.163976
1777047842.623983,10,-0.126720,0.125901,0.042461
1777047842.623983,5,-0.087497,0.050033,0.126426
1777047842.623983,8,-0.126183,0.074225,0.091872
1777047842.623983,11,-0.164968,0.098510,0.058971
1777047842.657571,1,-0.013287,0.057569,0.148714
1777047842.657571,6,-0.051802,0.129177,0.061265
1777047842.657571,9,-0.082897,0.159909,0.053425
1777047842.657571,4,-0.051867,0.076072,0.102923
1777047842.657571,7,-0.089505,0.101108,0.072089
1777047842.657571,2,-0.049337,0.027838,0.164579
1777047842.657571,10,-0.127266,0.125414,0.039823
1777047842.657571,5,-0.088064,0.048755,0.123232
1777047842.657571,8,-0.126053,0.074102,0.092192
1777047842.657571,11,-0.166145,0.097446,0.056024
1777047842.691158,6,-0.051748,0.128977,0.061215
1777047842.691158,1,-0.013320,0.058095,0.150156
1777047842.691158,9,-0.082950,0.159579,0.053163
1777047842.691158,4,-0.052240,0.075769,0.102303
1777047842.691158,7,-0.089545,0.100456,0.071312
1777047842.691158,2,-0.049272,0.027572,0.164517
1777047842.691158,10,-0.126638,0.125547,0.042317
1777047842.691158,5,-0.087426,0.049739,0.126341
1777047842.691158,8,-0.125977,0.073783,0.092083
1777047842.691158,11,-0.166331,0.097160,0.055233
1777047842.758332,6,-0.051045,0.128056,0.060894
1777047842.758332,1,-0.013198,0.055451,0.146115
1777047842.758332,9,-0.083273,0.158086,0.050305
1777047842.758332,4,-0.051355,0.074928,0.102840
1777047842.758332,7,-0.089081,0.099533,0.071226
1777047842.758332,2,-0.048308,0.027683,0.164816
1777047842.758332,5,-0.086735,0.049253,0.127466
1777047842.758332,10,-0.126551,0.124202,0.040089
1777047842.758332,8,-0.126881,0.071240,0.087807
1777047842.758332,11,-0.164262,0.097422,0.059151
1777047843.161373,1,-0.012676,0.057339,0.150060
1777047843.161373,6,-0.051018,0.128150,0.061930
1777047843.161373,9,-0.081302,0.159653,0.057574
1777047843.161373,4,-0.050698,0.076156,0.105408
1777047843.161373,7,-0.088596,0.100019,0.072291
1777047843.161373,2,-0.047906,0.027833,0.165625
1777047843.161373,10,-0.125171,0.124052,0.042521
1777047843.161373,5,-0.086559,0.049040,0.127105
1777047843.161373,8,-0.126285,0.071621,0.089043
1777047843.161373,11,-0.166209,0.095583,0.053599
1777047843.228545,1,-0.012438,0.056773,0.149619
1777047843.228545,6,-0.050562,0.128335,0.062771
1777047843.228545,9,-0.082948,0.158171,0.049897
1777047843.228545,4,-0.051260,0.075034,0.102919
1777047843.228545,7,-0.087820,0.101055,0.075681
1777047843.228545,2,-0.048363,0.026579,0.163040
1777047843.228545,10,-0.125421,0.124764,0.042707
1777047843.228545,5,-0.087113,0.047753,0.123913
1777047843.228545,8,-0.126150,0.071854,0.089545
1777047843.228545,11,-0.163905,0.097212,0.059289
1777047843.295717,6,-0.050162,0.129520,0.065692
1777047843.295717,1,-0.012300,0.057664,0.150927
1777047843.295717,9,-0.081584,0.159915,0.056602
1777047843.295717,4,-0.050614,0.076223,0.105953
1777047843.295717,7,-0.088547,0.100198,0.072235
1777047843.295717,2,-0.047995,0.027523,0.165577
1777047843.295717,10,-0.125156,0.125207,0.043498
1777047843.295717,5,-0.086869,0.048121,0.124643
1777047843.295717,8,-0.124758,0.073529,0.093676
1777047843.295717,11,-0.163493,0.097850,0.060493
1777047843.362888,6,-0.050131,0.128591,0.061736
1777047843.362888,1,-0.012092,0.056144,0.147834
1777047843.362888,9,-0.081391,0.159650,0.056330
1777047843.362888,4,-0.050570,0.075005,0.102371
1777047843.362888,7,-0.087558,0.101182,0.075257
1777047843.362888,2,-0.047856,0.027490,0.165380
1777047843.362888,5,-0.085442,0.051277,0.130493
1777047843.362888,10,-0.123926,0.126314,0.047530
1777047843.362888,8,-0.125818,0.071536,0.087773
1777047843.362888,11,-0.165037,0.096087,0.054051
1777047843.396474,6,-0.049720,0.129266,0.061255
1777047843.396474,1,-0.011596,0.057397,0.149156
1777047843.396474,9,-0.081407,0.159883,0.054535
1777047843.396474,4,-0.050362,0.075240,0.101115
1777047843.396474,7,-0.087832,0.100663,0.071632
1777047843.396474,2,-0.047639,0.027931,0.164505
1777047843.396474,10,-0.124989,0.124986,0.039857
1777047843.396474,5,-0.085841,0.049335,0.125431
1777047843.396474,8,-0.125565,0.071796,0.086701
1777047843.396474,11,-0.161842,0.098994,0.061856
1777047843.463645,6,-0.049321,0.130080,0.061307
1777047843.463645,1,-0.011558,0.057968,0.147254
1777047843.463645,9,-0.080107,0.161756,0.058069
1777047843.463645,4,-0.049718,0.077145,0.102657
1777047843.463645,7,-0.087478,0.101604,0.070117
1777047843.463645,2,-0.047399,0.028416,0.163223
1777047843.463645,10,-0.123476,0.127557,0.045488
1777047843.463645,5,-0.085302,0.050617,0.125306
1777047843.463645,8,-0.124868,0.073477,0.087975
1777047843.463645,11,-0.162969,0.099140,0.058225
1777047843.530816,6,-0.049657,0.130944,0.060908
1777047843.530816,1,-0.011997,0.058334,0.146974
1777047843.530816,9,-0.080171,0.163022,0.059652
1777047843.530816,4,-0.050512,0.076797,0.099577
1777047843.530816,7,-0.087640,0.102664,0.071661
1777047843.530816,2,-0.048113,0.028594,0.161263
1777047843.530816,10,-0.123223,0.128856,0.046779
1777047843.530816,5,-0.085439,0.052227,0.126573
1777047843.530816,8,-0.125362,0.074013,0.087219
1777047843.530816,11,-0.164399,0.098528,0.053654
1777047843.564401,6,-0.049410,0.132074,0.065620
1777047843.564401,1,-0.012106,0.059878,0.149558
1777047843.564401,9,-0.079604,0.163850,0.063060
1777047843.564401,4,-0.050554,0.077916,0.102115
1777047843.564401,7,-0.088404,0.102089,0.069436
1777047843.564401,2,-0.047454,0.030976,0.164841
1777047843.564401,10,-0.125804,0.127009,0.038361
1777047843.564401,5,-0.086820,0.050520,0.122392
1777047843.564401,8,-0.125055,0.075162,0.089262
1777047843.564401,11,-0.163905,0.099542,0.055841
1777047843.631572,6,-0.053585,0.128919,0.055499
1777047843.631572,1,-0.015269,0.056827,0.142263
1777047843.631572,9,-0.082491,0.162568,0.061398
1777047843.631572,4,-0.054043,0.075543,0.096423
1777047843.631572,7,-0.091168,0.101800,0.069570
1777047843.631572,2,-0.050946,0.027827,0.157838
1777047843.631572,10,-0.129199,0.124572,0.035111
1777047843.631572,5,-0.089991,0.048969,0.118522
1777047843.631572,8,-0.128591,0.073665,0.086109
1777047843.631572,11,-0.167416,0.097916,0.052489
1777047843.698742,6,-0.053178,0.129700,0.059488
1777047843.698742,1,-0.020280,0.052560,0.135848
1777047843.698742,9,-0.089243,0.154399,0.047351
1777047843.698742,4,-0.059613,0.069522,0.089023
1777047843.698742,7,-0.097559,0.094240,0.059467
1777047843.698742,2,-0.055894,0.021864,0.148709
1777047843.698742,5,-0.094991,0.043830,0.112242
1777047843.698742,10,-0.134510,0.118689,0.030876
1777047843.698742,8,-0.134223,0.067046,0.078391
1777047843.698742,11,-0.173449,0.090924,0.046004
1777047843.732327,1,-0.020395,0.050822,0.131497
1777047843.732327,6,-0.059764,0.121393,0.045793
1777047843.732327,9,-0.089998,0.153460,0.042968
1777047843.732327,4,-0.060071,0.068038,0.085217
1777047843.732327,7,-0.098372,0.092828,0.054515
1777047843.732327,2,-0.056469,0.021137,0.147441
1777047843.732327,5,-0.094885,0.043467,0.111346
1777047843.732327,10,-0.134890,0.118255,0.028557
1777047843.732327,8,-0.133802,0.067559,0.078855
1777047843.732327,11,-0.173449,0.090924,0.046004
1777047843.799496,6,-0.071421,0.113718,0.036034
1777047843.799496,1,-0.029886,0.044913,0.120903
1777047843.799496,9,-0.100544,0.146400,0.037616
1777047843.799496,4,-0.070982,0.060716,0.073835
1777047843.799496,7,-0.109087,0.085881,0.048074
1777047843.799496,2,-0.065012,0.015872,0.138011
1777047843.799496,10,-0.146459,0.109986,0.021145
1777047843.799496,5,-0.104527,0.037558,0.103384
1777047843.799496,8,-0.145659,0.058735,0.067717
1777047843.799496,11,-0.185951,0.081789,0.035484
1777047843.866680,6,-0.085271,0.108390,0.026780
1777047843.866680,1,-0.041015,0.041803,0.112863
1777047843.866680,9,-0.115472,0.140608,0.025945
1777047843.866680,4,-0.083146,0.056803,0.067602
1777047843.866680,7,-0.122393,0.080827,0.040479
1777047843.866680,2,-0.075578,0.012113,0.129982
1777047843.866680,10,-0.160781,0.104035,0.013510
1777047843.866680,5,-0.117360,0.030771,0.092225
1777047843.866680,8,-0.158279,0.053354,0.061118
1777047843.866680,11,-0.199536,0.075640,0.029574
1777047843.900276,6,-0.085208,0.108658,0.027754
1777047843.900276,1,-0.041015,0.041803,0.112863
1777047843.900276,9,-0.114406,0.141423,0.029951
1777047843.900276,4,-0.082691,0.057690,0.069637
1777047843.900276,7,-0.122277,0.080791,0.040711
1777047843.900276,2,-0.075578,0.012113,0.129982
1777047843.900276,10,-0.160628,0.103903,0.013837
1777047843.900276,5,-0.116763,0.031961,0.094248
1777047843.900276,8,-0.158279,0.053354,0.061118
1777047843.900276,11,-0.197968,0.077023,0.032916
1777047843.967469,6,-0.093400,0.107757,0.023519
1777047843.967469,1,-0.048006,0.040179,0.106911
1777047843.967469,9,-0.123482,0.139224,0.023111
1777047843.967469,4,-0.090149,0.056107,0.064668
1777047843.967469,7,-0.129806,0.079369,0.037860
1777047843.967469,2,-0.081859,0.011332,0.126498
1777047843.967469,10,-0.170491,0.100916,0.006748
1777047843.967469,5,-0.124164,0.029494,0.089290
1777047843.967469,8,-0.165520,0.051933,0.058539
1777047843.967469,11,-0.209485,0.072132,0.023059
1777047844.001066,6,-0.094776,0.105902,0.020522
1777047844.001066,1,-0.048159,0.039679,0.107364
1777047844.001066,9,-0.124480,0.138828,0.023009
1777047844.001066,4,-0.091985,0.053273,0.059542
1777047844.001066,7,-0.131962,0.077017,0.033712
1777047844.001066,2,-0.082251,0.010581,0.127527
1777047844.001066,5,-0.124429,0.028419,0.089546
1777047844.001066,10,-0.172511,0.099011,0.004156
1777047844.001066,8,-0.168603,0.047850,0.052142
1777047844.001066,11,-0.209061,0.071592,0.025400
1777047844.068259,6,-0.089122,0.105609,0.024209
1777047844.068259,1,-0.043065,0.037758,0.105991
1777047844.068259,9,-0.120684,0.135929,0.020027
1777047844.068259,4,-0.085052,0.055055,0.067004
1777047844.068259,7,-0.127285,0.074287,0.030628
1777047844.068259,2,-0.076345,0.008852,0.126317
1777047844.068259,10,-0.166224,0.098081,0.005621
1777047844.068259,5,-0.119803,0.024149,0.085160
1777047844.068259,8,-0.162159,0.046665,0.053666
1777047844.068259,11,-0.206041,0.067103,0.018326
1777047844.135451,6,-0.082001,0.104567,0.022620
1777047844.135451,1,-0.035819,0.037889,0.108560
1777047844.135451,9,-0.114592,0.133666,0.014220
1777047844.135451,4,-0.077440,0.052504,0.063960
1777047844.135451,2,-0.067256,0.013555,0.134845
1777047844.135451,7,-0.120325,0.070420,0.022669
1777047844.135451,10,-0.157131,0.096313,0.006248
1777047844.135451,5,-0.112131,0.022668,0.083167
1777047844.135451,11,-0.192974,0.069170,0.026650
1777047844.169043,1,-0.030015,0.040180,0.110717
1777047844.169043,9,-0.104765,0.137569,0.028241
1777047844.169043,4,-0.071002,0.053557,0.064569
1777047844.169043,7,-0.110214,0.074717,0.033845
1777047844.169043,2,-0.061780,0.008413,0.126293
1777047844.169043,10,-0.150590,0.096129,0.004136
1777047844.169043,5,-0.103344,0.025227,0.087192
1777047844.169043,8,-0.148522,0.041842,0.044543
1777047844.169043,11,-0.188644,0.064415,0.016246
1777047844.236225,9,-0.095897,0.135192,0.022685
1777047844.236225,7,-0.097697,0.076370,0.040695
1777047844.236225,2,-0.050114,0.008814,0.127999
1777047844.236225,10,-0.138647,0.094963,0.002898
1777047844.236225,5,-0.094582,0.017633,0.076702
1777047844.236225,8,-0.136093,0.038831,0.041926
1777047844.303407,4,-0.032648,0.056005,0.073088
1777047844.303407,7,-0.072898,0.074033,0.029801
1777047844.303407,2,-0.025772,0.013243,0.137914
1777047844.303407,10,-0.110239,0.097282,0.004692
1777047844.303407,8,-0.104633,0.050377,0.061414
1777047844.303407,5,-0.068174,0.023290,0.084240
1777047844.303407,11,-0.146030,0.069577,0.023032
1777047844.336998,2,-0.010013,0.030122,0.169047
1777047844.336998,7,-0.055254,0.078851,0.034142
1777047844.336998,10,-0.094294,0.100397,-0.007159
1777047844.336998,5,-0.048558,0.033563,0.103824
1777047844.336998,8,-0.086773,0.055890,0.068563
1777047844.336998,11,-0.129211,0.072670,0.017765
1777047844.370589,7,-0.049737,0.080626,0.042076
1777047844.370589,2,-0.008282,0.020158,0.155835
1777047844.370589,5,-0.046991,0.029747,0.097381
1777047844.370589,10,-0.087977,0.102909,0.005312
1777047844.370589,8,-0.086572,0.050168,0.056269
1777047844.370589,11,-0.124441,0.073710,0.023647
1777047844.437772,7,-0.033479,0.086490,0.053340
1777047844.437772,2,0.004351,0.020880,0.162930
1777047844.437772,5,-0.032093,0.035433,0.111460
1777047844.437772,10,-0.069888,0.109945,0.018907
1777047844.437772,8,-0.069521,0.057855,0.071732
1777047844.437772,11,-0.107322,0.081070,0.035291
1777047844.773679,7,-0.032894,0.091104,0.064983
1777047844.773679,2,0.005000,0.024312,0.167710
1777047844.773679,5,-0.031128,0.042514,0.124644
1777047844.773679,10,-0.069129,0.111475,0.021611
1777047844.773679,8,-0.062339,0.069345,0.090531
1777047844.840860,2,-0.001525,0.039757,0.190417
1777047844.840860,5,-0.036836,0.061470,0.151913
1777047844.840860,8,-0.075351,0.075768,0.094387
1777047844.840860,11,-0.112954,0.098796,0.057027
1777047844.908041,9,-0.038289,0.178490,0.115292
1777047844.908041,4,-0.013893,0.071940,0.078623
1777047844.908041,7,-0.047832,0.111360,0.087101
1777047844.908041,2,-0.012950,0.040691,0.188059
1777047844.908041,5,-0.045771,0.068844,0.162494
1777047844.908041,10,-0.086557,0.133985,0.045344
1777047844.908041,8,-0.087303,0.080583,0.095915
1777047844.908041,11,-0.124847,0.104963,0.061126
1777047844.975222,9,-0.051968,0.177639,0.098859
1777047844.975222,4,-0.025001,0.090373,0.129275
1777047844.975222,7,-0.061088,0.114016,0.092663
1777047844.975222,2,-0.024127,0.042866,0.190416
1777047844.975222,5,-0.060634,0.062584,0.148782
1777047844.975222,10,-0.098090,0.138531,0.055469
1777047844.975222,8,-0.099703,0.084536,0.102256
1777047844.975222,11,-0.139287,0.106830,0.059007
1777047845.008812,1,0.005517,0.075046,0.183376
1777047845.008812,9,-0.054951,0.178763,0.110839
1777047845.008812,4,-0.030005,0.091016,0.129440
1777047845.008812,7,-0.066022,0.116293,0.099551
1777047845.008812,10,-0.099466,0.141603,0.076992
1777047845.008812,5,-0.065091,0.065079,0.150953
1777047845.008812,8,-0.100153,0.092275,0.126934
1777047845.008812,11,-0.144222,0.109153,0.067233
1777047845.109583,6,-0.042891,0.146705,0.098242
1777047845.109583,1,-0.010130,0.072807,0.175216
1777047845.109583,9,-0.073673,0.177584,0.088213
1777047845.109583,4,-0.045430,0.093961,0.134282
1777047845.109583,7,-0.080428,0.120550,0.111537
1777047845.109583,2,-0.044972,0.047816,0.196211
1777047845.109583,10,-0.114523,0.145195,0.083386
1777047845.109583,5,-0.082585,0.066248,0.151539
1777047845.109583,8,-0.120065,0.090296,0.115745
1777047845.109583,11,-0.159101,0.113911,0.078107
1777047845.176785,3,-0.018014,0.120495,0.118806
1777047845.176785,1,-0.018041,0.076295,0.182852
1777047845.176785,6,-0.053175,0.144609,0.086964
1777047845.176785,9,-0.084260,0.175761,0.079593
1777047845.176785,4,-0.055297,0.092460,0.128964
1777047845.176785,7,-0.091672,0.118189,0.099438
1777047845.176785,2,-0.053763,0.047730,0.195603
1777047845.176785,10,-0.129959,0.141493,0.060018
1777047845.176785,5,-0.092286,0.066877,0.150474
1777047845.176785,8,-0.131843,0.088839,0.107008
1777047845.176785,11,-0.168270,0.115892,0.079269
1777047845.277569,3,-0.026223,0.120729,0.114202
1777047845.277569,6,-0.061526,0.146286,0.086052
1777047845.277569,1,-0.026767,0.069654,0.163122
1777047845.277569,9,-0.092084,0.177643,0.077029
1777047845.277569,4,-0.064089,0.092078,0.122547
1777047845.277569,7,-0.100144,0.118562,0.094456
1777047845.277569,2,-0.063892,0.040376,0.177010
1777047845.277569,10,-0.137590,0.143691,0.060069
1777047845.277569,5,-0.101180,0.065176,0.142169
1777047845.277569,8,-0.139295,0.090063,0.106594
1777047845.277569,11,-0.175972,0.117534,0.079857
1777047845.311164,3,-0.027254,0.122459,0.117965
1777047845.311164,6,-0.062830,0.146031,0.081528
1777047845.311164,1,-0.027424,0.071741,0.166010
1777047845.311164,9,-0.092345,0.178582,0.080914
1777047845.311164,4,-0.065246,0.092156,0.120062
1777047845.311164,7,-0.101507,0.118933,0.092049
1777047845.311164,2,-0.064743,0.041138,0.176051
1777047845.311164,10,-0.137969,0.144799,0.061176
1777047845.311164,5,-0.102452,0.065686,0.140760
1777047845.311164,8,-0.140280,0.090988,0.106195
1777047845.311164,11,-0.175226,0.118586,0.082181
1777047845.411948,3,-0.027998,0.122257,0.113309
1777047845.411948,6,-0.063798,0.147664,0.079803
1777047845.411948,1,-0.028234,0.072135,0.164154
1777047845.411948,9,-0.091993,0.180392,0.085589
1777047845.411948,4,-0.065769,0.093690,0.121340
1777047845.411948,7,-0.102697,0.119361,0.089635
1777047845.411948,2,-0.065436,0.042085,0.176036
1777047845.411948,10,-0.137818,0.146338,0.063785
1777047845.411948,5,-0.102403,0.066886,0.141651
1777047845.411948,8,-0.139810,0.093106,0.110099
1777047845.411948,11,-0.178584,0.117665,0.073801
1777047845.445542,3,-0.027525,0.123244,0.116914
1777047845.445542,6,-0.062812,0.147727,0.083494
1777047845.445542,9,-0.090827,0.180926,0.089372
1777047845.445542,1,-0.027721,0.072141,0.163866
1777047845.445542,4,-0.065251,0.093675,0.120935
1777047845.445542,7,-0.102182,0.119365,0.089220
1777047845.445542,10,-0.137318,0.146483,0.063453
1777047845.445542,2,-0.064897,0.042061,0.175665
1777047845.445542,5,-0.101930,0.066892,0.140950
1777047845.445542,8,-0.139415,0.092788,0.108657
1777047845.445542,11,-0.176629,0.119068,0.078213
1777047845.479137,3,-0.027430,0.123374,0.115433
1777047845.479137,6,-0.063092,0.146953,0.079130
1777047845.479137,1,-0.027617,0.071776,0.162298
1777047845.479137,9,-0.091871,0.180306,0.082611
1777047845.479137,4,-0.065608,0.092867,0.117661
1777047845.479137,7,-0.100972,0.120889,0.094194
1777047845.479137,2,-0.064778,0.041949,0.175186
1777047845.479137,10,-0.137513,0.146356,0.062671
1777047845.479137,5,-0.102513,0.065643,0.137761
1777047845.479137,8,-0.140738,0.091639,0.103713
1777047845.479137,11,-0.177562,0.118316,0.074977
1777047845.512732,3,-0.027305,0.123592,0.116688
1777047845.512732,6,-0.062236,0.148761,0.087794
1777047845.512732,1,-0.027619,0.071786,0.162305
1777047845.512732,9,-0.092439,0.179998,0.080298
1777047845.512732,4,-0.065353,0.093634,0.120478
1777047845.512732,7,-0.100974,0.120902,0.094203
1777047845.512732,2,-0.064638,0.041518,0.174024
1777047845.512732,10,-0.137373,0.146615,0.063367
1777047845.512732,5,-0.102772,0.065410,0.136720
1777047845.512732,8,-0.139064,0.093667,0.110700
1777047845.512732,11,-0.177066,0.118919,0.076982
1777047845.546326,3,-0.027309,0.123600,0.116695
1777047845.546326,6,-0.062701,0.147930,0.084566
1777047845.546326,1,-0.027607,0.073057,0.165460
1777047845.546326,9,-0.090939,0.180774,0.088210
1777047845.546326,4,-0.065460,0.093578,0.119992
1777047845.546326,7,-0.101231,0.120579,0.093458
1777047845.546326,10,-0.136807,0.145773,0.063527
1777047845.546326,2,-0.064641,0.041525,0.174029
1777047845.546326,5,-0.102775,0.065418,0.136726
1777047845.546326,8,-0.140464,0.091660,0.104532
1777047845.546326,11,-0.176493,0.119182,0.078569
1777047845.579921,3,-0.027226,0.123610,0.116257
1777047845.579921,6,-0.063130,0.147440,0.080529
1777047845.579921,1,-0.027625,0.071799,0.162315
1777047845.579921,9,-0.091840,0.180530,0.083845
1777047845.579921,4,-0.065309,0.093386,0.119585
1777047845.579921,7,-0.101337,0.120626,0.093102
1777047845.579921,2,-0.064644,0.041531,0.174033
1777047845.579921,10,-0.137629,0.146439,0.062318
1777047845.579921,5,-0.102778,0.065424,0.136730
1777047845.579921,8,-0.139696,0.092825,0.107896
1777047845.579921,11,-0.177073,0.118937,0.076996
1777047845.613516,3,-0.027356,0.123380,0.114917
1777047845.613516,6,-0.062982,0.147564,0.080017
1777047845.613516,1,-0.027628,0.072533,0.163128
1777047845.613516,9,-0.091835,0.180858,0.083669
1777047845.613516,4,-0.065559,0.092918,0.117263
1777047845.613516,7,-0.101004,0.121144,0.094509
1777047845.613516,2,-0.064669,0.041724,0.174294
1777047845.613516,10,-0.137543,0.146623,0.062993
1777047845.613516,5,-0.101743,0.067626,0.141201
1777047845.613516,8,-0.140766,0.091881,0.104003
1777047845.613516,11,-0.175869,0.120237,0.081363
1777047845.915869,3,-0.027467,0.123632,0.115765
1777047845.915869,6,-0.062464,0.148547,0.086176
1777047845.915869,1,-0.027726,0.072180,0.163424
1777047845.915869,9,-0.091703,0.180730,0.084998
1777047845.915869,4,-0.065240,0.094362,0.121911
1777047845.915869,7,-0.101361,0.120853,0.093395
1777047845.915869,2,-0.064811,0.042165,0.175462
1777047845.915869,10,-0.137543,0.146623,0.062993
1777047845.915869,5,-0.101962,0.067120,0.141233
1777047845.915869,8,-0.138775,0.094548,0.112329
1777047845.915869,11,-0.178897,0.117832,0.072453
1777047845.983059,3,-0.026752,0.125159,0.118087
1777047845.983059,6,-0.062035,0.149749,0.086390
1777047845.983059,1,-0.027206,0.073839,0.166358
1777047845.983059,9,-0.091732,0.181971,0.083645
1777047845.983059,4,-0.064511,0.095816,0.123966
1777047845.983059,7,-0.101078,0.121555,0.092643
1777047845.983059,2,-0.063818,0.044708,0.179771
1777047845.983059,10,-0.135277,0.149353,0.071519
1777047845.983059,5,-0.101166,0.069172,0.144521
1777047845.983059,8,-0.138498,0.095224,0.112089
1777047845.983059,11,-0.175156,0.121464,0.082526
1777047846.050250,3,-0.025435,0.126003,0.117884
1777047846.050250,6,-0.060373,0.151425,0.088566
1777047846.050250,1,-0.025954,0.075241,0.168451
1777047846.050250,9,-0.089140,0.184088,0.090301
1777047846.050250,4,-0.063020,0.097342,0.125914
1777047846.050250,7,-0.098809,0.123919,0.097587
1777047846.050250,2,-0.062967,0.044714,0.179170
1777047846.050250,10,-0.136826,0.148890,0.059984
1777047846.050250,5,-0.099772,0.070576,0.146136
1777047846.050250,8,-0.136753,0.096775,0.114212
1777047846.050250,11,-0.173565,0.122810,0.083421
1777047846.117442,3,-0.023194,0.127740,0.121716
1777047846.117442,6,-0.058107,0.152450,0.089703
1777047846.117442,1,-0.024185,0.076147,0.169688
1777047846.117442,9,-0.086902,0.185095,0.091300
1777047846.117442,4,-0.061098,0.097819,0.125799
1777047846.117442,7,-0.096588,0.124908,0.098418
1777047846.117442,2,-0.061253,0.045583,0.180104
1777047846.117442,10,-0.132098,0.151138,0.068687
1777047846.117442,5,-0.097848,0.071481,0.146867
1777047846.117442,8,-0.136203,0.095912,0.109236
1777047846.117442,11,-0.170881,0.123903,0.084841
1777047846.218220,3,-0.021154,0.129059,0.124054
1777047846.218220,6,-0.055984,0.153619,0.090628
1777047846.218220,1,-0.022383,0.076800,0.169905
1777047846.218220,9,-0.085700,0.185795,0.087564
1777047846.218220,4,-0.059271,0.098897,0.126134
1777047846.218220,7,-0.094595,0.126081,0.098693
1777047846.218220,2,-0.059289,0.047865,0.183158
1777047846.218220,10,-0.130160,0.152066,0.067751
1777047846.218220,5,-0.096020,0.072513,0.147392
1777047846.218220,8,-0.132801,0.098578,0.114294
1777047846.218220,11,-0.169067,0.124897,0.083933
1777047846.251813,3,-0.021477,0.128532,0.122098
1777047846.251813,6,-0.055882,0.153636,0.091392
1777047846.251813,1,-0.022433,0.078186,0.172894
1777047846.251813,9,-0.085046,0.186046,0.091189
1777047846.251813,4,-0.059044,0.099396,0.127740
1777047846.251813,7,-0.095417,0.124990,0.094711
1777047846.251813,2,-0.059289,0.047865,0.183158
1777047846.251813,10,-0.128812,0.153401,0.075023
1777047846.251813,5,-0.095942,0.072909,0.148050
1777047846.251813,8,-0.134162,0.096995,0.109578
1777047846.251813,11,-0.168774,0.125256,0.084953
1777047846.318998,3,-0.022202,0.128637,0.121049
1777047846.318998,6,-0.056887,0.154494,0.091290
1777047846.318998,1,-0.023428,0.077619,0.170474
1777047846.318998,9,-0.086165,0.186825,0.090320
1777047846.318998,4,-0.060094,0.099886,0.127808
1777047846.318998,7,-0.096649,0.125585,0.094538
1777047846.318998,10,-0.131367,0.152748,0.068410
1777047846.318998,2,-0.061269,0.045895,0.178213
1777047846.318998,5,-0.097588,0.072228,0.145223
1777047846.318998,8,-0.135210,0.097992,0.110299
1777047846.318998,11,-0.170495,0.125663,0.083814
1777047846.419776,3,-0.025734,0.130861,0.125724
1777047846.419776,6,-0.060231,0.155940,0.093039
1777047846.419776,9,-0.088997,0.188933,0.094265
1777047846.419776,1,-0.027087,0.079358,0.172464
1777047846.419776,4,-0.064195,0.100506,0.126010
1777047846.419776,7,-0.099228,0.129054,0.102781
1777047846.419776,2,-0.064800,0.048319,0.180759
1777047846.419776,10,-0.134943,0.154460,0.069686
1777047846.419776,5,-0.102202,0.073067,0.143940
1777047846.419776,8,-0.139527,0.099386,0.110075
1777047846.419776,11,-0.174192,0.127999,0.086655
1777047846.520553,3,-0.029061,0.131873,0.124527
1777047846.520553,6,-0.064143,0.156940,0.089836
1777047846.520553,1,-0.030530,0.079872,0.170158
1777047846.520553,9,-0.092484,0.189941,0.092999
1777047846.520553,4,-0.067884,0.101991,0.125512
1777047846.520553,7,-0.103947,0.129304,0.097498
1777047846.520553,2,-0.068044,0.051049,0.182560
1777047846.520553,10,-0.138528,0.156625,0.070793
1777047846.520553,5,-0.105053,0.075875,0.146177
1777047846.520553,8,-0.143207,0.101090,0.109900
1777047846.520553,11,-0.178560,0.129339,0.083984
1777047846.621331,3,-0.032884,0.134853,0.126379
1777047846.621331,9,-0.093831,0.195169,0.106588
1777047846.621331,6,-0.067730,0.160069,0.093114
1777047846.621331,1,-0.034315,0.082832,0.171036
1777047846.621331,4,-0.071688,0.104351,0.125015
1777047846.621331,7,-0.107733,0.131868,0.097135
1777047846.621331,10,-0.141898,0.159753,0.073111
1777047846.621331,2,-0.072689,0.051440,0.178551
1777047846.621331,5,-0.109745,0.077390,0.143498
1777047846.621331,8,-0.145925,0.104945,0.114239
1777047846.621331,11,-0.183016,0.131611,0.083578
1777047846.688516,0,0.000172,0.110011,0.157161
1777047846.688516,3,-0.034722,0.134650,0.123040
1777047846.688516,6,-0.069120,0.160915,0.095369
1777047846.688516,1,-0.036069,0.082978,0.170210
1777047846.688516,9,-0.096002,0.194984,0.103814
1777047846.688516,4,-0.073837,0.105033,0.124940
1777047846.688516,7,-0.109006,0.132651,0.100051
1777047846.688516,10,-0.144419,0.160197,0.072349
1777047846.688516,2,-0.074143,0.052394,0.179094
1777047846.688516,5,-0.110800,0.078833,0.146267
1777047846.688516,8,-0.147956,0.105469,0.114388
1777047846.688516,11,-0.184569,0.132306,0.085131
1777047846.789293,0,-0.000143,0.110202,0.159566
1777047846.789293,3,-0.035137,0.135276,0.126697
1777047846.789293,6,-0.069609,0.160762,0.095549
1777047846.789293,9,-0.096609,0.194495,0.103926
1777047846.789293,1,-0.036709,0.082122,0.168560
1777047846.789293,4,-0.073766,0.105045,0.126820
1777047846.789293,7,-0.109979,0.132327,0.098399
1777047846.789293,10,-0.144911,0.158644,0.070511
1777047846.789293,2,-0.074800,0.051814,0.178652
1777047846.789293,5,-0.111151,0.078615,0.147188
1777047846.789293,8,-0.148249,0.105144,0.115347
1777047846.789293,11,-0.184847,0.132451,0.085311
1777047846.856477,0,-0.000474,0.109558,0.156546
1777047846.856477,3,-0.035368,0.135128,0.125631
1777047846.856477,6,-0.070564,0.160024,0.090420
1777047846.856477,9,-0.096579,0.194885,0.105637
1777047846.856477,1,-0.036651,0.083224,0.171163
1777047846.856477,4,-0.073968,0.105775,0.128716
1777047846.856477,7,-0.109733,0.132892,0.101086
1777047846.856477,10,-0.144946,0.160066,0.072578
1777047846.856477,2,-0.074598,0.052473,0.179727
1777047846.856477,8,-0.148166,0.105649,0.115851
1777047846.856477,5,-0.112374,0.076939,0.142547
1777047846.856477,11,-0.185263,0.132096,0.085001
1777047846.957254,0,-0.000628,0.110216,0.159857
1777047846.957254,3,-0.035545,0.134370,0.123295
1777047846.957254,6,-0.070446,0.159884,0.090859
1777047846.957254,1,-0.036998,0.082688,0.169482
1777047846.957254,9,-0.096263,0.194882,0.106543
1777047846.957254,4,-0.073967,0.105779,0.128719
1777047846.957254,7,-0.109698,0.132770,0.101038
1777047846.957254,10,-0.143273,0.160024,0.078036
1777047846.957254,2,-0.074981,0.051933,0.179318
1777047846.957254,5,-0.112179,0.077185,0.143271
1777047846.957254,8,-0.148929,0.105030,0.113743
1777047846.957254,11,-0.185261,0.132103,0.085003
1777047847.024438,0,-0.000672,0.110120,0.159126
1777047847.024438,3,-0.035666,0.134226,0.122182
1777047847.024438,6,-0.070447,0.160327,0.092364
1777047847.024438,1,-0.036838,0.083074,0.170837
1777047847.024438,9,-0.096875,0.194616,0.103923
1777047847.024438,4,-0.073831,0.105822,0.129274
1777047847.024438,7,-0.109696,0.132773,0.101039
1777047847.024438,10,-0.144715,0.160083,0.073383
1777047847.024438,2,-0.074288,0.053693,0.182807
1777047847.024438,5,-0.111070,0.078948,0.147569
1777047847.024438,8,-0.150463,0.103506,0.108985
1777047847.024438,11,-0.186689,0.131260,0.080443
1777047847.091623,0,-0.000615,0.109405,0.157148
1777047847.091623,3,-0.035542,0.134374,0.123298
1777047847.091623,6,-0.070558,0.159890,0.090142
1777047847.091623,1,-0.037019,0.082265,0.169111
1777047847.091623,9,-0.096874,0.194619,0.103925
1777047847.091623,4,-0.073667,0.105997,0.129715
1777047847.091623,7,-0.110399,0.132174,0.097209
1777047847.091623,10,-0.144900,0.159838,0.072553
1777047847.091623,2,-0.075045,0.051163,0.177318
1777047847.091623,5,-0.112134,0.077289,0.143669
1777047847.091623,8,-0.148394,0.105269,0.114943
1777047847.091623,11,-0.186688,0.131264,0.080444
1777047847.192400,0,-0.000651,0.110230,0.159865
1777047847.192400,3,-0.035450,0.135232,0.126505
1777047847.192400,6,-0.070472,0.159902,0.090874
1777047847.192400,9,-0.096475,0.194823,0.106244
1777047847.192400,1,-0.036862,0.083087,0.170846
1777047847.192400,4,-0.074312,0.104767,0.126019
1777047847.192400,7,-0.109758,0.132917,0.101105
1777047847.192400,2,-0.074434,0.053156,0.181397
1777047847.192400,10,-0.144774,0.159962,0.073191
1777047847.192400,5,-0.111047,0.078906,0.147809
1777047847.192400,8,-0.148956,0.105050,0.113762
1777047847.192400,11,-0.185289,0.132126,0.085026
1777047847.259583,0,-0.000651,0.110230,0.159865
1777047847.259583,3,-0.035569,0.134386,0.123307
1777047847.259583,6,-0.070041,0.160445,0.095099
1777047847.259583,1,-0.036862,0.083087,0.170846
1777047847.259583,9,-0.096901,0.194632,0.103940
1777047847.259583,4,-0.074599,0.104577,0.125105
1777047847.259583,7,-0.109724,0.132789,0.101055
1777047847.259583,10,-0.144930,0.159852,0.072570
1777047847.259583,2,-0.074249,0.053520,0.182749
1777047847.259583,5,-0.111567,0.078441,0.146825
1777047847.259583,8,-0.148241,0.105497,0.115604
1777047847.259583,11,-0.184855,0.132258,0.086256
1777047847.326766,0,-0.004319,0.111064,0.159014
1777047847.326766,3,-0.039534,0.135755,0.124576
1777047847.326766,6,-0.074867,0.161399,0.091859
1777047847.326766,1,-0.040550,0.083915,0.170597
1777047847.326766,9,-0.101029,0.196091,0.106023
1777047847.326766,4,-0.078260,0.106142,0.127570
1777047847.326766,7,-0.113938,0.134390,0.103105
1777047847.326766,10,-0.149351,0.161573,0.075215
1777047847.326766,2,-0.077836,0.054505,0.183301
1777047847.326766,5,-0.116029,0.078630,0.145123
1777047847.326766,8,-0.154604,0.104985,0.111305
1777047847.326766,11,-0.189614,0.134058,0.087993
1777047847.393949,0,-0.012979,0.114993,0.162700
1777047847.393949,3,-0.049059,0.139605,0.128344
1777047847.393949,6,-0.085064,0.165434,0.097397
1777047847.393949,1,-0.048664,0.087657,0.175189
1777047847.393949,9,-0.111174,0.199885,0.111777
1777047847.393949,4,-0.086807,0.111348,0.136906
1777047847.393949,7,-0.123882,0.138040,0.108452
1777047847.393949,10,-0.159591,0.165602,0.083150
1777047847.393949,2,-0.085616,0.057978,0.187945
1777047847.393949,5,-0.124784,0.081805,0.150171
1777047847.393949,8,-0.162597,0.109986,0.122023
1777047847.393949,11,-0.198886,0.137949,0.098013
1777047847.528315,0,-0.023726,0.120060,0.167740
1777047847.528315,3,-0.060957,0.144876,0.134015
1777047847.528315,6,-0.097262,0.171365,0.108651
1777047847.528315,1,-0.058990,0.092251,0.180058
1777047847.528315,9,-0.122768,0.205450,0.124461
1777047847.528315,4,-0.098453,0.115809,0.141878
1777047847.528315,7,-0.136285,0.143149,0.116145
1777047847.528315,10,-0.173348,0.170641,0.090577
1777047847.528315,2,-0.095629,0.061974,0.192529
1777047847.528315,5,-0.135781,0.086377,0.156840
1777047847.528315,8,-0.173892,0.114719,0.131324
1777047847.528315,11,-0.212154,0.142268,0.105801
1777047847.595498,0,-0.034140,0.124316,0.170021
1777047847.595498,3,-0.072101,0.149730,0.140002
1777047847.595498,6,-0.110132,0.175854,0.111039
1777047847.595498,1,-0.068607,0.096465,0.185212
1777047847.595498,9,-0.135560,0.209486,0.129062
1777047847.595498,4,-0.110392,0.119157,0.143772
1777047847.595498,7,-0.147970,0.147735,0.123667
1777047847.595498,10,-0.183954,0.174921,0.104099
1777047847.595498,2,-0.105388,0.064205,0.195420
1777047847.595498,5,-0.145857,0.090281,0.164033
1777047847.595498,8,-0.185440,0.118733,0.138736
1777047847.595498,11,-0.223937,0.146405,0.115543
1777047847.662680,0,-0.033861,0.124709,0.172421
1777047847.662680,3,-0.072188,0.149788,0.140437
1777047847.662680,6,-0.109976,0.175814,0.111655
1777047847.662680,9,-0.135123,0.209696,0.130745
1777047847.662680,1,-0.068607,0.096465,0.185212
1777047847.662680,4,-0.108967,0.120400,0.148784
1777047847.662680,7,-0.147903,0.147535,0.123739
1777047847.662680,10,-0.184405,0.175548,0.103839
1777047847.662680,2,-0.104411,0.065741,0.198916
1777047847.662680,5,-0.145233,0.091112,0.166653
1777047847.662680,8,-0.184580,0.119116,0.140529
1777047847.662680,11,-0.225254,0.145800,0.112171
1777047847.729862,0,-0.036153,0.124625,0.173985
1777047847.729862,3,-0.075765,0.148075,0.135272
1777047847.729862,6,-0.113184,0.175089,0.112604
1777047847.729862,1,-0.070192,0.095167,0.186892
1777047847.729862,9,-0.138828,0.208377,0.131185
1777047847.729862,4,-0.113323,0.117401,0.143700
1777047847.729862,7,-0.150513,0.146569,0.126573
1777047847.729862,2,-0.105912,0.063951,0.202091
1777047847.729862,10,-0.190126,0.173088,0.098876
1777047847.729862,5,-0.148149,0.088097,0.165083
1777047847.729862,8,-0.188849,0.115666,0.138139
1777047847.729862,11,-0.225464,0.144620,0.120725
1777047847.830636,0,-0.031203,0.114959,0.178074
1777047847.830636,3,-0.069788,0.139064,0.139356
1777047847.830636,6,-0.110155,0.163675,0.101807
1777047847.830636,1,-0.065762,0.084811,0.189092
1777047847.830636,9,-0.142593,0.193970,0.097425
1777047847.830636,4,-0.106241,0.108569,0.149972
1777047847.830636,7,-0.145815,0.135494,0.123501
1777047847.830636,10,-0.182917,0.163726,0.103129
1777047847.830636,2,-0.100130,0.056345,0.207243
1777047847.830636,5,-0.139313,0.082496,0.179684
1777047847.830636,8,-0.182254,0.106490,0.142514
1777047847.830636,11,-0.221745,0.134291,0.117480
1777047847.897818,3,-0.065673,0.129713,0.136136
1777047847.897818,6,-0.103019,0.157121,0.114851
1777047847.897818,1,-0.061835,0.077030,0.190874
1777047847.897818,4,-0.101664,0.101393,0.155271
1777047847.897818,7,-0.140731,0.127509,0.125518
1777047847.897818,10,-0.179215,0.154583,0.099956
1777047847.897818,2,-0.095175,0.051734,0.218809
1777047847.897818,5,-0.134558,0.075228,0.184351
1777047847.897818,8,-0.176246,0.099579,0.148593
1777047847.964999,0,-0.021918,0.098367,0.180424
1777047847.964999,3,-0.059542,0.121266,0.144738
1777047847.964999,1,-0.055579,0.072072,0.204118
1777047847.964999,6,-0.099756,0.146278,0.106572
1777047847.964999,9,-0.136039,0.173322,0.084720
1777047847.964999,4,-0.096951,0.093145,0.158850
1777047847.964999,7,-0.134083,0.120326,0.134729
1777047847.964999,2,-0.088776,0.048764,0.234007
1777047847.964999,10,-0.171722,0.146298,0.107587
1777047847.964999,5,-0.130205,0.067204,0.188397
1777047847.964999,8,-0.167484,0.094398,0.163219
1777047847.964999,11,-0.209238,0.118659,0.127927
1777047848.065772,0,-0.015889,0.088012,0.188691
1777047848.065772,3,-0.052333,0.113232,0.159128
1777047848.065772,1,-0.051521,0.058952,0.203497
1777047848.065772,6,-0.090327,0.135465,0.118080
1777047848.065772,4,-0.090414,0.081565,0.163913
1777047848.065772,9,-0.129645,0.159950,0.081433
1777047848.065772,7,-0.127561,0.108861,0.138096
1777047848.065772,2,-0.087421,0.030253,0.223205
1777047848.065772,5,-0.124032,0.058154,0.196729
1777047848.065772,10,-0.164524,0.134895,0.109640
1777047848.065772,8,-0.164038,0.081401,0.159916
1777047848.065772,11,-0.202321,0.108282,0.130667
1777047848.166549,0,-0.013736,0.085439,0.194151
1777047848.166549,3,-0.050104,0.109109,0.160164
1777047848.166549,1,-0.050132,0.055951,0.205648
1777047848.166549,6,-0.087500,0.132793,0.124775
1777047848.166549,4,-0.087902,0.079895,0.170240
1777047848.166549,9,-0.126070,0.157212,0.086520
1777047848.166549,7,-0.125181,0.106386,0.140898
1777047848.166549,2,-0.086170,0.028105,0.225533
1777047848.166549,5,-0.122626,0.054877,0.197755
1777047848.166549,10,-0.161500,0.132251,0.113673
1777047848.166549,8,-0.161663,0.079390,0.162786
1777047848.166549,11,-0.198784,0.106321,0.135158
1777047848.235625,0,-0.014073,0.084411,0.192215
1777047848.235625,3,-0.050279,0.108486,0.158905
1777047848.235625,1,-0.049914,0.055562,0.206004
1777047848.235625,6,-0.087526,0.132806,0.124794
1777047848.235625,4,-0.087768,0.079601,0.170520
1777047848.235625,9,-0.125967,0.156894,0.086666
1777047848.235625,7,-0.124114,0.107063,0.145235
1777047848.235625,2,-0.086505,0.028118,0.226584
1777047848.235625,10,-0.161379,0.132209,0.114014
1777047848.235625,5,-0.122670,0.054901,0.197684
1777047848.235625,8,-0.161824,0.079030,0.162754
1777047848.235625,11,-0.198778,0.106353,0.135316
1777047848.303581,0,-0.014102,0.084439,0.192241
1777047848.303581,3,-0.050033,0.108787,0.160659
1777047848.303581,1,-0.049947,0.055898,0.207151
1777047848.303581,6,-0.087540,0.132143,0.122419
1777047848.303581,4,-0.087798,0.079623,0.170548
1777047848.303581,9,-0.125543,0.157162,0.088154
1777047848.303581,7,-0.125021,0.106168,0.141426
1777047848.303581,2,-0.086525,0.028136,0.226608
1777047848.303581,10,-0.161646,0.132066,0.113315
1777047848.303581,5,-0.122897,0.054350,0.196779
1777047848.303581,8,-0.161384,0.079593,0.163767
1777047848.303581,11,-0.198812,0.106364,0.135352
1777047848.337563,0,-0.014102,0.084439,0.192241
1777047848.337563,3,-0.050130,0.108502,0.159168
1777047848.337563,1,-0.049746,0.056916,0.209078
1777047848.337563,6,-0.087397,0.132552,0.123771
1777047848.337563,4,-0.087823,0.079640,0.170571
1777047848.337563,9,-0.125580,0.157181,0.088185
1777047848.337563,7,-0.125354,0.105492,0.139297
1777047848.337563,2,-0.086543,0.028149,0.226628
1777047848.337563,5,-0.123419,0.053936,0.195709
1777047848.337563,10,-0.160102,0.133093,0.117938
1777047848.337563,8,-0.161410,0.079603,0.163793
1777047848.337563,11,-0.198842,0.106372,0.135381
1777047848.371547,0,-0.014127,0.084463,0.192262
1777047848.371547,3,-0.050159,0.108525,0.159192
1777047848.371547,1,-0.049574,0.057043,0.209216
1777047848.371547,6,-0.087430,0.132572,0.123798
1777047848.371547,4,-0.087921,0.079642,0.170308
1777047848.371547,9,-0.125580,0.157181,0.088185
1777047848.371547,7,-0.124177,0.107097,0.145294
1777047848.371547,2,-0.086785,0.027063,0.224593
1777047848.371547,5,-0.123419,0.053936,0.195709
1777047848.371547,10,-0.160037,0.133288,0.118298
1777047848.371547,8,-0.161410,0.079603,0.163793
1777047848.371547,11,-0.198842,0.106372,0.135381
1777047848.439523,0,-0.014144,0.084484,0.192280
1777047848.439523,3,-0.050287,0.108541,0.159276
1777047848.439523,1,-0.049833,0.057168,0.209646
1777047848.439523,6,-0.087593,0.132364,0.123442
1777047848.439523,4,-0.087841,0.079659,0.170592
1777047848.439523,9,-0.125359,0.157603,0.090191
1777047848.439523,7,-0.125030,0.106054,0.141405
1777047848.439523,2,-0.086556,0.028165,0.226645
1777047848.439523,5,-0.123699,0.053319,0.194704
1777047848.439523,10,-0.160124,0.133111,0.117964
1777047848.439523,8,-0.161428,0.079618,0.163815
1777047848.439523,11,-0.198862,0.106387,0.135406
1777047848.473514,0,-0.014167,0.084518,0.192309
1777047848.473514,3,-0.050106,0.108866,0.160736
1777047848.473514,1,-0.049804,0.056986,0.209144
1777047848.473514,6,-0.087815,0.132496,0.122847
1777047848.473514,4,-0.087864,0.079694,0.170624
1777047848.473514,9,-0.126099,0.157001,0.086799
1777047848.473514,7,-0.125056,0.106091,0.141441
1777047848.473514,2,-0.085931,0.029451,0.228646
1777047848.473514,5,-0.122956,0.054409,0.196854
1777047848.473514,10,-0.161669,0.132045,0.113481
1777047848.473514,8,-0.161452,0.079653,0.163852
1777047848.473514,11,-0.199298,0.106285,0.134447
1777047848.507508,0,-0.014191,0.084558,0.192342
1777047848.507508,3,-0.050411,0.108635,0.159048
1777047848.507508,1,-0.049826,0.057023,0.209176
1777047848.507508,6,-0.087292,0.132737,0.125385
1777047848.507508,4,-0.087795,0.080082,0.171239
1777047848.507508,9,-0.125663,0.157293,0.088298
1777047848.507508,7,-0.125083,0.106135,0.141482
1777047848.507508,2,-0.086841,0.027144,0.224669
1777047848.507508,5,-0.122980,0.054447,0.196890
1777047848.507508,10,-0.160180,0.133195,0.118050
1777047848.507508,8,-0.161477,0.079694,0.163892
1777047848.507508,11,-0.198915,0.106467,0.135492
1777047848.541504,0,-0.014208,0.084583,0.192363
1777047848.541504,3,-0.050048,0.108919,0.160660
1777047848.541504,1,-0.049842,0.057047,0.209197
1777047848.541504,6,-0.087297,0.132961,0.126456
1777047848.541504,4,-0.087907,0.079761,0.170685
1777047848.541504,9,-0.126150,0.157081,0.086876
1777047848.541504,7,-0.124267,0.107223,0.145422
1777047848.541504,2,-0.086613,0.028253,0.226725
1777047848.541504,5,-0.124501,0.052421,0.192656
1777047848.541504,10,-0.162617,0.131855,0.111315
1777047848.541504,8,-0.161495,0.079720,0.163919
1777047848.541504,11,-0.198934,0.106495,0.135522
1777047848.915620,0,-0.014277,0.085588,0.195215
1777047848.915620,3,-0.050536,0.107831,0.156943
1777047848.915620,1,-0.049842,0.057047,0.209197
1777047848.915620,6,-0.087297,0.132961,0.126456
1777047848.915620,4,-0.087907,0.079761,0.170685
1777047848.915620,9,-0.125684,0.157324,0.088328
1777047848.915620,7,-0.125227,0.106219,0.141273
1777047848.915620,2,-0.086626,0.028274,0.226744
1777047848.915620,5,-0.123510,0.054069,0.195843
1777047848.915620,10,-0.161795,0.132240,0.113515
1777047848.915620,8,-0.161510,0.079745,0.163944
1777047848.915620,11,-0.199362,0.106382,0.134550
1777047849.017703,0,-0.014222,0.084607,0.192383
1777047849.017703,3,-0.050020,0.109595,0.162631
1777047849.017703,1,-0.049856,0.057070,0.209217
1777047849.017703,6,-0.087094,0.133131,0.127049
1777047849.017703,4,-0.088021,0.079788,0.170443
1777047849.017703,9,-0.125702,0.157354,0.088356
1777047849.017703,7,-0.124283,0.107249,0.145447
1777047849.017703,2,-0.086769,0.028079,0.226126
1777047849.017703,5,-0.123010,0.054495,0.196936
1777047849.017703,10,-0.160217,0.133252,0.118108
1777047849.017703,8,-0.161510,0.079745,0.163944
1777047849.017703,11,-0.198951,0.106521,0.135549
1777047849.085669,0,-0.014411,0.085094,0.193448
1777047849.085669,3,-0.050243,0.109305,0.161149
1777047849.085669,1,-0.049865,0.057085,0.209230
1777047849.085669,6,-0.087325,0.133007,0.126499
1777047849.085669,4,-0.088687,0.078649,0.167342
1777047849.085669,9,-0.126182,0.157131,0.086923
1777047849.085669,7,-0.124350,0.107395,0.145469
1777047849.085669,2,-0.086635,0.028289,0.226757
1777047849.085669,5,-0.123020,0.054510,0.196950
1777047849.085669,10,-0.161747,0.132167,0.113604
1777047849.085669,8,-0.161521,0.079762,0.163960
1777047849.085669,11,-0.197719,0.107307,0.138265
1777047849.186562,0,-0.014239,0.084634,0.192406
1777047849.186562,3,-0.050390,0.108702,0.159419
1777047849.186562,1,-0.049922,0.057309,0.209769
1777047849.186562,6,-0.087704,0.132537,0.123602
1777047849.186562,4,-0.088185,0.079539,0.170556
1777047849.186562,9,-0.125845,0.157437,0.088032
1777047849.186562,7,-0.124302,0.107279,0.145475
1777047849.186562,2,-0.086784,0.028103,0.226148
1777047849.186562,10,-0.161058,0.132839,0.115634
1777047849.186562,5,-0.124125,0.052748,0.193434
1777047849.186562,8,-0.162513,0.078885,0.161547
1777047849.186562,11,-0.199010,0.106824,0.135599
1777047849.253436,0,-0.014046,0.084644,0.193142
1777047849.253436,3,-0.050300,0.109111,0.161383
1777047849.253436,1,-0.049922,0.057309,0.209769
1777047849.253436,6,-0.087333,0.133019,0.126510
1777047849.253436,4,-0.088000,0.079968,0.170784
1777047849.253436,9,-0.125723,0.157387,0.088388
1777047849.253436,7,-0.124344,0.107082,0.145235
1777047849.253436,2,-0.086640,0.028299,0.226765
1777047849.253436,5,-0.122824,0.055086,0.197893
1777047849.253436,10,-0.161755,0.132180,0.113616
1777047849.253436,8,-0.161528,0.079773,0.163971
1777047849.253436,11,-0.199380,0.106412,0.134581
1777047849.286989,0,-0.014240,0.084863,0.193843
1777047849.286989,3,-0.050189,0.108998,0.160853
1777047849.286989,1,-0.049876,0.057102,0.209245
1777047849.286989,6,-0.087339,0.133028,0.126518
1777047849.286989,4,-0.088281,0.079205,0.170004
1777047849.286989,9,-0.125969,0.157542,0.088850
1777047849.286989,7,-0.124350,0.107090,0.145242
1777047849.286989,2,-0.086645,0.028305,0.226771
1777047849.286989,5,-0.122376,0.055807,0.199990
1777047849.286989,10,-0.161826,0.132281,0.113474
1777047849.286989,8,-0.162518,0.078892,0.161554
1777047849.286989,11,-0.198975,0.106558,0.135589
1777047849.320541,0,-0.014471,0.084446,0.192809
1777047849.320541,3,-0.050796,0.107995,0.157535
1777047849.320541,1,-0.049931,0.057322,0.209780
1777047849.320541,6,-0.087343,0.133035,0.126525
1777047849.320541,4,-0.088285,0.079212,0.170010
1777047849.320541,9,-0.126102,0.157074,0.087147
1777047849.320541,7,-0.124354,0.107097,0.145249
1777047849.320541,2,-0.086648,0.028311,0.226776
1777047849.320541,10,-0.161630,0.132265,0.114099
1777047849.320541,5,-0.123435,0.054118,0.196633
1777047849.320541,8,-0.161693,0.079753,0.164055
1777047849.320541,11,-0.198221,0.107005,0.137804
1777047849.387644,0,-0.014298,0.084369,0.192908
1777047849.387644,3,-0.050796,0.107995,0.157535
1777047849.387644,1,-0.049931,0.057322,0.209780
1777047849.387644,6,-0.087343,0.133035,0.126525
1777047849.387644,4,-0.088720,0.078296,0.166969
1777047849.387644,9,-0.125653,0.157307,0.088527
1777047849.387644,7,-0.124354,0.107097,0.145249
1777047849.387644,2,-0.086648,0.028311,0.226776
1777047849.387644,10,-0.161580,0.132168,0.114137
1777047849.387644,5,-0.124134,0.052761,0.193447
1777047849.387644,8,-0.159506,0.081982,0.170855
1777047849.387644,11,-0.199390,0.106427,0.134597
1777047849.454745,0,-0.014263,0.084205,0.192720
1777047849.454745,3,-0.050799,0.108000,0.157539
1777047849.454745,1,-0.050170,0.056822,0.208350
1777047849.454745,6,-0.087347,0.133040,0.126530
1777047849.454745,4,-0.088289,0.079217,0.170014
1777047849.454745,9,-0.125657,0.157312,0.088533
1777047849.454745,7,-0.124845,0.106688,0.143860
1777047849.454745,2,-0.086652,0.028315,0.226780
1777047849.454745,5,-0.123804,0.053480,0.194858
1777047849.454745,10,-0.161584,0.132173,0.114142
1777047849.454745,8,-0.161697,0.079758,0.164060
1777047849.454745,11,-0.197471,0.107543,0.139757
1777047849.488296,0,-0.014145,0.085691,0.196055
1777047849.488296,3,-0.050510,0.108827,0.159919
1777047849.488296,1,-0.049885,0.057115,0.209256
1777047849.488296,6,-0.087350,0.133043,0.126532
1777047849.488296,4,-0.088291,0.079219,0.170017
1777047849.488296,9,-0.125810,0.157372,0.089208
1777047849.488296,7,-0.124388,0.107263,0.145371
1777047849.488296,2,-0.086653,0.028317,0.226782
1777047849.488296,10,-0.161587,0.132176,0.114146
1777047849.488296,5,-0.123440,0.054125,0.196640
1777047849.488296,8,-0.160479,0.081120,0.168490
1777047849.488296,11,-0.197838,0.107138,0.138756
1777047849.521845,0,-0.014424,0.084965,0.193780
1777047849.521845,3,-0.050684,0.107933,0.157177
1777047849.521845,1,-0.050374,0.055944,0.206814
1777047849.521845,6,-0.087350,0.133043,0.126532
1777047849.521845,9,-0.125558,0.156840,0.088480
1777047849.521845,4,-0.088726,0.078303,0.166975
1777047849.521845,7,-0.124360,0.107105,0.145257
1777047849.521845,2,-0.087008,0.027690,0.225779
1777047849.521845,10,-0.161587,0.132176,0.114146
1777047849.521845,5,-0.124188,0.053124,0.194470
1777047849.521845,8,-0.160277,0.081024,0.168060
1777047849.521845,11,-0.197473,0.107546,0.139760
1777047849.588944,0,-0.014341,0.085120,0.194583
1777047849.588944,3,-0.050581,0.109004,0.161158
1777047849.588944,1,-0.049937,0.057331,0.209788
1777047849.588944,6,-0.087351,0.133046,0.126535
1777047849.588944,4,-0.088201,0.079563,0.170578
1777047849.588944,9,-0.126026,0.156993,0.087359
1777047849.588944,7,-0.124319,0.107304,0.145500
1777047849.588944,2,-0.086655,0.028319,0.226784
1777047849.588944,5,-0.124190,0.053127,0.194472
1777047849.588944,10,-0.162541,0.131763,0.111649
1777047849.588944,8,-0.161602,0.080008,0.164825
1777047849.588944,11,-0.197474,0.107549,0.139764
1777047849.656041,0,-0.014307,0.084708,0.193445
1777047849.656041,3,-0.050804,0.108008,0.157546
1777047849.656041,1,-0.050589,0.055786,0.206582
1777047849.656041,6,-0.087353,0.133048,0.126537
1777047849.656041,4,-0.088202,0.079565,0.170579
1777047849.656041,9,-0.125532,0.157278,0.088938
1777047849.656041,7,-0.124320,0.107306,0.145502
1777047849.656041,2,-0.087068,0.026941,0.224374
1777047849.656041,5,-0.123443,0.054129,0.196644
1777047849.656041,10,-0.162364,0.131731,0.112130
1777047849.656041,8,-0.160909,0.080352,0.166644
1777047849.656041,11,-0.198435,0.106794,0.136949
1777047849.689589,0,-0.014183,0.084194,0.192242
1777047849.689589,3,-0.050804,0.108008,0.157546
1777047849.689589,1,-0.049938,0.057333,0.209790
1777047849.689589,6,-0.087353,0.133048,0.126537
1777047849.689589,4,-0.088589,0.078739,0.167784
1777047849.689589,9,-0.126113,0.157089,0.087161
1777047849.689589,7,-0.125543,0.105941,0.141195
1777047849.689589,2,-0.087068,0.026941,0.224374
1777047849.689589,5,-0.122387,0.055824,0.200007
1777047849.689589,10,-0.162542,0.131765,0.111651
1777047849.689589,8,-0.160613,0.080901,0.167262
1777047849.689589,11,-0.199363,0.106162,0.134582
1777047849.756684,0,-0.014259,0.085101,0.194091
1777047849.756684,3,-0.050805,0.108009,0.157547
1777047849.756684,1,-0.049939,0.057334,0.209791
1777047849.756684,6,-0.087315,0.133273,0.127717
1777047849.756684,4,-0.088729,0.078309,0.166981
1777047849.756684,9,-0.125219,0.157578,0.091054
1777047849.756684,7,-0.124364,0.107111,0.145263
1777047849.756684,2,-0.087011,0.027695,0.225783
1777047849.756684,10,-0.161640,0.132280,0.114114
1777047849.756684,5,-0.124191,0.053129,0.194475
1777047849.756684,8,-0.160910,0.080353,0.166645
1777047849.756684,11,-0.198230,0.107019,0.137819
1777047849.790231,0,-0.014257,0.085170,0.195005
1777047849.790231,3,-0.050583,0.109008,0.161161
1777047849.790231,1,-0.050105,0.056612,0.208601
1777047849.790231,6,-0.087234,0.133050,0.127004
1777047849.790231,4,-0.088294,0.079226,0.170023
1777047849.790231,9,-0.125664,0.157324,0.088544
1777047849.790231,2,-0.084092,0.035850,0.239870
1777047849.790231,7,-0.124364,0.107112,0.145264
1777047849.790231,10,-0.161591,0.132184,0.114153
1777047849.790231,5,-0.123444,0.054131,0.196646
1777047849.790231,8,-0.160601,0.080863,0.167682
1777047849.790231,11,-0.199764,0.106033,0.133611
1777047849.823777,0,-0.014234,0.085691,0.196472
1777047849.823777,3,-0.050584,0.109009,0.161162
1777047849.823777,1,-0.050343,0.056330,0.208098
1777047849.823777,6,-0.087355,0.133052,0.126541
1777047849.823777,4,-0.088295,0.079227,0.170024
1777047849.823777,9,-0.125665,0.157325,0.088545
1777047849.823777,7,-0.124365,0.107113,0.145265
1777047849.823777,2,-0.086273,0.028680,0.227763
1777047849.823777,10,-0.162430,0.131823,0.112052
1777047849.823777,5,-0.124193,0.053131,0.194476
1777047849.823777,8,-0.160911,0.080355,0.166647
1777047849.823777,11,-0.197478,0.107554,0.139769
1777047849.890868,0,-0.014397,0.084663,0.193751
1777047849.890868,3,-0.050806,0.108011,0.157549
1777047849.890868,1,-0.050122,0.057277,0.209785
1777047849.890868,6,-0.087135,0.133195,0.127108
1777047849.890868,4,-0.087509,0.080781,0.173865
1777047849.890868,9,-0.125221,0.157581,0.091058
1777047849.890868,7,-0.124366,0.107114,0.145266
1777047849.890868,2,-0.086069,0.029640,0.229577
1777047849.890868,5,-0.123445,0.054132,0.196648
1777047849.890868,10,-0.162367,0.131736,0.112134
1777047849.890868,8,-0.160912,0.080356,0.166648
1777047849.890868,11,-0.198823,0.106374,0.135899
1777047850.226585,0,-0.014104,0.085288,0.195572
1777047850.226585,3,-0.050807,0.108012,0.157550
1777047850.226585,1,-0.050122,0.057278,0.209786
1777047850.226585,6,-0.087355,0.133053,0.126542
1777047850.226585,9,-0.125382,0.156691,0.088986
1777047850.226585,4,-0.088731,0.078312,0.166983
1777047850.226585,7,-0.124366,0.107114,0.145266
1777047850.226585,2,-0.086516,0.027822,0.226751
1777047850.226585,10,-0.162367,0.131736,0.112134
1777047850.226585,5,-0.124193,0.053132,0.194477
1777047850.226585,8,-0.160912,0.080356,0.166648
1777047850.226585,11,-0.197328,0.107338,0.140010
1777047850.293692,0,-0.014214,0.084753,0.193771
1777047850.293692,3,-0.050718,0.108420,0.159509
1777047850.293692,1,-0.050107,0.056615,0.208604
1777047850.293692,6,-0.087357,0.133054,0.126543
1777047850.293692,4,-0.088297,0.079229,0.170026
1777047850.293692,9,-0.125818,0.157384,0.089220
1777047850.293692,7,-0.124367,0.107115,0.145267
1777047850.293692,2,-0.087071,0.026946,0.224378
1777047850.293692,10,-0.162368,0.131737,0.112136
1777047850.293692,5,-0.124194,0.053133,0.194478
1777047850.293692,8,-0.160913,0.080357,0.166649
1777047850.293692,11,-0.199085,0.106494,0.135377
1777047850.327246,0,-0.014398,0.084665,0.193752
1777047850.327246,3,-0.050808,0.108013,0.157551
1777047850.327246,1,-0.050123,0.057279,0.209787
1777047850.327246,6,-0.087357,0.133054,0.126543
1777047850.327246,4,-0.088297,0.079229,0.170026
1777047850.327246,9,-0.125537,0.157284,0.088945
1777047850.327246,7,-0.124260,0.107084,0.145528
1777047850.327246,2,-0.086961,0.027073,0.225017
1777047850.327246,5,-0.124194,0.053133,0.194478
1777047850.327246,10,-0.161536,0.132094,0.114221
1777047850.327246,8,-0.161706,0.079770,0.164072
1777047850.327246,11,-0.198824,0.106376,0.135900
1777047850.427903,0,-0.014271,0.084216,0.192730
1777047850.427903,3,-0.050718,0.108420,0.159509
1777047850.427903,1,-0.050345,0.056331,0.208100
1777047850.427903,6,-0.087357,0.133054,0.126543
1777047850.427903,4,-0.088297,0.079229,0.170026
1777047850.427903,9,-0.125538,0.157285,0.088946
1777047850.427903,7,-0.124325,0.107313,0.145509
1777047850.427903,2,-0.087072,0.026947,0.224379
1777047850.427903,10,-0.162369,0.131738,0.112137
1777047850.427903,5,-0.124195,0.053134,0.194479
1777047850.427903,8,-0.160914,0.080358,0.166650
1777047850.427903,11,-0.198234,0.107025,0.137825
1777047850.528556,0,-0.014271,0.084218,0.192731
1777047850.528556,3,-0.050416,0.109275,0.161993
1777047850.528556,1,-0.050124,0.057280,0.209788
1777047850.528556,6,-0.087357,0.133055,0.126544
1777047850.528556,4,-0.088207,0.079571,0.170585
1777047850.528556,9,-0.125223,0.157584,0.091061
1777047850.528556,7,-0.124325,0.107313,0.145509
1777047850.528556,2,-0.086659,0.028326,0.226790
1777047850.528556,10,-0.161595,0.132188,0.114158
1777047850.528556,5,-0.124195,0.053134,0.194479
1777047850.528556,8,-0.160486,0.081131,0.168501
1777047850.528556,11,-0.197330,0.107341,0.140012
1777047850.562107,0,-0.014399,0.084666,0.193753
1777047850.562107,3,-0.050692,0.107945,0.157187
1777047850.562107,1,-0.050593,0.055791,0.206587
1777047850.562107,6,-0.087237,0.133054,0.127009
1777047850.562107,4,-0.088298,0.079230,0.170027
1777047850.562107,9,-0.125818,0.157385,0.089221
1777047850.562107,7,-0.124368,0.107116,0.145268
1777047850.562107,2,-0.086568,0.028037,0.226763
1777047850.562107,10,-0.162369,0.131738,0.112137
1777047850.562107,5,-0.124195,0.053134,0.194479
1777047850.562107,8,-0.162019,0.079255,0.163023
1777047850.562107,11,-0.197480,0.107557,0.139773
1777047850.662756,0,-0.013957,0.085462,0.195933
1777047850.662756,3,-0.050809,0.108016,0.157553
1777047850.662756,1,-0.050125,0.057281,0.209789
1777047850.662756,6,-0.087358,0.133057,0.126545
1777047850.662756,4,-0.088052,0.080180,0.172413
1777047850.662756,9,-0.125158,0.156919,0.090626
1777047850.662756,7,-0.124368,0.107118,0.145269
1777047850.662756,2,-0.086684,0.028493,0.227148
1777047850.662756,10,-0.162433,0.131828,0.112057
1777047850.662756,5,-0.124196,0.053135,0.194480
1777047850.662756,8,-0.160914,0.080359,0.166652
1777047850.662756,11,-0.197880,0.107427,0.138805
1777047850.729854,0,-0.014272,0.084219,0.192732
1777047850.729854,3,-0.050229,0.109510,0.163224
1777047850.729854,1,-0.049943,0.057340,0.209796
1777047850.729854,6,-0.087358,0.133057,0.126545
1777047850.729854,4,-0.088734,0.078316,0.166986
1777047850.729854,9,-0.125224,0.157586,0.091062
1777047850.729854,7,-0.124368,0.107118,0.145269
1777047850.729854,2,-0.086912,0.027600,0.225620
1777047850.729854,10,-0.161595,0.132190,0.114160
1777047850.729854,5,-0.124196,0.053135,0.194480
1777047850.729854,8,-0.161999,0.079530,0.164497
1777047850.729854,11,-0.197846,0.107151,0.138770
1777047850.763402,0,-0.014400,0.084667,0.193754
1777047850.763402,3,-0.050809,0.108016,0.157553
1777047850.763402,1,-0.050594,0.055792,0.206588
1777047850.763402,6,-0.087358,0.133057,0.126546
1777047850.763402,4,-0.088298,0.079232,0.170028
1777047850.763402,9,-0.124350,0.157038,0.093715
1777047850.763402,7,-0.124368,0.107118,0.145270
1777047850.763402,2,-0.087072,0.026948,0.224380
1777047850.763402,5,-0.122391,0.055831,0.200013
1777047850.763402,10,-0.162370,0.131740,0.112139
1777047850.763402,8,-0.160914,0.080360,0.166652
1777047850.763402,11,-0.197481,0.107559,0.139774
1777047850.830498,0,-0.014311,0.084388,0.192924
1777047850.830498,3,-0.050518,0.108840,0.159931
1777047850.830498,1,-0.050125,0.057281,0.209789
1777047850.830498,6,-0.087238,0.133056,0.127011
1777047850.830498,4,-0.088298,0.079232,0.170028
1777047850.830498,9,-0.125224,0.157586,0.091062
1777047850.830498,7,-0.124368,0.107118,0.145270
1777047850.830498,2,-0.086660,0.028327,0.226791
1777047850.830498,5,-0.123448,0.054136,0.196651
1777047850.830498,10,-0.162303,0.131940,0.112508
1777047850.830498,8,-0.160914,0.080360,0.166652
1777047850.830498,11,-0.198441,0.106802,0.136957
1777047850.897591,0,-0.014400,0.084667,0.193754
1777047850.897591,3,-0.050229,0.109510,0.163225
1777047850.897591,1,-0.050594,0.055792,0.206588
1777047850.897591,6,-0.087238,0.133056,0.127011
1777047850.897591,4,-0.088298,0.079232,0.170028
1777047850.897591,9,-0.125538,0.157287,0.088948
1777047850.897591,7,-0.124368,0.107118,0.145270
1777047850.897591,2,-0.087072,0.026948,0.224380
1777047850.897591,10,-0.160079,0.133292,0.118675
1777047850.897591,5,-0.124196,0.053135,0.194480
1777047850.897591,8,-0.160605,0.080869,0.167688
1777047850.897591,11,-0.197369,0.107616,0.140038
1777047850.931138,0,-0.014272,0.084220,0.192733
1777047850.931138,3,-0.050298,0.109831,0.163519
1777047850.931138,1,-0.050109,0.056618,0.208606
1777047850.931138,6,-0.087239,0.133057,0.127012
1777047850.931138,4,-0.088299,0.079233,0.170029
1777047850.931138,9,-0.125539,0.157288,0.088949
1777047850.931138,7,-0.124369,0.107119,0.145271
1777047850.931138,2,-0.087073,0.026949,0.224381
1777047850.931138,10,-0.161596,0.132191,0.114161
1777047850.931138,5,-0.124196,0.053136,0.194481
1777047850.931138,8,-0.160915,0.080360,0.166653
1777047850.931138,11,-0.197847,0.107152,0.138771
1777047850.998230,0,-0.014441,0.085020,0.193921
1777047850.998230,3,-0.050854,0.108400,0.157744
1777047850.998230,1,-0.050165,0.057622,0.209938
1777047850.998230,6,-0.087407,0.133469,0.126763
1777047850.998230,4,-0.088252,0.079948,0.170760
1777047850.998230,9,-0.126172,0.157546,0.087414
1777047850.998230,7,-0.124373,0.107713,0.145712
1777047850.998230,2,-0.086918,0.027096,0.224484
1777047850.998230,10,-0.161646,0.132617,0.114388
1777047850.998230,5,-0.124238,0.053493,0.194637
1777047850.998230,8,-0.160960,0.080743,0.166837
1777047850.998230,11,-0.199961,0.106084,0.133415
1777047851.065320,0,-0.014313,0.084572,0.192898
1777047851.065320,3,-0.050274,0.109890,0.163417
1777047851.065320,1,-0.050386,0.056676,0.208250
1777047851.065320,6,-0.087407,0.133469,0.126763
1777047851.065320,4,-0.089202,0.084133,0.172101
1777047851.065320,9,-0.126299,0.163116,0.093845
1777047851.065320,7,-0.125322,0.112243,0.147671
1777047851.065320,2,-0.087458,0.032967,0.228835
1777047851.065320,10,-0.162623,0.137589,0.116872
1777047851.065320,5,-0.124292,0.058878,0.198651
1777047851.065320,8,-0.161393,0.086125,0.170828
1777047851.065320,11,-0.200358,0.111459,0.137233
1777047851.098864,0,-0.015465,0.088936,0.194296
1777047851.098864,3,-0.051625,0.113360,0.161680
1777047851.098864,1,-0.051151,0.060909,0.209877
1777047851.098864,6,-0.088344,0.138281,0.129019
1777047851.098864,4,-0.088984,0.084831,0.174227
1777047851.098864,9,-0.126422,0.163168,0.093486
1777047851.098864,7,-0.125322,0.112243,0.147671
1777047851.098864,2,-0.087857,0.031443,0.226057
1777047851.098864,10,-0.162623,0.137589,0.116872
1777047851.098864,5,-0.124292,0.058878,0.198651
1777047851.098864,8,-0.161828,0.085366,0.168973
1777047851.098864,11,-0.198821,0.112406,0.141414
1777047851.165952,0,-0.015213,0.094105,0.196114
1777047851.165952,3,-0.051758,0.117880,0.160329
1777047851.165952,1,-0.051051,0.065517,0.210051
1777047851.165952,6,-0.088409,0.143302,0.129754
1777047851.165952,4,-0.089163,0.089425,0.173316
1777047851.165952,9,-0.126821,0.168069,0.092430
1777047851.165952,7,-0.125387,0.117299,0.148452
1777047851.165952,2,-0.087873,0.037109,0.228189
1777047851.165952,10,-0.162716,0.142754,0.117779
1777047851.165952,5,-0.124329,0.063853,0.199348
1777047851.165952,8,-0.161889,0.090451,0.169797
1777047851.165952,11,-0.200723,0.116362,0.138262
1777047851.233072,0,-0.015117,0.098638,0.196428
1777047851.233072,3,-0.051594,0.122868,0.162689
1777047851.233072,1,-0.051065,0.070299,0.210756
1777047851.233072,6,-0.089040,0.147139,0.126888
1777047851.233072,4,-0.089110,0.094050,0.173751
1777047851.233072,9,-0.127015,0.172808,0.093438
1777047851.233072,7,-0.125304,0.122174,0.149215
1777047851.233072,2,-0.087613,0.041529,0.228257
1777047851.233072,10,-0.163496,0.147072,0.116366
1777047851.233072,5,-0.125024,0.067512,0.197645
1777047851.233072,8,-0.161840,0.095148,0.170356
1777047851.233072,11,-0.200044,0.121824,0.139864
1777047851.300188,0,-0.015117,0.098638,0.196428
1777047851.300188,3,-0.051699,0.122481,0.160727
1777047851.300188,1,-0.051065,0.070299,0.210756
1777047851.300188,6,-0.088377,0.147965,0.130236
1777047851.300188,4,-0.089240,0.097535,0.174323
1777047851.300188,9,-0.126934,0.176339,0.093905
1777047851.300188,7,-0.125998,0.125129,0.148245
1777047851.300188,2,-0.087342,0.045355,0.229894
1777047851.300188,5,-0.124365,0.071955,0.200404
1777047851.300188,10,-0.163676,0.150689,0.117125
1777047851.300188,8,-0.163116,0.097626,0.167404
1777047851.300188,11,-0.200591,0.125025,0.139607
1777047851.367303,0,-0.015095,0.101607,0.195873
1777047851.367303,3,-0.051722,0.126347,0.163251
1777047851.367303,1,-0.051158,0.073704,0.211239
1777047851.367303,6,-0.088537,0.151515,0.130889
1777047851.367303,4,-0.089804,0.096322,0.170714
1777047851.367303,9,-0.126600,0.176612,0.096020
1777047851.367303,7,-0.125498,0.125525,0.149639
1777047851.367303,2,-0.087871,0.044294,0.227502
1777047851.367303,10,-0.162882,0.151112,0.119144
1777047851.367303,5,-0.125137,0.070983,0.198228
1777047851.367303,8,-0.161975,0.098682,0.171034
1777047851.367303,11,-0.198538,0.126399,0.145052
1777047851.434416,0,-0.015235,0.102576,0.196128
1777047851.434416,3,-0.051989,0.126957,0.161581
1777047851.434416,1,-0.051048,0.075591,0.213192
1777047851.434416,6,-0.088711,0.152532,0.131221
1777047851.434416,4,-0.089490,0.098189,0.174057
1777047851.434416,9,-0.126794,0.177655,0.096391
1777047851.434416,7,-0.125254,0.127085,0.152206
1777047851.434416,2,-0.088149,0.045005,0.226986
1777047851.434416,5,-0.125446,0.071253,0.197205
1777047851.434416,10,-0.163006,0.152047,0.119580
1777047851.434416,8,-0.162128,0.099675,0.171372
1777047851.434416,11,-0.199197,0.126964,0.144162
1777047851.501528,0,-0.016397,0.102668,0.199425
1777047851.501528,3,-0.052776,0.126899,0.165978
1777047851.501528,1,-0.052454,0.074096,0.213658
1777047851.501528,6,-0.090499,0.150946,0.129952
1777047851.501528,4,-0.090482,0.098015,0.177670
1777047851.501528,9,-0.128467,0.176201,0.096933
1777047851.501528,7,-0.127210,0.125360,0.151054
1777047851.501528,2,-0.088908,0.046030,0.233125
1777047851.501528,10,-0.164467,0.151043,0.121346
1777047851.501528,5,-0.125851,0.072307,0.203747
1777047851.501528,8,-0.163307,0.098927,0.174859
1777047851.501528,11,-0.200095,0.126296,0.147508
1777047851.535084,0,-0.017076,0.100602,0.198972
1777047851.535084,3,-0.053300,0.126267,0.169583
1777047851.535084,1,-0.053201,0.072981,0.215893
1777047851.535084,6,-0.091109,0.149887,0.132976
1777047851.535084,4,-0.090927,0.097557,0.181585
1777047851.535084,9,-0.128888,0.175235,0.099815
1777047851.535084,7,-0.127699,0.124502,0.155577
1777047851.535084,2,-0.089612,0.045004,0.235370
1777047851.535084,10,-0.165365,0.150006,0.123120
1777047851.535084,5,-0.125787,0.072276,0.208174
1777047851.535084,8,-0.166165,0.095663,0.169895
1777047851.535084,11,-0.202009,0.123842,0.145949
1777047851.602193,0,-0.019355,0.096325,0.200449
1777047851.602193,3,-0.055550,0.121767,0.171150
1777047851.602193,1,-0.056023,0.067193,0.214742
1777047851.602193,6,-0.094022,0.144983,0.131561
1777047851.602193,4,-0.093174,0.093379,0.184813
1777047851.602193,9,-0.131385,0.170682,0.101810
1777047851.602193,7,-0.129710,0.120527,0.157350
1777047851.602193,2,-0.092053,0.040419,0.237718
1777047851.602193,5,-0.128150,0.067948,0.211199
1777047851.602193,10,-0.166505,0.146112,0.129000
1777047851.602193,8,-0.163637,0.095938,0.186012
1777047851.602193,11,-0.203922,0.120109,0.150169
1777047851.669302,0,-0.021155,0.095121,0.205061
1777047851.669302,3,-0.057428,0.119280,0.172272
1777047851.669302,1,-0.057599,0.065548,0.218177
1777047851.669302,6,-0.094848,0.143600,0.138540
1777047851.669302,4,-0.094917,0.091628,0.188071
1777047851.669302,9,-0.132147,0.168887,0.107366
1777047851.669302,7,-0.131205,0.118401,0.160499
1777047851.669302,2,-0.093842,0.038413,0.239878
1777047851.669302,5,-0.130687,0.064616,0.210243
1777047851.669302,10,-0.168132,0.144138,0.132170
1777047851.669302,8,-0.168408,0.090901,0.180464
1777047851.669302,11,-0.204531,0.118518,0.155570
1777047851.736409,0,-0.022933,0.092084,0.204216
1777047851.736409,3,-0.059466,0.117035,0.172948
1777047851.736409,1,-0.059689,0.063116,0.218694
1777047851.736409,6,-0.096602,0.141354,0.140392
1777047851.736409,4,-0.096700,0.088674,0.188207
1777047851.736409,9,-0.134976,0.166306,0.105832
1777047851.736409,7,-0.133350,0.114574,0.160836
1777047851.736409,2,-0.094968,0.035884,0.242788
1777047851.736409,5,-0.130773,0.063464,0.216394
1777047851.736409,10,-0.171015,0.139302,0.129042
1777047851.736409,8,-0.170192,0.087342,0.182219
1777047851.736409,11,-0.207570,0.113837,0.152911
1777047851.803514,0,-0.024484,0.090180,0.208246
1777047851.803514,3,-0.061114,0.113602,0.174006
1777047851.803514,1,-0.061085,0.060639,0.221415
1777047851.803514,6,-0.098502,0.137856,0.140048
1777047851.803514,4,-0.098909,0.084481,0.186114
1777047851.803514,9,-0.137549,0.161775,0.101912
1777047851.803514,7,-0.135747,0.111919,0.159462
1777047851.803514,2,-0.096607,0.034478,0.244624
1777047851.803514,10,-0.173244,0.137269,0.128757
1777047851.803514,5,-0.134010,0.059348,0.213481
1777047851.803514,8,-0.170800,0.086238,0.185162
1777047851.803514,11,-0.207060,0.113598,0.159543
1777047851.837067,0,-0.024663,0.085305,0.206746
1777047851.837067,3,-0.061285,0.109678,0.174821
1777047851.837067,1,-0.061620,0.055799,0.220112
1777047851.837067,6,-0.098375,0.133924,0.141692
1777047851.837067,4,-0.099561,0.080107,0.186476
1777047851.837067,9,-0.138058,0.156958,0.100311
1777047851.837067,7,-0.136848,0.106006,0.155944
1777047851.837067,2,-0.097757,0.028760,0.242111
1777047851.837067,5,-0.132993,0.057027,0.217324
1777047851.837067,10,-0.173118,0.132637,0.129735
1777047851.837067,8,-0.171969,0.080739,0.182333
1777047851.837067,11,-0.209841,0.107048,0.153174
1777047851.870578,0,-0.024730,0.079687,0.204186
1777047851.870578,3,-0.061335,0.103327,0.170351
1777047851.870578,1,-0.061199,0.050792,0.219002
1777047851.870578,6,-0.098287,0.127757,0.137119
1777047851.870578,4,-0.098831,0.075246,0.185655
1777047851.870578,9,-0.136722,0.152103,0.101288
1777047851.870578,7,-0.136040,0.100975,0.154887
1777047851.870578,2,-0.096501,0.025450,0.244057
1777047851.870578,5,-0.134626,0.048487,0.208726
1777047851.870578,10,-0.172172,0.127214,0.127596
1777047851.870578,8,-0.173086,0.073940,0.176781
1777047851.870578,11,-0.209807,0.101396,0.149714
1777047851.904135,0,-0.024988,0.079305,0.204881
1777047851.904135,3,-0.061226,0.103412,0.171977
1777047851.904135,1,-0.061322,0.050232,0.219298
1777047851.904135,6,-0.098899,0.127242,0.136986
1777047851.904135,9,-0.137501,0.151350,0.099579
1777047851.904135,4,-0.098974,0.075321,0.187304
1777047851.904135,7,-0.135131,0.096540,0.154362
1777047851.904135,2,-0.096268,0.020230,0.241204
1777047851.904135,10,-0.172330,0.121994,0.123901
1777047851.904135,5,-0.133468,0.045058,0.209526
1777047851.904135,8,-0.170424,0.071297,0.179905
1777047851.904135,11,-0.208208,0.097219,0.149778
1777047851.937692,0,-0.024050,0.075489,0.204670
1777047851.937692,3,-0.060166,0.099767,0.173318
1777047851.937692,1,-0.060685,0.046224,0.218218
1777047851.937692,6,-0.097211,0.123440,0.138470
1777047851.937692,9,-0.134835,0.147856,0.104225
1777047851.937692,4,-0.099003,0.068743,0.180842
1777047851.937692,7,-0.134637,0.097055,0.156547
1777047851.937692,2,-0.096430,0.020546,0.242226
1777047851.937692,5,-0.133158,0.045331,0.210893
1777047851.937692,10,-0.170384,0.123118,0.129519
1777047851.937692,8,-0.171753,0.069644,0.177165
1777047851.937692,11,-0.209474,0.096260,0.148056
1777047852.373898,0,-0.022899,0.071447,0.199870
1777047852.373898,3,-0.058976,0.095693,0.167092
1777047852.373898,1,-0.059656,0.041428,0.212715
1777047852.373898,6,-0.096509,0.118568,0.129397
1777047852.373898,4,-0.097433,0.065894,0.178222
1777047852.373898,9,-0.135660,0.142618,0.091013
1777047852.373898,7,-0.134157,0.092649,0.149371
1777047852.373898,2,-0.095242,0.015924,0.236963
1777047852.373898,10,-0.169123,0.119700,0.124985
1777047852.373898,5,-0.132431,0.040952,0.205350
1777047852.373898,8,-0.169584,0.067475,0.175206
1777047852.373898,11,-0.206570,0.093842,0.146321
1777047852.441000,0,-0.020494,0.070469,0.197823
1777047852.441000,3,-0.056690,0.094495,0.163984
1777047852.441000,6,-0.093384,0.119098,0.131270
1777047852.441000,1,-0.056892,0.041073,0.211675
1777047852.441000,4,-0.094999,0.064082,0.173449
1777047852.441000,9,-0.131839,0.142412,0.091702
1777047852.441000,7,-0.130635,0.092879,0.149812
1777047852.441000,2,-0.092989,0.014838,0.234055
1777047852.441000,10,-0.168091,0.118055,0.117493
1777047852.441000,5,-0.130974,0.038699,0.199215
1777047852.441000,8,-0.165126,0.068394,0.177611
1777047852.441000,11,-0.203972,0.093070,0.143237
1777047852.474551,0,-0.019559,0.071316,0.196377
1777047852.474551,3,-0.055920,0.095951,0.162649
1777047852.474551,1,-0.056311,0.042723,0.210936
1777047852.474551,6,-0.093114,0.119255,0.126074
1777047852.474551,9,-0.131562,0.143489,0.089379
1777047852.474551,4,-0.094810,0.064809,0.170524
1777047852.474551,7,-0.130372,0.093937,0.147657
1777047852.474551,2,-0.092200,0.015929,0.232811
1777047852.474551,5,-0.128371,0.042798,0.203589
1777047852.474551,10,-0.167826,0.118862,0.115053
1777047852.474551,8,-0.166652,0.067759,0.170927
1777047852.474551,11,-0.202636,0.095231,0.144093
1777047852.541652,0,-0.018311,0.070730,0.191158
1777047852.541652,3,-0.054342,0.096332,0.161041
1777047852.541652,1,-0.054773,0.043449,0.208724
1777047852.541652,6,-0.091586,0.120091,0.125058
1777047852.541652,4,-0.093129,0.065637,0.168678
1777047852.541652,9,-0.130608,0.143924,0.084691
1777047852.541652,7,-0.128521,0.094950,0.146807
1777047852.541652,2,-0.091408,0.015214,0.228071
1777047852.541652,5,-0.128484,0.040938,0.196156
1777047852.541652,10,-0.165063,0.120410,0.116668
1777047852.541652,8,-0.166861,0.066739,0.163329
1777047852.541652,11,-0.200967,0.096078,0.142044
1777047852.575202,0,-0.016859,0.071436,0.193020
1777047852.575202,3,-0.053333,0.094661,0.156949
1777047852.575202,1,-0.053407,0.042490,0.206423
1777047852.575202,6,-0.090343,0.118889,0.120998
1777047852.575202,4,-0.091198,0.065896,0.168943
1777047852.575202,9,-0.127774,0.143829,0.087564
1777047852.575202,7,-0.128380,0.092296,0.138472
1777047852.575202,2,-0.089883,0.014658,0.226419
1777047852.575202,10,-0.164781,0.118746,0.110561
1777047852.575202,5,-0.126428,0.041391,0.196763
1777047852.575202,8,-0.165019,0.066184,0.161942
1777047852.575202,11,-0.201419,0.093544,0.134599
1777047852.608751,0,-0.015287,0.070225,0.191142
1777047852.608751,3,-0.051311,0.094760,0.158305
1777047852.608751,1,-0.051866,0.042244,0.205326
1777047852.608751,6,-0.088437,0.118084,0.119632
1777047852.608751,9,-0.126785,0.142794,0.081807
1777047852.608751,4,-0.089029,0.066343,0.170366
1777047852.608751,7,-0.125467,0.092866,0.140399
1777047852.608751,2,-0.088812,0.012137,0.221235
1777047852.608751,5,-0.124893,0.040134,0.193447
1777047852.608751,10,-0.163705,0.117358,0.106061
1777047852.608751,8,-0.162715,0.065584,0.160657
1777047852.608751,11,-0.199013,0.093296,0.134016
1777047852.675848,0,-0.014759,0.073192,0.191295
1777047852.675848,3,-0.050616,0.096867,0.156045
1777047852.675848,6,-0.087004,0.120597,0.122776
1777047852.675848,1,-0.050955,0.044141,0.203415
1777047852.675848,4,-0.089062,0.067685,0.165662
1777047852.675848,9,-0.124743,0.146031,0.086545
1777047852.675848,7,-0.124741,0.096070,0.140922
1777047852.675848,2,-0.088014,0.015839,0.221420
1777047852.675848,10,-0.161308,0.118151,0.104978
1777047852.675848,5,-0.123516,0.040081,0.190044
1777047852.675848,8,-0.161931,0.065484,0.156232
1777047852.675848,11,-0.198975,0.092604,0.127329
1777047852.742944,0,-0.012884,0.071570,0.184711
1777047852.742944,3,-0.048860,0.096315,0.151846
1777047852.742944,1,-0.049336,0.044299,0.200932
1777047852.742944,6,-0.085667,0.121048,0.117137
1777047852.742944,4,-0.087170,0.066804,0.160402
1777047852.742944,9,-0.124018,0.145638,0.078918
1777047852.742944,7,-0.122650,0.095515,0.137751
1777047852.742944,2,-0.085990,0.015462,0.218244
1777047852.742944,10,-0.160411,0.120729,0.104167
1777047852.742944,5,-0.123361,0.040798,0.185431
1777047852.742944,8,-0.158483,0.070351,0.161050
1777047852.742944,11,-0.196800,0.095541,0.128861
1777047852.776492,0,-0.012020,0.072606,0.185793
1777047852.776492,3,-0.047668,0.097340,0.153518
1777047852.776492,6,-0.084282,0.121865,0.118364
1777047852.776492,1,-0.048569,0.044434,0.199264
1777047852.776492,4,-0.086222,0.067479,0.160282
1777047852.776492,9,-0.123969,0.145071,0.073139
1777047852.776492,7,-0.121451,0.096270,0.137719
1777047852.776492,2,-0.084778,0.018076,0.221492
1777047852.776492,10,-0.157708,0.122153,0.108406
1777047852.776492,5,-0.121578,0.043116,0.188666
1777047852.776492,8,-0.159316,0.069097,0.155737
1777047852.776492,11,-0.196223,0.096146,0.127358
1777047852.843585,0,-0.011529,0.074109,0.184512
1777047852.843585,3,-0.046880,0.099772,0.155262
1777047852.843585,1,-0.047599,0.046877,0.200725
1777047852.843585,6,-0.084040,0.123345,0.116552
1777047852.843585,4,-0.085487,0.069753,0.161345
1777047852.843585,9,-0.121168,0.148619,0.083042
1777047852.843585,7,-0.121987,0.097459,0.135069
1777047852.843585,2,-0.084965,0.018018,0.217087
1777047852.843585,5,-0.121458,0.044451,0.186934
1777047852.843585,10,-0.159615,0.122568,0.101266
1777047852.843585,8,-0.158851,0.071239,0.156522
1777047852.843585,11,-0.196621,0.097497,0.125211
1777047852.910677,0,-0.010764,0.076913,0.187409
1777047852.910677,3,-0.046845,0.099943,0.149604
1777047852.910677,1,-0.046818,0.049502,0.202123
1777047852.910677,6,-0.083035,0.125419,0.118436
1777047852.910677,4,-0.084408,0.072595,0.164152
1777047852.910677,9,-0.120743,0.149419,0.081078
1777047852.910677,7,-0.120859,0.099383,0.135185
1777047852.910677,2,-0.083604,0.021162,0.219298
1777047852.910677,5,-0.121040,0.045383,0.184916
1777047852.910677,10,-0.157090,0.125222,0.105563
1777047852.910677,8,-0.158772,0.071690,0.153393
1777047852.910677,11,-0.192336,0.101342,0.133533
1777047852.944223,0,-0.010281,0.076986,0.185816
1777047852.944223,3,-0.046245,0.101673,0.152518
1777047852.944223,1,-0.046419,0.049198,0.200485
1777047852.944223,6,-0.082650,0.126215,0.118678
1777047852.944223,4,-0.084311,0.072601,0.161543
1777047852.944223,9,-0.120762,0.150698,0.080037
1777047852.944223,7,-0.119817,0.100623,0.137558
1777047852.944223,2,-0.083408,0.020884,0.217632
1777047852.944223,5,-0.119913,0.047323,0.187868
1777047852.944223,10,-0.156597,0.126070,0.106605
1777047852.944223,8,-0.158873,0.071881,0.151459
1777047852.944223,11,-0.193068,0.101314,0.130656
1777047853.179030,3,-0.044967,0.106976,0.151552
1777047853.179030,1,-0.044816,0.055309,0.200417
1777047853.179030,6,-0.081737,0.131524,0.116902
1777047853.179030,4,-0.082162,0.079318,0.164273
1777047853.179030,9,-0.118723,0.156432,0.083258
1777047853.179030,7,-0.119228,0.105723,0.134718
1777047853.179030,2,-0.082222,0.025366,0.215318
1777047853.179030,5,-0.118025,0.053586,0.188857
1777047853.179030,10,-0.157312,0.130582,0.100394
1777047853.179030,8,-0.155649,0.079720,0.157158
1777047853.179030,11,-0.192133,0.106623,0.129256
1777047853.246218,3,-0.044436,0.108788,0.152051
1777047853.246218,1,-0.044689,0.056216,0.198578
1777047853.246218,6,-0.081262,0.133300,0.118013
1777047853.246218,4,-0.081996,0.080896,0.163534
1777047853.246218,9,-0.117935,0.158438,0.085814
1777047853.246218,7,-0.118407,0.108034,0.136971
1777047853.246218,2,-0.081660,0.027815,0.215937
1777047853.246218,5,-0.117757,0.055159,0.188331
1777047853.246218,10,-0.157063,0.132283,0.100054
1777047853.246218,8,-0.157075,0.079446,0.151205
1777047853.246218,11,-0.192668,0.107649,0.127650
1777047853.313406,3,-0.044778,0.110554,0.152681
1777047853.313406,1,-0.044501,0.058169,0.200093
1777047853.313406,6,-0.080815,0.134434,0.121153
1777047853.313406,4,-0.082092,0.082298,0.164266
1777047853.313406,9,-0.118184,0.159762,0.085309
1777047853.313406,7,-0.117932,0.109953,0.139859
1777047853.313406,2,-0.081714,0.028305,0.215124
1777047853.313406,5,-0.118189,0.056196,0.187889
1777047853.313406,10,-0.154601,0.135217,0.109828
1777047853.313406,8,-0.156667,0.081726,0.153935
1777047853.313406,11,-0.194191,0.108297,0.124802
1777047853.346999,3,-0.045031,0.109856,0.150480
1777047853.346999,1,-0.044721,0.057686,0.198608
1777047853.346999,6,-0.081123,0.135135,0.119815
1777047853.346999,4,-0.082563,0.082029,0.162756
1777047853.346999,9,-0.117711,0.160103,0.086986
1777047853.346999,7,-0.118954,0.108782,0.134403
1777047853.346999,2,-0.081390,0.029771,0.216783
1777047853.346999,5,-0.117817,0.056768,0.188381
1777047853.346999,10,-0.155207,0.135042,0.107511
1777047853.346999,8,-0.156667,0.081726,0.153935
1777047853.346999,11,-0.194191,0.108297,0.124802
1777047853.414187,3,-0.044375,0.110716,0.153577
1777047853.414187,1,-0.044488,0.059091,0.201377
1777047853.414187,6,-0.081579,0.134737,0.116438
1777047853.414187,4,-0.082682,0.081534,0.160667
1777047853.414187,9,-0.118568,0.161038,0.084199
1777047853.414187,7,-0.118343,0.109555,0.137589
1777047853.414187,2,-0.081693,0.029514,0.216219
1777047853.414187,5,-0.118271,0.056017,0.186182
1777047853.414187,10,-0.154187,0.135841,0.109703
1777047853.414187,8,-0.156175,0.082257,0.155016
1777047853.414187,11,-0.191213,0.110141,0.131631
1777047853.481375,3,-0.044556,0.110474,0.152192
1777047853.481375,1,-0.044718,0.058548,0.199751
1777047853.481375,6,-0.081576,0.134734,0.116435
1777047853.481375,4,-0.082311,0.082282,0.163477
1777047853.481375,9,-0.118369,0.160180,0.085086
1777047853.481375,7,-0.118706,0.109476,0.136319
1777047853.481375,2,-0.081691,0.029511,0.216217
1777047853.481375,10,-0.155262,0.135127,0.107355
1777047853.481375,5,-0.119319,0.054461,0.182712
1777047853.481375,8,-0.157073,0.081506,0.152756
1777047853.481375,11,-0.191648,0.110016,0.130548
1777047853.548562,3,-0.044554,0.110472,0.152191
1777047853.548562,1,-0.044306,0.059827,0.202744
1777047853.548562,6,-0.081574,0.134732,0.116433
1777047853.548562,4,-0.082677,0.081530,0.160663
1777047853.548562,9,-0.118366,0.160178,0.085084
1777047853.548562,7,-0.118560,0.109368,0.135662
1777047853.548562,2,-0.081689,0.029510,0.216215
1777047853.548562,5,-0.118266,0.056012,0.186177
1777047853.548562,10,-0.156300,0.134431,0.103387
1777047853.548562,8,-0.156170,0.082253,0.155010
1777047853.548562,11,-0.192583,0.109630,0.128630
1777047853.615750,3,-0.044588,0.111089,0.153877
1777047853.615750,1,-0.044716,0.058547,0.199750
1777047853.615750,6,-0.081574,0.134732,0.116433
1777047853.615750,4,-0.082309,0.082281,0.163475
1777047853.615750,9,-0.118246,0.160111,0.085495
1777047853.615750,7,-0.118560,0.109368,0.135662
1777047853.615750,2,-0.081265,0.030332,0.217745
1777047853.615750,5,-0.118266,0.056012,0.186177
1777047853.615750,10,-0.156359,0.134519,0.103309
1777047853.615750,8,-0.156170,0.082253,0.155010
1777047853.615750,11,-0.191646,0.110014,0.130545
1777047853.649344,3,-0.044552,0.110470,0.152188
1777047853.649344,1,-0.044305,0.059824,0.202742
1777047853.649344,6,-0.081636,0.134827,0.116309
1777047853.649344,4,-0.082427,0.082232,0.163040
1777047853.649344,9,-0.118727,0.159991,0.082224
1777047853.649344,7,-0.119091,0.109072,0.134156
1777047853.649344,2,-0.081263,0.030330,0.217743
1777047853.649344,5,-0.117736,0.056976,0.188630
1777047853.649344,10,-0.156357,0.134517,0.103306
1777047853.649344,8,-0.154691,0.083711,0.159047
1777047853.649344,11,-0.191644,0.110012,0.130543
1777047853.716532,3,-0.043659,0.110776,0.153201
1777047853.716532,1,-0.043553,0.059490,0.201690
1777047853.716532,6,-0.080204,0.135305,0.118878
1777047853.716532,4,-0.082036,0.081264,0.159544
1777047853.716532,9,-0.117308,0.159837,0.083647
1777047853.716532,7,-0.118285,0.108828,0.133381
1777047853.716532,2,-0.080603,0.030190,0.217132
1777047853.716532,5,-0.117326,0.056617,0.187082
1777047853.716532,10,-0.154711,0.134525,0.104471
1777047853.716532,8,-0.155399,0.082040,0.154210
1777047853.716532,11,-0.191766,0.109388,0.127734
1777047853.783720,3,-0.042176,0.112968,0.150909
1777047853.783720,1,-0.042550,0.060938,0.198015
1777047853.783720,6,-0.079029,0.137045,0.113935
1777047853.783720,9,-0.114672,0.163293,0.087529
1777047853.783720,4,-0.080384,0.084118,0.159317
1777047853.783720,7,-0.116655,0.111670,0.132622
1777047853.783720,2,-0.079723,0.031782,0.214495
1777047853.783720,5,-0.116110,0.058729,0.184768
1777047853.783720,10,-0.153763,0.137119,0.101527
1777047853.783720,8,-0.154603,0.084497,0.151715
1777047853.783720,11,-0.190124,0.112353,0.126837
1777047853.850908,3,-0.042145,0.113549,0.152252
1777047853.850908,1,-0.042406,0.061999,0.200200
1777047853.850908,6,-0.078938,0.137638,0.115996
1777047853.850908,4,-0.080024,0.084875,0.162129
1777047853.850908,9,-0.115890,0.163629,0.082590
1777047853.850908,7,-0.116655,0.111670,0.132622
1777047853.850908,2,-0.079337,0.032509,0.215811
1777047853.850908,5,-0.116110,0.058729,0.184768
1777047853.850908,10,-0.153707,0.137024,0.101662
1777047853.850908,8,-0.153855,0.084968,0.153409
1777047853.850908,11,-0.188799,0.117962,0.129546
1777047853.850908,85,-1.198216,-0.868225,-0.950644
1777047854.052472,3,-0.041830,0.117860,0.151203
1777047854.052472,1,-0.042183,0.065697,0.198513
1777047854.052472,6,-0.078657,0.142303,0.115528
1777047854.052472,4,-0.080135,0.088987,0.159472
1777047854.052472,9,-0.114327,0.168356,0.087789
1777047854.052472,7,-0.116258,0.116718,0.133312
1777047854.052472,2,-0.078939,0.037865,0.217023
1777047854.052472,5,-0.115765,0.063683,0.185363
1777047854.052472,10,-0.153293,0.142213,0.102447
1777047854.052472,8,-0.153492,0.090065,0.154101
1777047854.052472,11,-0.188542,0.118626,0.130459
1777047854.287156,3,-0.041648,0.120484,0.153054
1777047854.287156,1,-0.041647,0.068652,0.200412
1777047854.287156,6,-0.078292,0.144330,0.115545
1777047854.287156,4,-0.079896,0.090656,0.158138
1777047854.287156,9,-0.115187,0.169664,0.081373
1777047854.287156,7,-0.116005,0.118870,0.133191
1777047854.287156,2,-0.078783,0.039692,0.216316
1777047854.287156,5,-0.115236,0.066538,0.187012
1777047854.287156,10,-0.152931,0.144314,0.102483
1777047854.287156,8,-0.153170,0.092174,0.154144
1777047854.287156,11,-0.188455,0.120104,0.129594
1777047854.354254,3,-0.041428,0.122457,0.152439
1777047854.354254,1,-0.041807,0.070804,0.200335
1777047854.354254,6,-0.078433,0.146735,0.115225
1777047854.354254,4,-0.079874,0.093178,0.158541
1777047854.354254,9,-0.114255,0.172568,0.085143
1777047854.354254,7,-0.115530,0.121534,0.134573
1777047854.354254,2,-0.079066,0.041690,0.215419
1777047854.354254,5,-0.115259,0.068671,0.185903
1777047854.354254,10,-0.153308,0.146817,0.101474
1777047854.354254,8,-0.153521,0.094688,0.153331
1777047854.354254,11,-0.189727,0.122306,0.126926
1777047854.454896,3,-0.044223,0.124521,0.152696
1777047854.454896,1,-0.044547,0.072207,0.200117
1777047854.454896,6,-0.081235,0.148872,0.116173
1777047854.454896,4,-0.082643,0.095110,0.159541
1777047854.454896,9,-0.116350,0.174941,0.089991
1777047854.454896,7,-0.117809,0.124080,0.138638
1777047854.454896,2,-0.081990,0.041972,0.213713
1777047854.454896,5,-0.117583,0.070812,0.188508
1777047854.454896,10,-0.154380,0.149793,0.108783
1777047854.454896,8,-0.155517,0.096918,0.156913
1777047854.454896,11,-0.191309,0.124464,0.130477
1777047854.521990,0,-0.010653,0.096412,0.183187
1777047854.521990,3,-0.046747,0.121540,0.151404
1777047854.521990,1,-0.046835,0.069694,0.201911
1777047854.521990,6,-0.083320,0.146718,0.120806
1777047854.521990,4,-0.084803,0.093112,0.163273
1777047854.521990,9,-0.120893,0.172054,0.085613
1777047854.521990,7,-0.121450,0.120334,0.135824
1777047854.521990,2,-0.083269,0.042053,0.221011
1777047854.521990,5,-0.120328,0.067789,0.189125
1777047854.521990,10,-0.158540,0.146082,0.105479
1777047854.521990,8,-0.157500,0.094713,0.159729
1777047854.521990,11,-0.197038,0.119901,0.125766
1777047854.521990,107,-0.446024,-0.170567,0.033684
1777047854.555536,0,-0.011782,0.096727,0.187196
1777047854.555536,3,-0.047372,0.122115,0.157346
1777047854.555536,1,-0.047883,0.069323,0.202940
1777047854.555536,6,-0.084327,0.146343,0.122782
1777047854.555536,4,-0.085371,0.093436,0.167119
1777047854.555536,9,-0.121009,0.172148,0.091806
1777047854.555536,7,-0.122224,0.120158,0.138901
1777047854.555536,2,-0.084090,0.042947,0.224833
1777047854.555536,10,-0.157019,0.147175,0.115025
1777047854.555536,5,-0.121242,0.067704,0.191895
1777047854.555536,8,-0.158330,0.094638,0.162734
1777047854.555536,11,-0.195940,0.120993,0.133142
1777047854.589082,0,-0.012581,0.095951,0.187614
1777047854.589082,3,-0.048551,0.121214,0.157422
1777047854.589082,1,-0.048595,0.068777,0.204369
1777047854.589082,6,-0.085862,0.145181,0.120346
1777047854.589082,4,-0.087290,0.091238,0.163370
1777047854.589082,9,-0.123478,0.170445,0.085574
1777047854.589082,7,-0.123451,0.119450,0.138811
1777047854.589082,2,-0.086315,0.038589,0.218298
1777047854.589082,10,-0.160109,0.145299,0.109562
1777047854.589082,5,-0.122155,0.067052,0.192486
1777047854.589082,8,-0.159394,0.093506,0.162482
1777047854.589082,11,-0.196242,0.120320,0.134550
1777047854.656173,0,-0.013482,0.095604,0.189741
1777047854.656173,3,-0.049313,0.120427,0.157809
1777047854.656173,1,-0.049605,0.067455,0.203679
1777047854.656173,6,-0.086432,0.144483,0.121727
1777047854.656173,4,-0.087905,0.090921,0.165073
1777047854.656173,9,-0.124242,0.169838,0.086563
1777047854.656173,7,-0.124035,0.118881,0.140285
1777047854.656173,2,-0.086334,0.039826,0.222351
1777047854.656173,5,-0.122650,0.066258,0.192868
1777047854.656173,10,-0.160656,0.144712,0.111240
1777047854.656173,8,-0.160813,0.092365,0.161448
1777047854.656173,11,-0.198814,0.118678,0.130952
1777047854.723262,0,-0.014278,0.095065,0.188611
1777047854.723262,3,-0.050039,0.119951,0.158011
1777047854.723262,1,-0.050744,0.065955,0.200978
1777047854.723262,6,-0.087322,0.144381,0.122746
1777047854.723262,4,-0.088770,0.090560,0.166049
1777047854.723262,9,-0.124701,0.168836,0.088163
1777047854.723262,7,-0.125492,0.117445,0.137167
1777047854.723262,2,-0.087325,0.038807,0.222347
1777047854.723262,5,-0.123853,0.065850,0.192913
1777047854.723262,10,-0.161693,0.144179,0.110278
1777047854.723262,8,-0.162376,0.091521,0.160534
1777047854.723262,11,-0.200031,0.118097,0.131151
1777047854.790350,0,-0.015097,0.094677,0.191901
1777047854.790350,3,-0.051189,0.118191,0.155830
1777047854.790350,1,-0.051523,0.065305,0.202897
1777047854.790350,6,-0.087643,0.143483,0.124856
1777047854.790350,4,-0.089215,0.089990,0.168148
1777047854.790350,9,-0.126046,0.168261,0.087705
1777047854.790350,7,-0.125105,0.117632,0.142701
1777047854.790350,2,-0.088169,0.037054,0.221616
1777047854.790350,10,-0.161941,0.143340,0.112628
1777047854.790350,5,-0.124283,0.065180,0.194851
1777047854.790350,8,-0.162808,0.090342,0.161910
1777047854.790350,11,-0.199595,0.117837,0.134392
1777047854.857436,0,-0.015811,0.092882,0.190320
1777047854.857436,3,-0.051780,0.117591,0.157880
1777047854.857436,1,-0.051890,0.064493,0.204172
1777047854.857436,6,-0.088378,0.142843,0.126803
1777047854.857436,4,-0.089642,0.089102,0.169836
1777047854.857436,9,-0.126560,0.167358,0.089211
1777047854.857436,7,-0.126947,0.115490,0.139252
1777047854.857436,2,-0.088712,0.036196,0.222575
1777047854.857436,5,-0.126106,0.061894,0.190860
1777047854.857436,10,-0.162443,0.142363,0.114131
1777047854.857436,8,-0.162669,0.090064,0.164059
1777047854.857436,11,-0.200196,0.116615,0.134901
1777047854.924537,0,-0.016051,0.092478,0.190944
1777047854.924537,3,-0.052209,0.117274,0.159593
1777047854.924537,1,-0.052415,0.063933,0.204741
1777047854.924537,6,-0.089498,0.141570,0.123438
1777047854.924537,4,-0.090773,0.087390,0.166979
1777047854.924537,9,-0.126816,0.167013,0.090075
1777047854.924537,7,-0.125363,0.117153,0.147629
1777047854.924537,2,-0.089317,0.036015,0.223653
1777047854.924537,5,-0.126520,0.062007,0.192809
1777047854.924537,10,-0.165098,0.140578,0.108463
1777047854.924537,8,-0.165058,0.087861,0.159892
1777047854.924537,11,-0.200055,0.116507,0.136659
1777047854.991744,0,-0.016391,0.092965,0.193003
1777047854.991744,3,-0.052767,0.116307,0.156726
1777047854.991744,1,-0.052654,0.064050,0.205171
1777047854.991744,6,-0.089582,0.141111,0.123627
1777047854.991744,4,-0.090912,0.087605,0.167794
1777047854.991744,9,-0.127195,0.166661,0.090534
1777047854.991744,7,-0.127121,0.115493,0.142034
1777047854.991744,2,-0.089431,0.035915,0.223962
1777047854.991744,10,-0.162210,0.142114,0.117617
1777047854.991744,5,-0.126793,0.061577,0.192323
1777047854.991744,8,-0.163731,0.089020,0.163885
1777047854.991744,11,-0.202383,0.115031,0.132277
1777047855.025348,0,-0.016504,0.092821,0.192736
1777047855.025348,3,-0.052593,0.117214,0.160270
1777047855.025348,1,-0.053396,0.063058,0.203640
1777047855.025348,6,-0.089950,0.140941,0.122457
1777047855.025348,4,-0.090389,0.088898,0.171261
1777047855.025348,9,-0.127169,0.166779,0.090667
1777047855.025348,7,-0.127802,0.114923,0.140566
1777047855.025348,2,-0.089901,0.035056,0.222477
1777047855.025348,5,-0.126543,0.062136,0.193276
1777047855.025348,10,-0.164490,0.140866,0.111600
1777047855.025348,8,-0.164739,0.088171,0.161511
1777047855.025348,11,-0.200836,0.116181,0.136350
1777047855.092556,0,-0.016748,0.092536,0.191657
1777047855.092556,3,-0.052866,0.116267,0.156725
1777047855.092556,1,-0.053081,0.063904,0.205181
1777047855.092556,6,-0.089784,0.141248,0.123448
1777047855.092556,4,-0.091250,0.087400,0.167452
1777047855.092556,9,-0.127057,0.166691,0.090958
1777047855.092556,7,-0.126737,0.116104,0.144159
1777047855.092556,2,-0.090228,0.034314,0.221646
1777047855.092556,10,-0.164485,0.140856,0.111590
1777047855.092556,5,-0.127604,0.060585,0.190178
1777047855.092556,8,-0.165229,0.087583,0.160128
1777047855.092556,11,-0.200803,0.115905,0.136321
1777047855.126159,0,-0.016744,0.092528,0.191650
1777047855.126159,3,-0.053132,0.116181,0.156624
1777047855.126159,1,-0.052887,0.064476,0.206853
1777047855.126159,6,-0.090899,0.139944,0.118375
1777047855.126159,4,-0.090378,0.088492,0.170898
1777047855.126159,9,-0.127158,0.166759,0.090648
1777047855.126159,7,-0.126593,0.115955,0.144382
1777047855.126159,2,-0.089893,0.035041,0.222464
1777047855.126159,10,-0.162886,0.141871,0.116040
1777047855.126159,5,-0.126863,0.061844,0.193215
1777047855.126159,8,-0.164832,0.088208,0.161739
1777047855.126159,11,-0.200798,0.115897,0.136312
1777047855.193367,0,-0.016744,0.092528,0.191650
1777047855.193367,3,-0.052584,0.117197,0.160255
1777047855.193367,1,-0.053077,0.063896,0.205175
1777047855.193367,6,-0.089940,0.140922,0.122440
1777047855.193367,4,-0.091246,0.087392,0.167445
1777047855.193367,9,-0.127895,0.166787,0.088683
1777047855.193367,7,-0.127998,0.114783,0.140258
1777047855.193367,2,-0.090047,0.034800,0.221706
1777047855.193367,5,-0.126058,0.062944,0.195260
1777047855.193367,10,-0.162882,0.141865,0.116033
1777047855.193367,8,-0.166269,0.086662,0.157674
1777047855.193367,11,-0.200255,0.116353,0.137637
1777047855.226945,0,-0.016585,0.092657,0.191922
1777047855.226945,3,-0.052468,0.117206,0.160229
1777047855.226945,1,-0.053074,0.063891,0.205170
1777047855.226945,6,-0.089936,0.140916,0.122434
1777047855.226945,4,-0.090377,0.088875,0.171240
1777047855.226945,9,-0.127154,0.166753,0.090641
1777047855.226945,7,-0.127206,0.115769,0.142934
1777047855.226945,2,-0.090323,0.034383,0.221381
1777047855.226945,5,-0.126531,0.062115,0.193256
1777047855.226945,10,-0.165206,0.140327,0.108824
1777047855.226945,8,-0.165897,0.087192,0.158799
1777047855.226945,11,-0.199799,0.116499,0.138700
1777047855.327677,0,-0.016500,0.092441,0.191264
1777047855.327677,3,-0.052464,0.117197,0.160222
1777047855.327677,1,-0.053070,0.063884,0.205163
1777047855.327677,6,-0.089931,0.140907,0.122426
1777047855.327677,4,-0.090372,0.088867,0.171232
1777047855.327677,9,-0.128445,0.166050,0.085903
1777047855.327677,7,-0.127632,0.115204,0.140698
1777047855.327677,2,-0.089410,0.035875,0.223925
1777047855.327677,10,-0.162877,0.141856,0.116024
1777047855.327677,5,-0.126527,0.062107,0.193248
1777047855.327677,8,-0.164824,0.088194,0.161725
1777047855.327677,11,-0.200374,0.116287,0.137350
1777047855.663441,0,-0.016496,0.092433,0.191258
1777047855.663441,3,-0.052107,0.118007,0.162698
1777047855.663441,1,-0.052826,0.063816,0.204477
1777047855.663441,6,-0.089926,0.140898,0.122417
1777047855.663441,4,-0.090368,0.088860,0.171225
1777047855.663441,9,-0.127259,0.166932,0.090489
1777047855.663441,7,-0.127075,0.115624,0.142220
1777047855.663441,2,-0.089527,0.036267,0.224399
1777047855.663441,5,-0.125537,0.063269,0.196308
1777047855.663441,10,-0.163087,0.141861,0.115430
1777047855.663441,8,-0.163294,0.089650,0.165488
1777047855.663441,11,-0.200640,0.116101,0.135945
1777047855.730592,0,-0.016490,0.092422,0.191248
1777047855.730592,3,-0.052300,0.117967,0.162297
1777047855.730592,1,-0.053125,0.062620,0.202111
1777047855.730592,6,-0.089919,0.140885,0.122405
1777047855.730592,4,-0.090361,0.088848,0.171214
1777047855.730592,9,-0.127247,0.166653,0.090217
1777047855.730592,7,-0.127068,0.115612,0.142208
1777047855.730592,2,-0.089387,0.036401,0.224914
1777047855.730592,5,-0.125524,0.063747,0.196701
1777047855.730592,10,-0.163080,0.141848,0.115416
1777047855.730592,8,-0.162948,0.090129,0.166509
1777047855.730592,11,-0.201997,0.115300,0.133090
1777047855.831317,0,-0.016490,0.092422,0.191248
1777047855.831317,3,-0.052512,0.117612,0.159993
1777047855.831317,1,-0.052621,0.063989,0.205117
1777047855.831317,6,-0.089762,0.141513,0.124464
1777047855.831317,4,-0.090893,0.087754,0.167966
1777047855.831317,9,-0.127238,0.166785,0.090339
1777047855.831317,7,-0.127614,0.115013,0.140509
1777047855.831317,2,-0.089387,0.036401,0.224914
1777047855.831317,10,-0.163915,0.141542,0.113433
1777047855.831317,5,-0.127016,0.061584,0.191634
1777047855.831317,8,-0.163288,0.089638,0.165476
1777047855.831317,11,-0.200460,0.116183,0.137090
1777047855.898466,0,-0.016478,0.092402,0.191230
1777047855.898466,3,-0.052769,0.116536,0.156956
1777047855.898466,1,-0.052905,0.063904,0.204688
1777047855.898466,6,-0.089814,0.141271,0.123225
1777047855.898466,4,-0.090585,0.088818,0.170438
1777047855.898466,9,-0.127223,0.166761,0.090314
1777047855.898466,7,-0.127069,0.115401,0.141945
1777047855.898466,2,-0.089511,0.036238,0.224373
1777047855.898466,5,-0.125512,0.063728,0.196682
1777047855.898466,10,-0.163066,0.141825,0.115392
1777047855.898466,8,-0.164443,0.088663,0.162762
1777047855.898466,11,-0.200478,0.116424,0.137076
1777047855.965614,0,-0.016469,0.092388,0.191218
1777047855.965614,3,-0.052640,0.116786,0.157867
1777047855.965614,1,-0.052686,0.064757,0.206317
1777047855.965614,6,-0.089804,0.141254,0.123209
1777047855.965614,4,-0.090339,0.088812,0.171181
1777047855.965614,9,-0.127745,0.166370,0.088589
1777047855.965614,7,-0.127044,0.115573,0.142170
1777047855.965614,2,-0.089503,0.036225,0.224361
1777047855.965614,10,-0.163075,0.141920,0.115414
1777047855.965614,5,-0.126220,0.062486,0.193695
1777047855.965614,8,-0.164434,0.088647,0.162746
1777047855.965614,11,-0.200754,0.115823,0.136233
1777047856.032762,0,-0.016469,0.092388,0.191218
1777047856.032762,3,-0.052824,0.116797,0.157623
1777047856.032762,1,-0.052618,0.065235,0.207822
1777047856.032762,6,-0.089993,0.141221,0.122483
1777047856.032762,4,-0.090484,0.088785,0.170654
1777047856.032762,9,-0.127206,0.166734,0.090288
1777047856.032762,7,-0.127040,0.115566,0.142163
1777047856.032762,2,-0.089136,0.036787,0.225278
1777047856.032762,5,-0.125499,0.063707,0.196662
1777047856.032762,10,-0.163885,0.141493,0.113383
1777047856.032762,8,-0.162921,0.090085,0.166464
1777047856.032762,11,-0.200005,0.116547,0.138118
1777047856.066335,0,-0.016580,0.092728,0.191982
1777047856.066335,3,-0.052485,0.117567,0.159952
1777047856.066335,1,-0.052682,0.064750,0.206311
1777047856.066335,6,-0.089088,0.142069,0.126609
1777047856.066335,4,-0.090335,0.088805,0.171174
1777047856.066335,9,-0.127206,0.166734,0.090288
1777047856.066335,7,-0.127040,0.115566,0.142163
1777047856.066335,2,-0.089499,0.036219,0.224355
1777047856.066335,10,-0.163070,0.141912,0.115406
1777047856.066335,5,-0.126216,0.062479,0.193688
1777047856.066335,8,-0.163877,0.089073,0.163351
1777047856.066335,11,-0.201534,0.115671,0.134140
1777047856.133482,0,-0.016462,0.092376,0.191207
1777047856.133482,3,-0.052597,0.116722,0.157748
1777047856.133482,1,-0.052581,0.064542,0.205787
1777047856.133482,6,-0.089726,0.141148,0.123353
1777047856.133482,9,-0.127203,0.166728,0.090282
1777047856.133482,4,-0.090992,0.087861,0.167518
1777047856.133482,7,-0.127052,0.115372,0.141916
1777047856.133482,2,-0.089497,0.036214,0.224351
1777047856.133482,10,-0.163079,0.142022,0.115465
1777047856.133482,5,-0.126989,0.061538,0.191590
1777047856.133482,8,-0.164427,0.088635,0.162733
1777047856.133482,11,-0.200881,0.115987,0.135982
1777047856.167055,0,-0.016461,0.092374,0.191205
1777047856.167055,3,-0.052145,0.118009,0.162410
1777047856.167055,1,-0.052889,0.063877,0.204663
1777047856.167055,6,-0.089794,0.141238,0.123193
1777047856.167055,4,-0.091328,0.087275,0.166483
1777047856.167055,9,-0.128565,0.166072,0.084744
1777047856.167055,7,-0.127035,0.115558,0.142155
1777047856.167055,2,-0.089361,0.036357,0.224873
1777047856.167055,10,-0.163066,0.141903,0.115397
1777047856.167055,5,-0.125495,0.063700,0.196655
1777047856.167055,8,-0.164425,0.088633,0.162731
1777047856.167055,11,-0.200459,0.116393,0.137042
1777047856.234194,0,-0.016461,0.092374,0.191205
1777047856.234194,3,-0.052367,0.117578,0.159940
1777047856.234194,1,-0.052885,0.064442,0.205301
1777047856.234194,6,-0.090128,0.140906,0.121554
1777047856.234194,9,-0.126408,0.166387,0.092066
1777047856.234194,4,-0.090990,0.087859,0.167516
1777047856.234194,7,-0.127050,0.115369,0.141914
1777047856.234194,2,-0.089495,0.036212,0.224349
1777047856.234194,10,-0.163066,0.141903,0.115397
1777047856.234194,5,-0.126701,0.062107,0.192693
1777047856.234194,8,-0.162916,0.090076,0.166455
1777047856.234194,11,-0.200458,0.116391,0.137040
1777047856.301313,0,-0.016575,0.092720,0.191974
1777047856.301313,3,-0.052814,0.116780,0.157607
1777047856.301313,1,-0.052759,0.064699,0.205996
1777047856.301313,6,-0.089982,0.141203,0.122466
1777047856.301313,4,-0.090566,0.088786,0.170409
1777047856.301313,9,-0.127200,0.166723,0.090277
1777047856.301313,7,-0.127034,0.115556,0.142153
1777047856.301313,2,-0.089494,0.036211,0.224348
1777047856.301313,10,-0.163065,0.141901,0.115395
1777047856.301313,5,-0.126701,0.062107,0.192693
1777047856.301313,8,-0.162916,0.090076,0.166455
1777047856.301313,11,-0.203238,0.114666,0.129656
1777047856.368430,0,-0.016496,0.092488,0.191264
1777047856.368430,3,-0.052478,0.117556,0.159942
1777047856.368430,1,-0.052883,0.064438,0.205298
1777047856.368430,6,-0.089899,0.141436,0.123762
1777047856.368430,4,-0.090860,0.087700,0.167915
1777047856.368430,9,-0.127304,0.166800,0.089981
1777047856.368430,7,-0.127033,0.115554,0.142151
1777047856.368430,2,-0.089131,0.036778,0.225269
1777047856.368430,10,-0.163063,0.141899,0.115393
1777047856.368430,5,-0.126498,0.062213,0.192738
1777047856.368430,8,-0.162915,0.090074,0.166453
1777047856.368430,11,-0.202765,0.114818,0.130758
1777047856.435546,0,-0.016458,0.092369,0.191201
1777047856.435546,3,-0.052283,0.117570,0.160281
1777047856.435546,1,-0.052812,0.064332,0.204726
1777047856.435546,6,-0.089909,0.141109,0.122624
1777047856.435546,4,-0.091082,0.087867,0.167270
1777047856.435546,9,-0.127303,0.166799,0.089980
1777047856.435546,7,-0.127032,0.115553,0.142150
1777047856.435546,2,-0.089064,0.035740,0.223207
1777047856.435546,10,-0.163076,0.142136,0.115552
1777047856.435546,5,-0.126209,0.062468,0.193677
1777047856.435546,8,-0.165422,0.087571,0.159489
1777047856.435546,11,-0.201054,0.115885,0.134804
1777047856.469104,0,-0.016458,0.092369,0.191201
1777047856.469104,3,-0.052478,0.117555,0.159941
1777047856.469104,1,-0.052757,0.064696,0.205993
1777047856.469104,6,-0.089980,0.141199,0.122462
1777047856.469104,4,-0.091083,0.087866,0.167270
1777047856.469104,9,-0.127198,0.166719,0.090273
1777047856.469104,7,-0.127100,0.115625,0.142043
1777047856.469104,2,-0.089064,0.035739,0.223207
1777047856.469104,10,-0.163063,0.141897,0.115391
1777047856.469104,5,-0.126210,0.062467,0.193677
1777047856.469104,8,-0.165422,0.087570,0.159489
1777047856.469104,11,-0.200456,0.116387,0.137036
1777047856.536218,0,-0.016458,0.092368,0.191201
1777047856.536218,3,-0.052478,0.117554,0.159940
1777047856.536218,1,-0.052616,0.064610,0.205744
1777047856.536218,6,-0.089915,0.141237,0.122724
1777047856.536218,4,-0.091083,0.087866,0.167270
1777047856.536218,9,-0.127303,0.166798,0.089980
1777047856.536218,7,-0.127033,0.115552,0.142150
1777047856.536218,2,-0.089130,0.036776,0.225268
1777047856.536218,10,-0.163063,0.141897,0.115391
1777047856.536218,5,-0.126210,0.062467,0.193677
1777047856.536218,8,-0.163870,0.089060,0.163339
1777047856.536218,11,-0.201660,0.115567,0.133751
1777047856.569775,0,-0.016409,0.093061,0.192461
1777047856.569775,3,-0.052363,0.117572,0.159935
1777047856.569775,1,-0.052746,0.064331,0.204940
1777047856.569775,6,-0.089549,0.141377,0.123820
1777047856.569775,4,-0.091082,0.087865,0.167269
1777047856.569775,9,-0.127303,0.166797,0.089979
1777047856.569775,7,-0.127032,0.115551,0.142149
1777047856.569775,2,-0.089130,0.036776,0.225267
1777047856.569775,10,-0.163062,0.141896,0.115390
1777047856.569775,5,-0.126209,0.062466,0.193676
1777047856.569775,8,-0.164422,0.088626,0.162725
1777047856.569775,11,-0.201997,0.115502,0.133026
1777047856.636888,0,-0.016495,0.092485,0.191261
1777047856.636888,3,-0.052363,0.117571,0.159934
1777047856.636888,1,-0.052971,0.064375,0.204948
1777047856.636888,6,-0.090101,0.141205,0.122008
1777047856.636888,4,-0.090564,0.088781,0.170404
1777047856.636888,9,-0.126936,0.165882,0.090227
1777047856.636888,7,-0.127046,0.115675,0.142142
1777047856.636888,2,-0.089708,0.035641,0.222771
1777047856.636888,10,-0.163189,0.141948,0.115044
1777047856.636888,5,-0.127006,0.061819,0.191688
1777047856.636888,8,-0.162914,0.090071,0.166450
1777047856.636888,11,-0.201997,0.115501,0.133025
1777047856.703999,0,-0.016494,0.092484,0.191260
1777047856.703999,3,-0.052476,0.117551,0.159938
1777047856.703999,1,-0.052890,0.063547,0.203671
1777047856.703999,6,-0.089654,0.141263,0.123316
1777047856.703999,4,-0.091081,0.087863,0.167267
1777047856.703999,9,-0.127560,0.166437,0.088107
1777047856.703999,7,-0.127031,0.115549,0.142147
1777047856.703999,2,-0.089129,0.036774,0.225266
1777047856.703999,5,-0.127005,0.061818,0.191687
1777047856.703999,10,-0.163061,0.141894,0.115388
1777047856.703999,8,-0.164215,0.088558,0.162281
1777047856.703999,11,-0.201525,0.115654,0.134122
1777047856.771109,0,-0.016494,0.092484,0.191260
1777047856.771109,3,-0.052910,0.116553,0.156288
1777047856.771109,1,-0.052554,0.064799,0.206112
1777047856.771109,6,-0.088831,0.142206,0.127265
1777047856.771109,4,-0.091081,0.087863,0.167267
1777047856.771109,9,-0.127197,0.166716,0.090270
1777047856.771109,7,-0.127194,0.115559,0.141655
1777047856.771109,2,-0.089129,0.036774,0.225266
1777047856.771109,5,-0.127005,0.061818,0.191687
1777047856.771109,10,-0.163061,0.141894,0.115388
1777047856.771109,8,-0.163869,0.089057,0.163336
1777047856.771109,11,-0.201996,0.115500,0.133023
1777047856.804663,0,-0.016494,0.092484,0.191260
1777047856.804663,3,-0.052476,0.117551,0.159938
1777047856.804663,1,-0.052810,0.064328,0.204723
1777047856.804663,6,-0.089199,0.142062,0.126152
1777047856.804663,4,-0.091081,0.087863,0.167267
1777047856.804663,9,-0.127197,0.166716,0.090270
1777047856.804663,7,-0.127194,0.115559,0.141655
1777047856.804663,2,-0.089129,0.036774,0.225266
1777047856.804663,5,-0.127005,0.061818,0.191687
1777047856.804663,10,-0.163061,0.141894,0.115388
1777047856.804663,8,-0.163869,0.089057,0.163336
1777047856.804663,11,-0.203235,0.114658,0.129650
1777047857.173743,0,-0.016456,0.092365,0.191198
1777047857.173743,3,-0.052554,0.117379,0.158810
1777047857.173743,1,-0.052554,0.064798,0.206111
1777047857.173743,6,-0.089547,0.141374,0.123817
1777047857.173743,4,-0.091430,0.087456,0.166162
1777047857.173743,9,-0.127301,0.166793,0.089975
1777047857.173743,7,-0.127194,0.115558,0.141654
1777047857.173743,2,-0.089129,0.036773,0.225265
1777047857.173743,5,-0.126448,0.062405,0.193480
1777047857.173743,10,-0.163188,0.141946,0.115042
1777047857.173743,8,-0.163868,0.089056,0.163335
1777047857.173743,11,-0.203234,0.114658,0.129649
1777047857.240862,0,-0.016494,0.092483,0.191259
1777047857.240862,3,-0.052476,0.117550,0.159937
1777047857.240862,1,-0.052810,0.064327,0.204722
1777047857.240862,6,-0.089079,0.142051,0.126592
1777047857.240862,4,-0.091081,0.087862,0.167266
1777047857.240862,9,-0.127196,0.166715,0.090269
1777047857.240862,7,-0.127194,0.115558,0.141654
1777047857.240862,2,-0.089707,0.035639,0.222770
1777047857.240862,10,-0.163061,0.141893,0.115387
1777047857.240862,5,-0.126698,0.062100,0.192686
1777047857.240862,8,-0.163868,0.089056,0.163335
1777047857.240862,11,-0.201658,0.115563,0.133747
1777047857.274419,0,-0.016572,0.092713,0.191968
1777047857.274419,3,-0.052554,0.117379,0.158810
1777047857.274419,1,-0.052475,0.066108,0.210024
1777047857.274419,6,-0.089198,0.142061,0.126151
1777047857.274419,4,-0.090563,0.088779,0.170402
1777047857.274419,9,-0.127196,0.166715,0.090269
1777047857.274419,7,-0.127457,0.114993,0.139926
1777047857.274419,2,-0.089062,0.035736,0.223204
1777047857.274419,5,-0.127004,0.061817,0.191687
1777047857.274419,10,-0.163061,0.141893,0.115387
1777047857.274419,8,-0.165420,0.087566,0.159485
1777047857.274419,11,-0.202762,0.114812,0.130752
1777047857.307975,0,-0.016493,0.092482,0.191258
1777047857.307975,3,-0.052475,0.117549,0.159936
1777047857.307975,1,-0.052553,0.064797,0.206111
1777047857.307975,6,-0.089913,0.141232,0.122720
1777047857.307975,4,-0.091080,0.087861,0.167265
1777047857.307975,9,-0.127300,0.166792,0.089974
1777047857.307975,7,-0.127193,0.115557,0.141653
1777047857.307975,2,-0.089128,0.036772,0.225264
1777047857.307975,5,-0.127004,0.061817,0.191686
1777047857.307975,10,-0.163060,0.141892,0.115386
1777047857.307975,8,-0.163868,0.089055,0.163334
1777047857.307975,11,-0.201657,0.115562,0.133746
1777047857.341532,0,-0.016494,0.092483,0.191259
1777047857.341532,3,-0.052676,0.117342,0.158744
1777047857.341532,1,-0.052810,0.064327,0.204722
1777047857.341532,6,-0.089548,0.141374,0.123817
1777047857.341532,4,-0.090563,0.088779,0.170402
1777047857.341532,9,-0.127301,0.166793,0.089975
1777047857.341532,7,-0.127194,0.115558,0.141654
1777047857.341532,2,-0.089129,0.036773,0.225265
1777047857.341532,10,-0.163188,0.141946,0.115042
1777047857.341532,5,-0.127005,0.061817,0.191686
1777047857.341532,8,-0.164214,0.088557,0.162280
1777047857.341532,11,-0.203234,0.114657,0.129648
1777047857.375087,0,-0.016494,0.092483,0.191259
1777047857.375087,3,-0.052362,0.117569,0.159932
1777047857.375087,1,-0.052554,0.064798,0.206111
1777047857.375087,6,-0.089978,0.141195,0.122458
1777047857.375087,4,-0.091081,0.087862,0.167266
1777047857.375087,9,-0.127301,0.166793,0.089975
1777047857.375087,7,-0.127031,0.115548,0.142146
1777047857.375087,2,-0.089129,0.036773,0.225265
1777047857.375087,5,-0.127005,0.061817,0.191686
1777047857.375087,10,-0.163773,0.141392,0.112696
1777047857.375087,8,-0.163869,0.089056,0.163335
1777047857.375087,11,-0.200454,0.116382,0.137032
1777047857.408643,0,-0.016584,0.092362,0.190528
1777047857.408643,3,-0.052810,0.116772,0.157599
1777047857.408643,1,-0.052554,0.064797,0.206110
1777047857.408643,6,-0.089853,0.141070,0.122324
1777047857.408643,4,-0.091080,0.087861,0.167265
1777047857.408643,9,-0.127196,0.166713,0.090268
1777047857.408643,7,-0.127030,0.115547,0.142145
1777047857.408643,2,-0.089707,0.035638,0.222769
1777047857.408643,5,-0.127004,0.061816,0.191686
1777047857.408643,10,-0.163060,0.141892,0.115386
1777047857.408643,8,-0.163868,0.089055,0.163334
1777047857.408643,11,-0.203234,0.114656,0.129647
1777047857.475753,0,-0.016493,0.092482,0.191258
1777047857.475753,3,-0.053022,0.116536,0.156306
1777047857.475753,1,-0.052575,0.064530,0.205777
1777047857.475753,6,-0.089723,0.141354,0.123160
1777047857.475753,4,-0.091080,0.087861,0.167265
1777047857.475753,9,-0.127301,0.166792,0.089974
1777047857.475753,7,-0.127193,0.115557,0.141653
1777047857.475753,2,-0.089128,0.036772,0.225264
1777047857.475753,5,-0.125912,0.063049,0.194807
1777047857.475753,10,-0.163060,0.141892,0.115386
1777047857.475753,8,-0.163868,0.089055,0.163334
1777047857.475753,11,-0.203234,0.114656,0.129647
1777047857.509307,0,-0.016493,0.092482,0.191258
1777047857.509307,3,-0.052362,0.117568,0.159931
1777047857.509307,1,-0.052810,0.064326,0.204721
1777047857.509307,6,-0.090100,0.141202,0.122005
1777047857.509307,4,-0.091080,0.087861,0.167265
1777047857.509307,9,-0.126671,0.166953,0.091860
1777047857.509307,7,-0.127030,0.115547,0.142145
1777047857.509307,2,-0.089511,0.035945,0.223612
1777047857.509307,5,-0.127004,0.061816,0.191686
1777047857.509307,10,-0.163060,0.141892,0.115386
1777047857.509307,8,-0.164214,0.088556,0.162279
1777047857.509307,11,-0.202762,0.114811,0.130751
1777047857.542861,0,-0.016407,0.093057,0.192458
1777047857.542861,3,-0.053022,0.116536,0.156306
1777047857.542861,1,-0.052969,0.064372,0.204946
1777047857.542861,6,-0.089913,0.141232,0.122719
1777047857.542861,4,-0.091080,0.087861,0.167265
1777047857.542861,9,-0.127301,0.166792,0.089974
1777047857.542861,7,-0.127193,0.115557,0.141653
1777047857.542861,2,-0.089062,0.035735,0.223203
1777047857.542861,10,-0.163060,0.141892,0.115386
1777047857.542861,5,-0.126698,0.062099,0.192685
1777047857.542861,8,-0.163868,0.089055,0.163334
1777047857.542861,11,-0.202277,0.115045,0.131456
1777047857.576415,0,-0.016493,0.092481,0.191257
1777047857.576415,3,-0.053022,0.116536,0.156305
1777047857.576415,1,-0.053035,0.063967,0.203585
1777047857.576415,6,-0.089722,0.141353,0.123159
1777047857.576415,4,-0.091080,0.087860,0.167264
1777047857.576415,9,-0.127300,0.166791,0.089973
1777047857.576415,7,-0.127193,0.115556,0.141652
1777047857.576415,2,-0.089707,0.035637,0.222768
1777047857.576415,10,-0.162234,0.142439,0.117545
1777047857.576415,5,-0.127004,0.061816,0.191685
1777047857.576415,8,-0.163867,0.089054,0.163333
1777047857.576415,11,-0.201657,0.115561,0.133744
1777047857.744179,0,-0.016528,0.092614,0.191365
1777047857.744179,3,-0.052361,0.117567,0.159930
1777047857.744179,1,-0.052809,0.064326,0.204721
1777047857.744179,6,-0.089197,0.142058,0.126149
1777047857.744179,4,-0.090562,0.088777,0.170400
1777047857.744179,9,-0.127296,0.166778,0.090003
1777047857.744179,7,-0.127030,0.115546,0.142144
1777047857.744179,2,-0.090107,0.034978,0.221676
1777047857.744179,10,-0.163060,0.141891,0.115385
1777047857.744179,5,-0.126697,0.062098,0.192685
1777047857.744179,8,-0.163867,0.089054,0.163333
1777047857.744179,11,-0.202083,0.115148,0.132664
1777047858.079680,0,-0.016406,0.093057,0.192457
1777047858.079680,3,-0.052361,0.117567,0.159930
1777047858.079680,1,-0.052809,0.064326,0.204721
1777047858.079680,6,-0.089547,0.141372,0.123815
1777047858.079680,4,-0.091080,0.087860,0.167264
1777047858.079680,9,-0.126952,0.165870,0.090185
1777047858.079680,7,-0.127030,0.115546,0.142144
1777047858.079680,2,-0.089511,0.035944,0.223611
1777047858.079680,10,-0.163060,0.141891,0.115385
1777047858.079680,5,-0.126495,0.062206,0.192732
1777047858.079680,8,-0.163867,0.089054,0.163333
1777047858.079680,11,-0.201935,0.115380,0.132330
1777047858.146776,0,-0.016406,0.093057,0.192457
1777047858.146776,3,-0.052475,0.117548,0.159935
1777047858.146776,1,-0.052809,0.064326,0.204721
1777047858.146776,6,-0.089078,0.142049,0.126590
1777047858.146776,4,-0.091080,0.087860,0.167264
1777047858.146776,9,-0.128153,0.166371,0.085972
1777047858.146776,7,-0.127030,0.115546,0.142144
1777047858.146776,2,-0.089128,0.036771,0.225263
1777047858.146776,10,-0.163060,0.141891,0.115385
1777047858.146776,5,-0.126207,0.062461,0.193672
1777047858.146776,8,-0.165420,0.087564,0.159483
1777047858.146776,11,-0.199836,0.116741,0.137790
1777047858.213881,0,-0.016493,0.092481,0.191257
1777047858.213881,3,-0.052361,0.117567,0.159930
1777047858.213881,1,-0.052613,0.064605,0.205739
1777047858.213881,6,-0.089844,0.141361,0.122710
1777047858.213881,4,-0.090562,0.088777,0.170400
1777047858.213881,9,-0.127300,0.166791,0.089973
1777047858.213881,7,-0.127193,0.115556,0.141652
1777047858.213881,2,-0.089128,0.036771,0.225263
1777047858.213881,5,-0.127004,0.061816,0.191685
1777047858.213881,10,-0.163060,0.141891,0.115385
1777047858.213881,8,-0.165035,0.088058,0.160638
1777047858.213881,11,-0.201995,0.115497,0.133020
1777047858.247447,0,-0.016456,0.092363,0.191196
1777047858.247447,3,-0.052361,0.117567,0.159930
1777047858.247447,1,-0.052809,0.064326,0.204721
1777047858.247447,6,-0.089547,0.141372,0.123815
1777047858.247447,4,-0.091080,0.087860,0.167264
1777047858.247447,9,-0.127195,0.166712,0.090267
1777047858.247447,7,-0.127030,0.115546,0.142144
1777047858.247447,2,-0.089128,0.036771,0.225263
1777047858.247447,10,-0.163187,0.141944,0.115039
1777047858.247447,5,-0.126495,0.062206,0.192732
1777047858.247447,8,-0.163867,0.089054,0.163333
1777047858.247447,11,-0.201657,0.115561,0.133744
1777047858.314577,0,-0.016493,0.092481,0.191257
1777047858.314577,3,-0.052705,0.116765,0.157506
1777047858.314577,1,-0.052553,0.064796,0.206109
1777047858.314577,6,-0.089832,0.141013,0.122796
1777047858.314577,4,-0.091080,0.087860,0.167264
1777047858.314577,9,-0.127045,0.166081,0.090081
1777047858.314577,7,-0.127193,0.115556,0.141652
1777047858.314577,2,-0.089061,0.035734,0.223202
1777047858.314577,5,-0.126697,0.062098,0.192685
1777047858.314577,10,-0.163771,0.141390,0.112694
1777047858.314577,8,-0.163867,0.089054,0.163333
1777047858.314577,11,-0.201995,0.115497,0.133020
1777047858.348142,0,-0.016626,0.092004,0.189567
1777047858.348142,3,-0.052475,0.117548,0.159935
1777047858.348142,1,-0.052553,0.064796,0.206109
1777047858.348142,6,-0.090099,0.141201,0.122004
1777047858.348142,4,-0.090562,0.088777,0.170400
1777047858.348142,9,-0.127300,0.166791,0.089973
1777047858.348142,7,-0.127044,0.115358,0.141902
1777047858.348142,2,-0.089707,0.035637,0.222768
1777047858.348142,5,-0.127004,0.061816,0.191685
1777047858.348142,10,-0.163060,0.141891,0.115385
1777047858.348142,8,-0.163867,0.089054,0.163333
1777047858.348142,11,-0.203233,0.114655,0.129646
1777047858.415270,0,-0.016493,0.092481,0.191257
1777047858.415270,3,-0.052991,0.116551,0.155930
1777047858.415270,1,-0.052809,0.064326,0.204721
1777047858.415270,6,-0.089912,0.141231,0.122718
1777047858.415270,4,-0.091080,0.087860,0.167264
1777047858.415270,9,-0.127195,0.166712,0.090267
1777047858.415270,7,-0.127030,0.115546,0.142144
1777047858.415270,2,-0.089061,0.035734,0.223202
1777047858.415270,10,-0.163059,0.141890,0.115384
1777047858.415270,5,-0.126206,0.062461,0.193671
1777047858.415270,8,-0.164213,0.088554,0.162277
1777047858.415270,11,-0.201656,0.115560,0.133743
1777047858.482398,0,-0.016406,0.093056,0.192456
1777047858.482398,3,-0.052705,0.116765,0.157505
1777047858.482398,1,-0.052553,0.064795,0.206109
1777047858.482398,6,-0.089977,0.141192,0.122455
1777047858.482398,4,-0.090561,0.088776,0.170399
1777047858.482398,9,-0.127299,0.166790,0.089972
1777047858.482398,7,-0.127196,0.115378,0.141450
1777047858.482398,2,-0.089127,0.036771,0.225262
1777047858.482398,5,-0.126067,0.062945,0.194193
1777047858.482398,10,-0.163059,0.141890,0.115384
1777047858.482398,8,-0.164213,0.088554,0.162277
1777047858.482398,11,-0.201994,0.115496,0.133019
1777047858.515961,0,-0.016492,0.092480,0.191256
1777047858.515961,3,-0.052908,0.116549,0.156284
1777047858.515961,1,-0.052809,0.064325,0.204720
1777047858.515961,6,-0.089077,0.142048,0.126589
1777047858.515961,4,-0.090984,0.087846,0.167505
1777047858.515961,9,-0.127299,0.166790,0.089972
1777047858.515961,7,-0.127029,0.115545,0.142143
1777047858.515961,2,-0.089490,0.036202,0.224340
1777047858.515961,5,-0.127003,0.061815,0.191684
1777047858.515961,10,-0.163059,0.141890,0.115384
1777047858.515961,8,-0.163867,0.089053,0.163332
1777047858.515961,11,-0.201682,0.115529,0.132876
1777047858.583086,0,-0.016492,0.092480,0.191256
1777047858.583086,3,-0.052908,0.116549,0.156284
1777047858.583086,1,-0.052809,0.064325,0.204720
1777047858.583086,6,-0.089977,0.141192,0.122455
1777047858.583086,4,-0.091079,0.087859,0.167263
1777047858.583086,9,-0.127045,0.166080,0.090080
1777047858.583086,7,-0.127192,0.115555,0.141651
1777047858.583086,2,-0.089127,0.036771,0.225262
1777047858.583086,10,-0.163187,0.141943,0.115038
1777047858.583086,5,-0.127003,0.061815,0.191684
1777047858.583086,8,-0.164213,0.088554,0.162277
1777047858.583086,11,-0.203233,0.114654,0.129645
1777047858.650210,0,-0.016492,0.092480,0.191256
1777047858.650210,3,-0.052908,0.116549,0.156284
1777047858.650210,1,-0.052553,0.064795,0.206109
1777047858.650210,6,-0.089691,0.141072,0.122900
1777047858.650210,4,-0.091079,0.087859,0.167263
1777047858.650210,9,-0.126942,0.166003,0.090345
1777047858.650210,7,-0.127269,0.115620,0.141509
1777047858.650210,2,-0.089127,0.036771,0.225262
1777047858.650210,5,-0.126114,0.062850,0.194162
1777047858.650210,10,-0.163059,0.141890,0.115384
1777047858.650210,8,-0.163867,0.089053,0.163332
1777047858.650210,11,-0.203233,0.114654,0.129645
1777047858.683772,0,-0.016406,0.093056,0.192456
1777047858.683772,3,-0.052360,0.117566,0.159929
1777047858.683772,1,-0.052339,0.065132,0.207254
1777047858.683772,6,-0.088948,0.142211,0.126822
1777047858.683772,4,-0.091079,0.087859,0.167263
1777047858.683772,9,-0.127299,0.166790,0.089972
1777047858.683772,7,-0.127029,0.115545,0.142143
1777047858.683772,2,-0.089127,0.036771,0.225262
1777047858.683772,5,-0.127003,0.061815,0.191684
1777047858.683772,10,-0.163771,0.141389,0.112693
1777047858.683772,8,-0.163867,0.089053,0.163332
1777047858.683772,11,-0.202423,0.115082,0.131934
1777047858.750895,0,-0.016406,0.093056,0.192456
1777047858.750895,3,-0.052360,0.117566,0.159929
1777047858.750895,1,-0.052339,0.065132,0.207254
1777047858.750895,6,-0.088829,0.142201,0.127261
1777047858.750895,4,-0.091079,0.087859,0.167263
1777047858.750895,9,-0.127299,0.166790,0.089972
1777047858.750895,7,-0.127455,0.114990,0.139923
1777047858.750895,2,-0.089127,0.036771,0.225262
1777047858.750895,5,-0.125911,0.063047,0.194805
1777047858.750895,10,-0.163059,0.141890,0.115384
1777047858.750895,8,-0.163867,0.089053,0.163332
1777047858.750895,11,-0.203233,0.114654,0.129645
1777047858.818016,0,-0.016492,0.092480,0.191256
1777047858.818016,3,-0.052908,0.116549,0.156284
1777047858.818016,1,-0.052809,0.064325,0.204720
1777047858.818016,6,-0.089977,0.141192,0.122455
1777047858.818016,4,-0.090561,0.088776,0.170399
1777047858.818016,9,-0.127321,0.166918,0.090078
1777047858.818016,7,-0.127269,0.115620,0.141509
1777047858.818016,2,-0.089040,0.036190,0.223960
1777047858.818016,5,-0.126231,0.062748,0.193768
1777047858.818016,10,-0.163059,0.141890,0.115384
1777047858.818016,8,-0.164213,0.088554,0.162277
1777047858.818016,11,-0.203233,0.114654,0.129645
1777047858.885136,0,-0.016570,0.092710,0.191966
1777047858.885136,3,-0.052360,0.117566,0.159929
1777047858.885136,1,-0.052809,0.064325,0.204720
1777047858.885136,6,-0.089691,0.141072,0.122900
1777047858.885136,4,-0.091079,0.087859,0.167263
1777047858.885136,9,-0.127299,0.166790,0.089972
1777047858.885136,7,-0.127375,0.115480,0.141071
1777047858.885136,2,-0.089127,0.036771,0.225262
1777047858.885136,10,-0.163059,0.141890,0.115384
1777047858.885136,5,-0.126206,0.062461,0.193671
1777047858.885136,8,-0.163867,0.089053,0.163332
1777047858.885136,11,-0.201994,0.115496,0.133019
1777047859.220716,0,-0.016492,0.092480,0.191256
1777047859.220716,3,-0.052360,0.117566,0.159929
1777047859.220716,1,-0.052809,0.064325,0.204720
1777047859.220716,6,-0.089912,0.141230,0.122717
1777047859.220716,4,-0.091079,0.087859,0.167263
1777047859.220716,9,-0.127299,0.166790,0.089972
1777047859.220716,7,-0.127192,0.115555,0.141651
1777047859.220716,2,-0.089127,0.036771,0.225262
1777047859.220716,5,-0.127003,0.061815,0.191684
1777047859.220716,10,-0.163059,0.141890,0.115384
1777047859.220716,8,-0.163867,0.089053,0.163332
1777047859.220716,11,-0.203314,0.114578,0.129447
1777047859.254271,0,-0.016570,0.092710,0.191966
1777047859.254271,3,-0.052552,0.117376,0.158807
1777047859.254271,1,-0.052809,0.064325,0.204720
1777047859.254271,6,-0.089967,0.141366,0.122250
1777047859.254271,4,-0.091079,0.087859,0.167263
1777047859.254271,9,-0.127299,0.166790,0.089972
1777047859.254271,7,-0.127192,0.115555,0.141651
1777047859.254271,2,-0.089127,0.036771,0.225262
1777047859.254271,5,-0.127003,0.061815,0.191684
1777047859.254271,10,-0.163059,0.141890,0.115384
1777047859.254271,8,-0.163867,0.089053,0.163332
1777047859.254271,11,-0.201994,0.115496,0.133019
1777047859.287825,0,-0.016455,0.092362,0.191195
1777047859.287825,3,-0.052474,0.117547,0.159934
1777047859.287825,1,-0.052809,0.064325,0.204720
1777047859.287825,6,-0.089341,0.141760,0.125237
1777047859.287825,4,-0.091079,0.087859,0.167263
1777047859.287825,9,-0.127194,0.166711,0.090266
1777047859.287825,7,-0.127029,0.115545,0.142143
1777047859.287825,2,-0.089127,0.036771,0.225262
1777047859.287825,5,-0.127003,0.061815,0.191684
1777047859.287825,10,-0.163059,0.141890,0.115384
1777047859.287825,8,-0.164213,0.088554,0.162277
1777047859.287825,11,-0.201619,0.115852,0.133973
1777047859.321379,0,-0.016333,0.092652,0.191640
1777047859.321379,3,-0.052674,0.117339,0.158741
1777047859.321379,1,-0.052809,0.064325,0.204720
1777047859.321379,6,-0.089912,0.141230,0.122717
1777047859.321379,4,-0.091079,0.087859,0.167263
1777047859.321379,9,-0.127299,0.166790,0.089972
1777047859.321379,7,-0.127288,0.115426,0.141250
1777047859.321379,2,-0.089127,0.036771,0.225262
1777047859.321379,10,-0.163187,0.141943,0.115038
1777047859.321379,5,-0.126495,0.062205,0.192731
1777047859.321379,8,-0.163867,0.089053,0.163332
1777047859.321379,11,-0.203233,0.114654,0.129645
1777047859.354933,0,-0.016406,0.093055,0.192456
1777047859.354933,3,-0.052552,0.117375,0.158806
1777047859.354933,1,-0.052553,0.064795,0.206108
1777047859.354933,6,-0.089722,0.141351,0.123158
1777047859.354933,4,-0.091079,0.087858,0.167263
1777047859.354933,9,-0.126789,0.167160,0.091698
1777047859.354933,7,-0.127044,0.115669,0.142136
1777047859.354933,2,-0.089128,0.036770,0.225262
1777047859.354933,10,-0.163059,0.141889,0.115383
1777047859.354933,5,-0.126495,0.062204,0.192730
1777047859.354933,8,-0.163867,0.089053,0.163331
1777047859.354933,11,-0.202083,0.115146,0.132663
1777047859.388486,0,-0.016406,0.093055,0.192456
1777047859.388486,3,-0.052552,0.117375,0.158806
1777047859.388486,1,-0.052754,0.064689,0.205987
1777047859.388486,6,-0.089796,0.141377,0.122874
1777047859.388486,4,-0.091079,0.087858,0.167263
1777047859.388486,9,-0.127300,0.166789,0.089971
1777047859.388486,7,-0.127044,0.115669,0.142136
1777047859.388486,2,-0.089061,0.035733,0.223201
1777047859.388486,5,-0.127003,0.061814,0.191683
1777047859.388486,10,-0.163059,0.141889,0.115383
1777047859.388486,8,-0.163867,0.089053,0.163331
1777047859.388486,11,-0.203233,0.114654,0.129645
1777047859.422038,0,-0.016492,0.092480,0.191256
1777047859.422038,3,-0.052361,0.117565,0.159928
1777047859.422038,1,-0.052809,0.064324,0.204719
1777047859.422038,6,-0.089197,0.142057,0.126147
1777047859.422038,4,-0.091079,0.087858,0.167263
1777047859.422038,9,-0.127558,0.166431,0.088102
1777047859.422038,7,-0.127193,0.115555,0.141651
1777047859.422038,2,-0.089706,0.035636,0.222767
1777047859.422038,5,-0.127003,0.061814,0.191683
1777047859.422038,10,-0.163059,0.141889,0.115383
1777047859.422038,8,-0.164213,0.088553,0.162277
1777047859.422038,11,-0.201995,0.115495,0.133019
1777047859.455591,0,-0.016492,0.092480,0.191256
1777047859.455591,3,-0.052552,0.117375,0.158806
1777047859.455591,1,-0.052553,0.064795,0.206108
1777047859.455591,6,-0.089652,0.141258,0.123312
1777047859.455591,9,-0.127180,0.166702,0.090337
1777047859.455591,4,-0.090562,0.088775,0.170399
1777047859.455591,7,-0.127662,0.115175,0.140454
1777047859.455591,2,-0.089128,0.036770,0.225262
1777047859.455591,5,-0.127003,0.061814,0.191683
1777047859.455591,10,-0.163059,0.141889,0.115383
1777047859.455591,8,-0.164420,0.088620,0.162718
1777047859.455591,11,-0.200453,0.116379,0.137028
1777047859.858190,0,-0.016406,0.093055,0.192456
1777047859.858190,3,-0.052990,0.116549,0.155928
1777047859.858190,1,-0.052809,0.064324,0.204719
1777047859.858190,6,-0.089722,0.141351,0.123158
1777047859.858190,4,-0.090915,0.087916,0.167888
1777047859.858190,9,-0.128153,0.166369,0.085970
1777047859.858190,7,-0.127044,0.115669,0.142136
1777047859.858190,2,-0.089706,0.035636,0.222767
1777047859.858190,10,-0.163059,0.141889,0.115383
1777047859.858190,5,-0.126495,0.062204,0.192730
1777047859.858190,8,-0.163867,0.089053,0.163331
1777047859.858190,11,-0.201657,0.115559,0.133743
1777047859.891737,0,-0.016570,0.092709,0.191965
1777047859.891737,3,-0.052361,0.117565,0.159928
1777047859.891737,1,-0.052809,0.064324,0.204719
1777047859.891737,6,-0.089977,0.141191,0.122454
1777047859.891737,4,-0.091079,0.087858,0.167263
1777047859.891737,9,-0.127195,0.166710,0.090265
1777047859.891737,7,-0.127269,0.115619,0.141509
1777047859.891737,2,-0.089061,0.035733,0.223201
1777047859.891737,10,-0.163059,0.141889,0.115383
1777047859.891737,5,-0.126207,0.062460,0.193670
1777047859.891737,8,-0.162912,0.090065,0.166444
1777047859.891737,11,-0.202761,0.114808,0.130748
1777047859.925284,0,-0.016492,0.092480,0.191256
1777047859.925284,3,-0.052361,0.117565,0.159928
1777047859.925284,1,-0.052553,0.064795,0.206108
1777047859.925284,6,-0.089977,0.141191,0.122454
1777047859.925284,4,-0.091079,0.087858,0.167263
1777047859.925284,9,-0.127300,0.166789,0.089971
1777047859.925284,7,-0.127269,0.115619,0.141509
1777047859.925284,2,-0.089061,0.035733,0.223201
1777047859.925284,5,-0.127003,0.061814,0.191683
1777047859.925284,10,-0.163771,0.141388,0.112692
1777047859.925284,8,-0.163867,0.089053,0.163331
1777047859.925284,11,-0.201657,0.115559,0.133743
1777047859.958831,0,-0.016455,0.092361,0.191194
1777047859.958831,3,-0.052475,0.117546,0.159933
1777047859.958831,1,-0.052553,0.064795,0.206108
1777047859.958831,6,-0.089691,0.141071,0.122900
1777047859.958831,4,-0.091079,0.087858,0.167263
1777047859.958831,9,-0.127300,0.166789,0.089971
1777047859.958831,7,-0.127269,0.115619,0.141509
1777047859.958831,2,-0.089128,0.036770,0.225262
1777047859.958831,5,-0.127003,0.061814,0.191683
1777047859.958831,10,-0.163059,0.141889,0.115383
1777047859.958831,8,-0.163867,0.089053,0.163331
1777047859.958831,11,-0.201657,0.115559,0.133743
1777047859.992377,0,-0.016333,0.092651,0.191639
1777047859.992377,3,-0.052909,0.116548,0.156283
1777047859.992377,1,-0.052450,0.064582,0.205786
1777047859.992377,6,-0.089977,0.141191,0.122454
1777047859.992377,9,-0.127195,0.166710,0.090265
1777047859.992377,4,-0.090984,0.087846,0.167505
1777047859.992377,7,-0.127193,0.115555,0.141651
1777047859.992377,2,-0.089706,0.035636,0.222767
1777047859.992377,5,-0.125912,0.063046,0.194805
1777047859.992377,10,-0.163771,0.141388,0.112692
1777047859.992377,8,-0.163867,0.089053,0.163331
1777047859.992377,11,-0.202761,0.114808,0.130748
1777047860.059469,0,-0.016492,0.092480,0.191256
1777047860.059469,3,-0.052475,0.117546,0.159933
1777047860.059469,1,-0.052553,0.064795,0.206108
1777047860.059469,6,-0.090099,0.141199,0.122002
1777047860.059469,4,-0.091079,0.087858,0.167263
1777047860.059469,9,-0.128153,0.166369,0.085970
1777047860.059469,7,-0.127193,0.115555,0.141651
1777047860.059469,2,-0.089061,0.035733,0.223201
1777047860.059469,5,-0.127003,0.061814,0.191683
1777047860.059469,10,-0.163059,0.141889,0.115383
1777047860.059469,8,-0.163867,0.089053,0.163331
1777047860.059469,11,-0.201995,0.115495,0.133019
1777047860.126559,0,-0.016492,0.092480,0.191256
1777047860.126559,3,-0.052552,0.117375,0.158806
1777047860.126559,1,-0.052809,0.064324,0.204719
1777047860.126559,6,-0.090122,0.140891,0.121540
1777047860.126559,4,-0.090562,0.088775,0.170399
1777047860.126559,9,-0.127321,0.166917,0.090077
1777047860.126559,7,-0.127193,0.115555,0.141651
1777047860.126559,2,-0.089511,0.035943,0.223610
1777047860.126559,10,-0.163059,0.141889,0.115383
1777047860.126559,5,-0.126697,0.062096,0.192683
1777047860.126559,8,-0.164213,0.088553,0.162277
1777047860.126559,11,-0.200453,0.116379,0.137028
1777047860.160103,0,-0.016406,0.093055,0.192456
1777047860.160103,3,-0.052361,0.117565,0.159929
1777047860.160103,1,-0.052961,0.063430,0.203224
1777047860.160103,6,-0.090099,0.141199,0.122003
1777047860.160103,4,-0.090561,0.088776,0.170399
1777047860.160103,9,-0.127300,0.166790,0.089971
1777047860.160103,7,-0.127193,0.115555,0.141651
1777047860.160103,2,-0.089061,0.035733,0.223201
1777047860.160103,10,-0.163059,0.141889,0.115383
1777047860.160103,5,-0.126697,0.062097,0.192683
1777047860.160103,8,-0.163550,0.089484,0.164299
1777047860.160103,11,-0.200453,0.116379,0.137029
1777047860.227224,0,-0.016492,0.092480,0.191256
1777047860.227224,3,-0.052909,0.116549,0.156283
1777047860.227224,1,-0.052553,0.064795,0.206108
1777047860.227224,6,-0.090099,0.141199,0.122003
1777047860.227224,4,-0.091079,0.087859,0.167263
1777047860.227224,9,-0.127300,0.166790,0.089971
1777047860.227224,7,-0.127193,0.115555,0.141651
1777047860.227224,2,-0.089706,0.035636,0.222767
1777047860.227224,5,-0.126231,0.062747,0.193768
1777047860.227224,10,-0.163059,0.141889,0.115383
1777047860.227224,8,-0.163867,0.089053,0.163331
1777047860.227224,11,-0.203233,0.114654,0.129645
1777047860.294326,0,-0.016625,0.092002,0.189565
1777047860.294326,3,-0.052674,0.117337,0.158740
1777047860.294326,1,-0.052808,0.064324,0.204719
1777047860.294326,6,-0.090098,0.141198,0.122002
1777047860.294326,4,-0.091079,0.087858,0.167262
1777047860.294326,9,-0.127299,0.166789,0.089970
1777047860.294326,7,-0.127192,0.115554,0.141650
1777047860.294326,2,-0.089061,0.035733,0.223200
1777047860.294326,5,-0.127003,0.061814,0.191683
1777047860.294326,10,-0.163059,0.141888,0.115382
1777047860.294326,8,-0.164212,0.088553,0.162276
1777047860.294326,11,-0.202760,0.114808,0.130747
1777047860.361427,0,-0.016332,0.092651,0.191639
1777047860.361427,3,-0.052360,0.117564,0.159928
1777047860.361427,1,-0.052552,0.064794,0.206108
1777047860.361427,6,-0.089947,0.140908,0.122187
1777047860.361427,4,-0.090561,0.088775,0.170398
1777047860.361427,9,-0.128152,0.166368,0.085969
1777047860.361427,7,-0.127192,0.115554,0.141650
1777047860.361427,2,-0.089510,0.035942,0.223609
1777047860.361427,5,-0.127003,0.061814,0.191683
1777047860.361427,10,-0.163770,0.141388,0.112691
1777047860.361427,8,-0.164212,0.088553,0.162276
1777047860.361427,11,-0.201523,0.115649,0.134117
1777047860.428526,0,-0.016332,0.092651,0.191639
1777047860.428526,3,-0.053021,0.116533,0.156303
1777047860.428526,1,-0.052552,0.064794,0.206108
1777047860.428526,6,-0.088829,0.142200,0.127259
1777047860.428526,4,-0.091079,0.087858,0.167262
1777047860.428526,9,-0.127299,0.166789,0.089970
1777047860.428526,7,-0.127192,0.115554,0.141650
1777047860.428526,2,-0.089706,0.035636,0.222766
1777047860.428526,5,-0.127003,0.061814,0.191683
1777047860.428526,10,-0.163770,0.141388,0.112691
1777047860.428526,8,-0.165419,0.087562,0.159481
1777047860.428526,11,-0.201994,0.115495,0.133018
1777047860.495623,0,-0.016225,0.092435,0.190868
1777047860.495623,3,-0.052908,0.116548,0.156282
1777047860.495623,1,-0.052808,0.064324,0.204719
1777047860.495623,6,-0.089976,0.141190,0.122454
1777047860.495623,4,-0.091079,0.087858,0.167262
1777047860.495623,9,-0.127044,0.166079,0.090078
1777047860.495623,7,-0.127029,0.115544,0.142142
1777047860.495623,2,-0.089706,0.035636,0.222766
1777047860.495623,10,-0.163770,0.141388,0.112691
1777047860.495623,5,-0.126206,0.062460,0.193670
1777047860.495623,8,-0.162911,0.090065,0.166444
1777047860.495623,11,-0.201994,0.115495,0.133018
1777047860.763997,0,-0.016492,0.092479,0.191255
1777047860.763997,3,-0.052474,0.117546,0.159932
1777047860.763997,1,-0.052552,0.064794,0.206108
1777047860.763997,6,-0.088959,0.141917,0.126422
1777047860.763997,4,-0.090561,0.088775,0.170398
1777047860.763997,9,-0.128412,0.166007,0.084082
1777047860.763997,7,-0.127192,0.115554,0.141650
1777047860.763997,2,-0.089706,0.035636,0.222766
1777047860.763997,5,-0.126230,0.062746,0.193767
1777047860.763997,10,-0.163059,0.141888,0.115382
1777047860.763997,8,-0.164212,0.088553,0.162276
1777047860.763997,11,-0.201523,0.115649,0.134117
1777047861.032345,0,-0.016406,0.093054,0.192455
1777047861.032345,3,-0.052474,0.117546,0.159932
1777047861.032345,1,-0.052808,0.064324,0.204719
1777047861.032345,6,-0.089721,0.141350,0.123157
1777047861.032345,4,-0.091079,0.087858,0.167262
1777047861.032345,9,-0.128152,0.166368,0.085969
1777047861.032345,7,-0.127029,0.115544,0.142142
1777047861.032345,2,-0.089706,0.035636,0.222766
1777047861.032345,5,-0.127003,0.061814,0.191683
1777047861.032345,10,-0.163770,0.141388,0.112691
1777047861.032345,8,-0.163867,0.089052,0.163331
1777047861.032345,11,-0.201523,0.115649,0.134117
1777047861.133013,0,-0.016332,0.092651,0.191639
1777047861.133013,3,-0.052908,0.116548,0.156282
1777047861.133013,1,-0.052808,0.064324,0.204719
1777047861.133013,6,-0.089788,0.141223,0.123179
1777047861.133013,4,-0.090984,0.087845,0.167504
1777047861.133013,9,-0.127299,0.166789,0.089970
1777047861.133013,7,-0.127192,0.115554,0.141650
1777047861.133013,2,-0.089061,0.035733,0.223200
1777047861.133013,5,-0.125911,0.063046,0.194804
1777047861.133013,10,-0.163646,0.141605,0.113192
1777047861.133013,8,-0.164212,0.088553,0.162276
1777047861.133013,11,-0.203232,0.114653,0.129644
1777047861.200165,0,-0.016332,0.092651,0.191639
1777047861.200165,3,-0.052474,0.117546,0.159932
1777047861.200165,1,-0.052808,0.064324,0.204719
1777047861.200165,6,-0.089546,0.141369,0.123813
1777047861.200165,4,-0.091079,0.087858,0.167262
1777047861.200165,9,-0.126126,0.167532,0.094349
1777047861.200165,7,-0.127029,0.115544,0.142142
1777047861.200165,2,-0.089966,0.035145,0.222248
1777047861.200165,10,-0.163770,0.141388,0.112691
1777047861.200165,5,-0.126206,0.062460,0.193670
1777047861.200165,8,-0.164212,0.088553,0.162276
1777047861.200165,11,-0.201994,0.115495,0.133018
1777047861.233678,0,-0.016492,0.092479,0.191255
1777047861.233678,3,-0.052360,0.117564,0.159928
1777047861.233678,1,-0.052808,0.064324,0.204719
1777047861.233678,6,-0.089690,0.141070,0.122899
1777047861.233678,4,-0.091079,0.087858,0.167262
1777047861.233678,9,-0.127299,0.166789,0.089970
1777047861.233678,7,-0.127029,0.115544,0.142142
1777047861.233678,2,-0.089287,0.035843,0.223743
1777047861.233678,5,-0.125911,0.063046,0.194804
1777047861.233678,10,-0.162926,0.142110,0.115908
1777047861.233678,8,-0.164212,0.088553,0.162276
1777047861.233678,11,-0.203232,0.114653,0.129644
1777047861.267232,0,-0.016332,0.092651,0.191639
1777047861.267232,3,-0.052474,0.117546,0.159932
1777047861.267232,1,-0.052501,0.064754,0.206231
1777047861.267232,6,-0.089976,0.141190,0.122454
1777047861.267232,4,-0.091079,0.087858,0.167262
1777047861.267232,9,-0.127299,0.166789,0.089970
1777047861.267232,7,-0.127192,0.115554,0.141650
1777047861.267232,2,-0.089061,0.035733,0.223200
1777047861.267232,10,-0.163770,0.141388,0.112691
1777047861.267232,5,-0.126206,0.062460,0.193670
1777047861.267232,8,-0.164212,0.088553,0.162276
1777047861.267232,11,-0.202760,0.114808,0.130747
1777047861.300786,0,-0.016492,0.092479,0.191255
1777047861.300786,3,-0.052360,0.117564,0.159928
1777047861.300786,1,-0.052552,0.064794,0.206108
1777047861.300786,6,-0.088959,0.141917,0.126422
1777047861.300786,4,-0.091079,0.087858,0.167262
1777047861.300786,9,-0.127299,0.166789,0.089970
1777047861.300786,7,-0.127192,0.115554,0.141650
1777047861.300786,2,-0.089287,0.035843,0.223743
1777047861.300786,5,-0.126230,0.062746,0.193767
1777047861.300786,10,-0.163770,0.141388,0.112691
1777047861.300786,8,-0.163867,0.089052,0.163331
1777047861.300786,11,-0.202760,0.114808,0.130747
1777047861.334340,0,-0.016299,0.092506,0.191502
1777047861.334340,3,-0.052474,0.117546,0.159932
1777047861.334340,1,-0.052808,0.064324,0.204719
1777047861.334340,6,-0.089546,0.141369,0.123813
1777047861.334340,4,-0.091079,0.087858,0.167262
1777047861.334340,9,-0.127299,0.166789,0.089970
1777047861.334340,7,-0.127268,0.115618,0.141508
1777047861.334340,2,-0.089706,0.035636,0.222766
1777047861.334340,5,-0.126696,0.062096,0.192683
1777047861.334340,10,-0.163770,0.141388,0.112691
1777047861.334340,8,-0.164212,0.088553,0.162276
1777047861.334340,11,-0.202760,0.114808,0.130747
1777047861.367893,0,-0.016492,0.092479,0.191255
1777047861.367893,3,-0.052474,0.117546,0.159932
1777047861.367893,1,-0.052552,0.064794,0.206108
1777047861.367893,6,-0.089947,0.140908,0.122187
1777047861.367893,4,-0.090561,0.088775,0.170398
1777047861.367893,9,-0.127044,0.166079,0.090078
1777047861.367893,7,-0.127029,0.115544,0.142142
1777047861.367893,2,-0.089706,0.035636,0.222766
1777047861.367893,5,-0.127003,0.061814,0.191683
1777047861.367893,10,-0.163770,0.141388,0.112691
1777047861.367893,8,-0.163867,0.089052,0.163331
1777047861.367893,11,-0.202760,0.114808,0.130747
1777047861.434999,0,-0.016332,0.092651,0.191639
1777047861.434999,3,-0.052360,0.117564,0.159928
1777047861.434999,1,-0.052743,0.064325,0.204934
1777047861.434999,6,-0.088829,0.142200,0.127259
1777047861.434999,4,-0.091079,0.087858,0.167262
1777047861.434999,9,-0.127299,0.166789,0.089970
1777047861.434999,7,-0.127268,0.115618,0.141508
1777047861.434999,2,-0.089127,0.036770,0.225261
1777047861.434999,5,-0.127003,0.061814,0.191683
1777047861.434999,10,-0.165120,0.140787,0.109152
1777047861.434999,8,-0.164212,0.088553,0.162276
1777047861.434999,11,-0.201994,0.115495,0.133018
1777047861.502103,0,-0.016406,0.093054,0.192455
1777047861.502103,3,-0.052552,0.117375,0.158805
1777047861.502103,6,-0.089318,0.142063,0.125695
1777047861.502103,1,-0.052808,0.064324,0.204719
1777047861.502103,4,-0.091079,0.087858,0.167262
1777047861.502103,9,-0.128179,0.166495,0.086056
1777047861.502103,7,-0.127192,0.115554,0.141650
1777047861.502103,2,-0.089061,0.035733,0.223200
1777047861.502103,10,-0.163059,0.141888,0.115382
1777047861.502103,5,-0.126206,0.062460,0.193670
1777047861.502103,8,-0.165419,0.087562,0.159481
1777047861.502103,11,-0.201523,0.115649,0.134117
1777047861.770504,0,-0.016364,0.092963,0.191867
1777047861.770504,3,-0.052321,0.117601,0.159632
1777047861.770504,1,-0.052808,0.064324,0.204719
1777047861.770504,6,-0.089196,0.142056,0.126146
1777047861.770504,4,-0.091079,0.087858,0.167262
1777047861.770504,9,-0.127194,0.166710,0.090264
1777047861.770504,7,-0.127192,0.115554,0.141650
1777047861.770504,2,-0.089127,0.036770,0.225261
1777047861.770504,5,-0.126494,0.062204,0.192730
1777047861.770504,10,-0.163770,0.141388,0.112691
1777047861.770504,8,-0.164212,0.088553,0.162276
1777047861.770504,11,-0.201994,0.115495,0.133018
1777047861.837600,0,-0.016492,0.092479,0.191255
1777047861.837600,3,-0.052360,0.117564,0.159928
1777047861.837600,1,-0.052552,0.064794,0.206108
1777047861.837600,6,-0.089911,0.141229,0.122716
1777047861.837600,4,-0.091079,0.087858,0.167262
1777047861.837600,9,-0.127194,0.166710,0.090264
1777047861.837600,7,-0.127127,0.115412,0.141733
1777047861.837600,2,-0.089061,0.035733,0.223200
1777047861.837600,5,-0.127003,0.061814,0.191683
1777047861.837600,10,-0.163059,0.141888,0.115382
1777047861.837600,8,-0.164212,0.088553,0.162276
1777047861.837600,11,-0.202760,0.114808,0.130747
1777047861.904696,0,-0.016492,0.092479,0.191255
1777047861.904696,3,-0.052360,0.117564,0.159928
1777047861.904696,1,-0.052808,0.064324,0.204719
1777047861.904696,6,-0.089077,0.142046,0.126587
1777047861.904696,4,-0.091079,0.087858,0.167262
1777047861.904696,9,-0.127299,0.166789,0.089970
1777047861.904696,7,-0.127043,0.115355,0.141900
1777047861.904696,2,-0.089127,0.036770,0.225261
1777047861.904696,5,-0.127003,0.061814,0.191683
1777047861.904696,10,-0.163059,0.141888,0.115382
1777047861.904696,8,-0.163867,0.089052,0.163331
1777047861.904696,11,-0.203232,0.114653,0.129644
1777047861.971789,0,-0.016332,0.092651,0.191639
1777047861.971789,3,-0.052360,0.117564,0.159928
1777047861.971789,1,-0.052339,0.065131,0.207253
1777047861.971789,6,-0.089126,0.141965,0.126307
1777047861.971789,4,-0.090561,0.088775,0.170398
1777047861.971789,9,-0.126414,0.166495,0.092158
1777047861.971789,7,-0.127029,0.115544,0.142142
1777047861.971789,2,-0.089127,0.036770,0.225261
1777047861.971789,5,-0.126230,0.062746,0.193767
1777047861.971789,10,-0.163186,0.141941,0.115037
1777047861.971789,8,-0.163867,0.089052,0.163331
1777047861.971789,11,-0.201994,0.115495,0.133018
1777047862.005335,0,-0.016492,0.092479,0.191255
1777047862.005335,3,-0.052441,0.117567,0.159579
1777047862.005335,1,-0.052339,0.065131,0.207253
1777047862.005335,6,-0.089196,0.142056,0.126146
1777047862.005335,4,-0.091079,0.087858,0.167262
1777047862.005335,9,-0.127299,0.166789,0.089970
1777047862.005335,7,-0.127029,0.115544,0.142142
1777047862.005335,2,-0.089127,0.036770,0.225261
1777047862.005335,10,-0.163180,0.141674,0.114892
1777047862.005335,5,-0.127003,0.061814,0.191683
1777047862.005335,8,-0.163550,0.089483,0.164298
1777047862.005335,11,-0.202364,0.114962,0.131236
1777047862.072427,0,-0.016406,0.093054,0.192455
1777047862.072427,3,-0.052704,0.116763,0.157504
1777047862.072427,1,-0.052552,0.064794,0.206108
1777047862.072427,6,-0.089670,0.141375,0.123349
1777047862.072427,4,-0.090638,0.088162,0.168960
1777047862.072427,9,-0.127194,0.166710,0.090264
1777047862.072427,7,-0.127043,0.115355,0.141900
1777047862.072427,2,-0.088543,0.038383,0.228146
1777047862.072427,5,-0.126475,0.062169,0.192790
1777047862.072427,10,-0.163186,0.141941,0.115037
1777047862.072427,8,-0.162932,0.090006,0.166381
1777047862.072427,11,-0.200317,0.116577,0.136663
1777047862.139523,0,-0.016450,0.092377,0.190640
1777047862.139523,3,-0.052360,0.117564,0.159928
1777047862.139523,1,-0.052808,0.064324,0.204719
1777047862.139523,6,-0.090098,0.141198,0.122002
1777047862.139523,4,-0.089674,0.090055,0.173994
1777047862.139523,9,-0.127194,0.166710,0.090264
1777047862.139523,7,-0.127043,0.115355,0.141900
1777047862.139523,2,-0.089127,0.036770,0.225261
1777047862.139523,5,-0.127003,0.061814,0.191683
1777047862.139523,10,-0.163059,0.141888,0.115382
1777047862.139523,8,-0.163550,0.089483,0.164298
1777047862.139523,11,-0.203232,0.114653,0.129644
1777047862.206664,0,-0.016492,0.092479,0.191255
1777047862.206664,3,-0.052360,0.117564,0.159928
1777047862.206664,1,-0.052552,0.064794,0.206108
1777047862.206664,6,-0.089196,0.142056,0.126146
1777047862.206664,4,-0.090561,0.088775,0.170398
1777047862.206664,9,-0.127295,0.166775,0.090001
1777047862.206664,7,-0.127127,0.115412,0.141733
1777047862.206664,2,-0.089127,0.036770,0.225261
1777047862.206664,5,-0.125679,0.063327,0.195540
1777047862.206664,10,-0.163059,0.141888,0.115382
1777047862.206664,8,-0.164212,0.088553,0.162276
1777047862.206664,11,-0.202422,0.115080,0.131933
1777047862.273823,0,-0.016455,0.092361,0.191194
1777047862.273823,3,-0.052360,0.117564,0.159928
1777047862.273823,1,-0.052754,0.064689,0.205986
1777047862.273823,6,-0.089911,0.141229,0.122716
1777047862.273823,4,-0.091028,0.087699,0.167192
1777047862.273823,9,-0.127194,0.166710,0.090264
1777047862.273823,7,-0.127096,0.115617,0.142035
1777047862.273823,2,-0.089706,0.035636,0.222766
1777047862.273823,5,-0.127003,0.061814,0.191683
1777047862.273823,10,-0.163883,0.141450,0.112391
1777047862.273823,8,-0.162932,0.090006,0.166381
1777047862.273823,11,-0.200872,0.115971,0.135965
1777047862.307402,0,-0.016491,0.092478,0.191254
1777047862.307402,3,-0.052360,0.117564,0.159927
1777047862.307402,1,-0.052552,0.064793,0.206107
1777047862.307402,6,-0.089545,0.141368,0.123812
1777047862.307402,4,-0.090560,0.088774,0.170397
1777047862.307402,9,-0.127193,0.166708,0.090263
1777047862.307402,7,-0.127028,0.115543,0.142141
1777047862.307402,2,-0.089127,0.036769,0.225261
1777047862.307402,5,-0.126230,0.062746,0.193766
1777047862.307402,10,-0.163058,0.141887,0.115381
1777047862.307402,8,-0.164212,0.088552,0.162275
1777047862.307402,11,-0.200699,0.116216,0.135690
1777047862.374559,0,-0.016491,0.092478,0.191254
1777047862.374559,3,-0.052360,0.117564,0.159927
1777047862.374559,1,-0.052552,0.064793,0.206107
1777047862.374559,6,-0.089196,0.142055,0.126145
1777047862.374559,4,-0.090560,0.088774,0.170397
1777047862.374559,9,-0.127193,0.166708,0.090263
1777047862.374559,7,-0.127043,0.115668,0.142134
1777047862.374559,2,-0.089127,0.036769,0.225261
1777047862.374559,5,-0.126230,0.062746,0.193766
1777047862.374559,10,-0.163058,0.141887,0.115381
1777047862.374559,8,-0.163909,0.088970,0.163207
1777047862.374559,11,-0.200871,0.115970,0.135963
1777047862.441715,0,-0.016491,0.092478,0.191254
1777047862.441715,3,-0.052360,0.117564,0.159927
1777047862.441715,1,-0.052808,0.064323,0.204718
1777047862.441715,6,-0.088947,0.142209,0.126819
1777047862.441715,4,-0.090560,0.088774,0.170397
1777047862.441715,9,-0.127043,0.166078,0.090077
1777047862.441715,7,-0.127043,0.115354,0.141899
1777047862.441715,2,-0.089127,0.036769,0.225261
1777047862.441715,5,-0.127002,0.061813,0.191682
1777047862.441715,10,-0.163058,0.141887,0.115381
1777047862.441715,8,-0.163549,0.089482,0.164297
1777047862.441715,11,-0.200422,0.116228,0.135469
1777047862.475293,0,-0.016491,0.092478,0.191254
1777047862.475293,3,-0.052177,0.117421,0.159765
1777047862.475293,1,-0.052552,0.064793,0.206107
1777047862.475293,6,-0.089545,0.141368,0.123812
1777047862.475293,4,-0.091121,0.087292,0.165964
1777047862.475293,9,-0.127193,0.166708,0.090263
1777047862.475293,7,-0.127126,0.115411,0.141732
1777047862.475293,2,-0.089127,0.036769,0.225261
1777047862.475293,5,-0.127002,0.061813,0.191682
1777047862.475293,10,-0.163058,0.141887,0.115381
1777047862.475293,8,-0.162911,0.090064,0.166443
1777047862.475293,11,-0.200069,0.116746,0.137202
1777047862.542448,0,-0.016491,0.092478,0.191254
1777047862.542448,3,-0.052360,0.117564,0.159927
1777047862.542448,1,-0.052808,0.064323,0.204718
1777047862.542448,6,-0.089196,0.142055,0.126145
1777047862.542448,9,-0.127294,0.166774,0.089999
1777047862.542448,4,-0.091078,0.087857,0.167261
1777047862.542448,7,-0.127028,0.115543,0.142141
1777047862.542448,2,-0.089127,0.036769,0.225261
1777047862.542448,5,-0.126230,0.062746,0.193766
1777047862.542448,10,-0.163186,0.141940,0.115036
1777047862.542448,8,-0.162581,0.090505,0.167441
1777047862.542448,11,-0.200699,0.116216,0.135690
1777047862.878210,0,-0.016251,0.093177,0.192701
1777047862.878210,3,-0.052440,0.117566,0.159578
1777047862.878210,1,-0.052808,0.064323,0.204718
1777047862.878210,6,-0.090098,0.141197,0.122001
1777047862.878210,4,-0.091078,0.087857,0.167261
1777047862.878210,9,-0.127668,0.166490,0.087794
1777047862.878210,7,-0.127095,0.115616,0.142034
1777047862.878210,2,-0.089127,0.036769,0.225261
1777047862.878210,5,-0.127002,0.061813,0.191682
1777047862.878210,10,-0.163058,0.141887,0.115381
1777047862.878210,8,-0.162581,0.090505,0.167441
1777047862.878210,11,-0.200452,0.116377,0.137026
1777047862.911785,0,-0.016405,0.093054,0.192454
1777047862.911785,3,-0.052360,0.117564,0.159927
1777047862.911785,1,-0.052808,0.064323,0.204718
1777047862.911785,6,-0.088828,0.142199,0.127258
1777047862.911785,4,-0.091078,0.087857,0.167261
1777047862.911785,9,-0.127298,0.166787,0.089969
1777047862.911785,7,-0.127191,0.115553,0.141649
1777047862.911785,2,-0.089705,0.035635,0.222766
1777047862.911785,10,-0.163186,0.141940,0.115036
1777047862.911785,5,-0.127002,0.061813,0.191682
1777047862.911785,8,-0.164212,0.088552,0.162275
1777047862.911785,11,-0.201133,0.116012,0.135102
1777047862.945360,0,-0.016491,0.092478,0.191254
1777047862.945360,3,-0.052440,0.117566,0.159578
1777047862.945360,1,-0.052552,0.064793,0.206107
1777047862.945360,6,-0.089787,0.141222,0.123178
1777047862.945360,4,-0.091078,0.087857,0.167261
1777047862.945360,9,-0.127298,0.166787,0.089969
1777047862.945360,7,-0.127043,0.115354,0.141899
1777047862.945360,2,-0.089186,0.035608,0.222733
1777047862.945360,5,-0.126446,0.062400,0.193476
1777047862.945360,10,-0.163058,0.141887,0.115381
1777047862.945360,8,-0.163866,0.089051,0.163330
1777047862.945360,11,-0.202760,0.114807,0.130746
1777047862.979003,0,-0.016491,0.092478,0.191254
1777047862.979003,3,-0.052907,0.116547,0.156282
1777047862.979003,1,-0.052967,0.064368,0.204942
1777047862.979003,6,-0.089839,0.141136,0.122877
1777047862.979003,4,-0.090560,0.088774,0.170397
1777047862.979003,9,-0.127298,0.166787,0.089969
1777047862.979003,7,-0.127095,0.115616,0.142034
1777047862.979003,2,-0.089127,0.036769,0.225261
1777047862.979003,10,-0.163058,0.141887,0.115381
1777047862.979003,5,-0.126494,0.062203,0.192729
1777047862.979003,8,-0.163173,0.089966,0.165425
1777047862.979003,11,-0.201993,0.115494,0.133017
1777047863.012568,0,-0.016454,0.092360,0.191193
1777047863.012568,3,-0.052551,0.117374,0.158804
1777047863.012568,1,-0.052808,0.064323,0.204718
1777047863.012568,6,-0.090098,0.141197,0.122001
1777047863.012568,4,-0.091078,0.087857,0.167261
1777047863.012568,9,-0.127193,0.166708,0.090263
1777047863.012568,7,-0.127028,0.115543,0.142141
1777047863.012568,2,-0.089127,0.036769,0.225261
1777047863.012568,10,-0.163229,0.142283,0.115206
1777047863.012568,5,-0.126230,0.062746,0.193766
1777047863.012568,8,-0.163250,0.089573,0.165410
1777047863.012568,11,-0.201461,0.115532,0.133430
1777047863.046132,0,-0.016491,0.092478,0.191254
1777047863.046132,3,-0.052907,0.116547,0.156282
1777047863.046132,1,-0.052808,0.064323,0.204718
1777047863.046132,6,-0.089787,0.141222,0.123178
1777047863.046132,4,-0.091078,0.087857,0.167261
1777047863.046132,9,-0.127298,0.166787,0.089969
1777047863.046132,7,-0.127191,0.115553,0.141649
1777047863.046132,2,-0.089705,0.035635,0.222766
1777047863.046132,5,-0.125910,0.063045,0.194803
1777047863.046132,10,-0.163058,0.141887,0.115381
1777047863.046132,8,-0.162581,0.090505,0.167441
1777047863.046132,11,-0.202760,0.114807,0.130746
1777047863.079696,0,-0.016491,0.092478,0.191254
1777047863.079696,3,-0.052360,0.117564,0.159927
1777047863.079696,1,-0.052552,0.064793,0.206107
1777047863.079696,6,-0.089196,0.142055,0.126145
1777047863.079696,4,-0.091078,0.087857,0.167261
1777047863.079696,9,-0.127298,0.166787,0.089969
1777047863.079696,7,-0.127191,0.115553,0.141649
1777047863.079696,2,-0.089060,0.035732,0.223199
1777047863.079696,10,-0.162832,0.141879,0.115997
1777047863.079696,5,-0.126230,0.062746,0.193766
1777047863.079696,8,-0.163866,0.089051,0.163330
1777047863.079696,11,-0.201933,0.115377,0.132327
1777047863.113260,0,-0.016405,0.093054,0.192454
1777047863.113260,3,-0.052360,0.117564,0.159927
1777047863.113260,1,-0.052808,0.064323,0.204718
1777047863.113260,6,-0.088828,0.142199,0.127258
1777047863.113260,4,-0.091078,0.087857,0.167261
1777047863.113260,9,-0.127043,0.166078,0.090077
1777047863.113260,7,-0.127155,0.115696,0.141958
1777047863.113260,2,-0.089127,0.036769,0.225261
1777047863.113260,5,-0.127002,0.061813,0.191682
1777047863.113260,10,-0.163058,0.141887,0.115381
1777047863.113260,8,-0.164569,0.088364,0.161311
1777047863.113260,11,-0.201461,0.115532,0.133430
1777047863.549560,0,-0.016491,0.092478,0.191254
1777047863.549560,3,-0.052474,0.117545,0.159932
1777047863.549560,1,-0.052808,0.064323,0.204718
1777047863.549560,6,-0.089851,0.141066,0.122320
1777047863.549560,4,-0.091078,0.087857,0.167261
1777047863.549560,9,-0.127298,0.166787,0.089969
1777047863.549560,7,-0.127028,0.115543,0.142141
1777047863.549560,2,-0.089060,0.035732,0.223199
1777047863.549560,10,-0.163058,0.141887,0.115381
1777047863.549560,5,-0.126205,0.062459,0.193669
1777047863.549560,8,-0.163866,0.089051,0.163330
1777047863.549560,11,-0.203202,0.114382,0.129626
1777047863.616678,0,-0.016492,0.092478,0.191255
1777047863.616678,3,-0.052360,0.117564,0.159927
1777047863.616678,1,-0.052839,0.063673,0.203896
1777047863.616678,6,-0.088829,0.142199,0.127259
1777047863.616678,4,-0.091079,0.087857,0.167261
1777047863.616678,9,-0.126933,0.165874,0.090219
1777047863.616678,7,-0.127269,0.115618,0.141507
1777047863.616678,2,-0.089127,0.036769,0.225261
1777047863.616678,10,-0.163059,0.141888,0.115382
1777047863.616678,5,-0.126206,0.062459,0.193669
1777047863.616678,8,-0.163867,0.089051,0.163330
1777047863.616678,11,-0.202761,0.114807,0.130747
1777047863.650237,0,-0.016214,0.093062,0.192650
1777047863.650237,3,-0.052360,0.117564,0.159927
1777047863.650237,1,-0.052613,0.064602,0.205736
1777047863.650237,6,-0.089691,0.141069,0.122898
1777047863.650237,4,-0.091079,0.087857,0.167261
1777047863.650237,9,-0.127299,0.166788,0.089970
1777047863.650237,7,-0.127128,0.115548,0.141772
1777047863.650237,2,-0.089061,0.035732,0.223200
1777047863.650237,10,-0.163059,0.141888,0.115382
1777047863.650237,5,-0.126495,0.062203,0.192729
1777047863.650237,8,-0.164213,0.088552,0.162276
1777047863.650237,11,-0.201523,0.115648,0.134116
1777047863.717353,0,-0.016252,0.093177,0.192702
1777047863.717353,3,-0.052360,0.117564,0.159927
1777047863.717353,1,-0.052553,0.064794,0.206107
1777047863.717353,6,-0.089546,0.141369,0.123812
1777047863.717353,4,-0.091079,0.087857,0.167261
1777047863.717353,9,-0.127299,0.166788,0.089970
1777047863.717353,7,-0.127096,0.115616,0.142034
1777047863.717353,2,-0.089127,0.036769,0.225261
1777047863.717353,10,-0.163059,0.141888,0.115382
1777047863.717353,5,-0.126206,0.062459,0.193669
1777047863.717353,8,-0.163867,0.089051,0.163330
1777047863.717353,11,-0.203668,0.114232,0.128539
1777047863.818024,0,-0.016492,0.092478,0.191255
1777047863.818024,3,-0.052360,0.117564,0.159927
1777047863.818024,1,-0.052553,0.064794,0.206107
1777047863.818024,6,-0.089341,0.141757,0.125234
1777047863.818024,4,-0.090561,0.088774,0.170397
1777047863.818024,9,-0.128046,0.166288,0.086266
1777047863.818024,7,-0.127196,0.115376,0.141448
1777047863.818024,2,-0.089061,0.035732,0.223200
1777047863.818024,10,-0.163059,0.141888,0.115382
1777047863.818024,5,-0.126697,0.062095,0.192682
1777047863.818024,8,-0.163867,0.089051,0.163330
1777047863.818024,11,-0.203668,0.114232,0.128539
1777047863.885137,0,-0.016492,0.092478,0.191255
1777047863.885137,3,-0.052360,0.117564,0.159927
1777047863.885137,1,-0.052751,0.063741,0.204252
1777047863.885137,6,-0.089721,0.141350,0.123156
1777047863.885137,4,-0.091094,0.087680,0.167148
1777047863.885137,9,-0.127299,0.166788,0.089970
1777047863.885137,7,-0.127096,0.115616,0.142034
1777047863.885137,2,-0.089127,0.036769,0.225261
1777047863.885137,10,-0.162233,0.142436,0.117542
1777047863.885137,5,-0.127003,0.061813,0.191682
1777047863.885137,8,-0.163867,0.089051,0.163330
1777047863.885137,11,-0.203668,0.114232,0.128539
1777047863.952249,0,-0.016582,0.092359,0.190524
1777047863.952249,3,-0.052360,0.117564,0.159927
1777047863.952249,1,-0.052553,0.064794,0.206107
1777047863.952249,6,-0.089253,0.142024,0.125924
1777047863.952249,4,-0.091079,0.087857,0.167261
1777047863.952249,9,-0.127044,0.166078,0.090078
1777047863.952249,7,-0.127029,0.115543,0.142141
1777047863.952249,2,-0.089706,0.035635,0.222766
1777047863.952249,10,-0.163059,0.141888,0.115382
1777047863.952249,5,-0.126206,0.062459,0.193669
1777047863.952249,8,-0.164213,0.088552,0.162276
1777047863.952249,11,-0.203203,0.114382,0.129626
1777047864.390965,0,-0.016333,0.092650,0.191638
1777047864.390965,3,-0.052360,0.117564,0.159927
1777047864.390965,1,-0.052834,0.064121,0.204023
1777047864.390965,6,-0.089341,0.141757,0.125234
1777047864.390965,4,-0.091094,0.087680,0.167148
1777047864.390965,9,-0.126951,0.165867,0.090182
1777047864.390965,7,-0.127043,0.115354,0.141899
1777047864.390965,2,-0.089061,0.035732,0.223200
1777047864.390965,5,-0.127003,0.061813,0.191682
1777047864.390965,10,-0.163059,0.141888,0.115382
1777047864.390965,8,-0.164213,0.088552,0.162276
1777047864.390965,11,-0.200717,0.115921,0.134705
1777047864.492307,0,-0.016492,0.092478,0.191255
1777047864.492307,3,-0.052360,0.117564,0.159927
1777047864.492307,1,-0.052553,0.064794,0.206107
1777047864.492307,6,-0.089221,0.141748,0.125677
1777047864.492307,4,-0.091079,0.087857,0.167261
1777047864.492307,9,-0.127299,0.166788,0.089970
1777047864.492307,7,-0.127192,0.115553,0.141649
1777047864.492307,2,-0.089061,0.035732,0.223200
1777047864.492307,5,-0.126231,0.062746,0.193766
1777047864.492307,10,-0.163059,0.141888,0.115382
1777047864.492307,8,-0.163909,0.088970,0.163207
1777047864.492307,11,-0.201958,0.115230,0.133017
1777047864.559880,0,-0.016333,0.092650,0.191638
1777047864.559880,3,-0.052908,0.116547,0.156282
1777047864.559880,1,-0.052809,0.064323,0.204718
1777047864.559880,6,-0.089691,0.141069,0.122898
1777047864.559880,4,-0.091094,0.087680,0.167148
1777047864.559880,9,-0.127194,0.166709,0.090264
1777047864.559880,7,-0.127029,0.115543,0.142141
1777047864.559880,2,-0.089127,0.036769,0.225261
1777047864.559880,10,-0.163070,0.142004,0.115447
1777047864.559880,5,-0.126495,0.062203,0.192729
1777047864.559880,8,-0.164213,0.088552,0.162276
1777047864.559880,11,-0.198781,0.117183,0.139784
1777047864.627461,0,-0.016492,0.092478,0.191255
1777047864.627461,3,-0.052361,0.117563,0.159927
1777047864.627461,1,-0.052664,0.064248,0.204707
1777047864.627461,6,-0.089546,0.141368,0.123812
1777047864.627461,4,-0.091079,0.087857,0.167261
1777047864.627461,9,-0.127558,0.166429,0.088100
1777047864.627461,7,-0.127029,0.115543,0.142141
1777047864.627461,2,-0.089127,0.036769,0.225261
1777047864.627461,10,-0.163059,0.141887,0.115382
1777047864.627461,5,-0.126206,0.062459,0.193669
1777047864.627461,8,-0.163305,0.089395,0.164826
1777047864.627461,11,-0.201958,0.115230,0.133017
1777047864.728852,0,-0.016492,0.092478,0.191255
1777047864.728852,3,-0.052675,0.117336,0.158739
1777047864.728852,1,-0.052809,0.064323,0.204718
1777047864.728852,6,-0.089788,0.141222,0.123178
1777047864.728852,4,-0.091079,0.087857,0.167261
1777047864.728852,9,-0.128152,0.166367,0.085968
1777047864.728852,7,-0.127339,0.115687,0.141391
1777047864.728852,2,-0.089706,0.035635,0.222766
1777047864.728852,10,-0.163059,0.141887,0.115382
1777047864.728852,5,-0.126206,0.062459,0.193669
1777047864.728852,8,-0.164213,0.088552,0.162276
1777047864.728852,11,-0.201935,0.115377,0.132327
1777047864.796457,0,-0.016406,0.093054,0.192454
1777047864.796457,3,-0.052552,0.117374,0.158805
1777047864.796457,1,-0.052809,0.064323,0.204718
1777047864.796457,6,-0.090099,0.141197,0.122001
1777047864.796457,4,-0.091079,0.087857,0.167261
1777047864.796457,9,-0.127045,0.166078,0.090078
1777047864.796457,7,-0.127044,0.115354,0.141899
1777047864.796457,2,-0.089706,0.035635,0.222766
1777047864.796457,10,-0.163059,0.141887,0.115382
1777047864.796457,5,-0.126495,0.062203,0.192729
1777047864.796457,8,-0.162912,0.090064,0.166443
1777047864.796457,11,-0.199835,0.116737,0.137787
1777047864.830262,0,-0.016492,0.092478,0.191255
1777047864.830262,3,-0.052361,0.117563,0.159927
1777047864.830262,1,-0.052809,0.064323,0.204718
1777047864.830262,6,-0.089691,0.141069,0.122898
1777047864.830262,4,-0.091079,0.087857,0.167261
1777047864.830262,9,-0.127639,0.165940,0.088396
1777047864.830262,7,-0.127096,0.115616,0.142034
1777047864.830262,2,-0.089061,0.035732,0.223200
1777047864.830262,5,-0.126495,0.062203,0.192729
1777047864.830262,10,-0.163771,0.141387,0.112691
1777047864.830262,8,-0.163867,0.089051,0.163330
1777047864.830262,11,-0.202761,0.114806,0.130747
1777047864.897881,0,-0.016333,0.092650,0.191638
1777047864.897881,3,-0.052361,0.117563,0.159927
1777047864.897881,1,-0.052553,0.064793,0.206107
1777047864.897881,6,-0.089077,0.142045,0.126587
1777047864.897881,4,-0.091079,0.087857,0.167261
1777047864.897881,9,-0.127045,0.166078,0.090078
1777047864.897881,7,-0.127029,0.115543,0.142141
1777047864.897881,2,-0.089127,0.036769,0.225261
1777047864.897881,5,-0.126697,0.062095,0.192682
1777047864.897881,10,-0.163771,0.141387,0.112691
1777047864.897881,8,-0.164213,0.088552,0.162276
1777047864.897881,11,-0.201238,0.115664,0.133912
1777047864.931694,0,-0.016252,0.093177,0.192702
1777047864.931694,3,-0.052475,0.117545,0.159932
1777047864.931694,1,-0.052809,0.064323,0.204718
1777047864.931694,6,-0.089546,0.141368,0.123812
1777047864.931694,4,-0.091079,0.087857,0.167261
1777047864.931694,9,-0.128152,0.166367,0.085968
1777047864.931694,7,-0.127192,0.115553,0.141649
1777047864.931694,2,-0.089061,0.035732,0.223200
1777047864.931694,5,-0.127003,0.061813,0.191682
1777047864.931694,10,-0.162926,0.142108,0.115908
1777047864.931694,8,-0.163867,0.089051,0.163330
1777047864.931694,11,-0.201958,0.115230,0.133017
1777047865.032870,0,-0.016406,0.093054,0.192454
1777047865.032870,3,-0.052475,0.117545,0.159932
1777047865.032870,6,-0.089912,0.141227,0.122715
1777047865.032870,1,-0.052961,0.063428,0.203223
1777047865.032870,4,-0.091094,0.087680,0.167148
1777047865.032870,9,-0.127300,0.166787,0.089970
1777047865.032870,7,-0.127029,0.115543,0.142141
1777047865.032870,2,-0.089706,0.035635,0.222766
1777047865.032870,5,-0.127003,0.061813,0.191682
1777047865.032870,10,-0.163059,0.141887,0.115382
1777047865.032870,8,-0.163251,0.089573,0.165410
1777047865.032870,11,-0.200098,0.116553,0.136307
1777047865.100065,0,-0.016492,0.092478,0.191255
1777047865.100065,3,-0.052475,0.117545,0.159932
1777047865.100065,6,-0.089053,0.142191,0.127561
1777047865.100065,1,-0.052809,0.064323,0.204718
1777047865.100065,4,-0.091079,0.087857,0.167261
1777047865.100065,9,-0.127300,0.166787,0.089970
1777047865.100065,7,-0.127192,0.115553,0.141649
1777047865.100065,2,-0.089061,0.035732,0.223200
1777047865.100065,10,-0.163059,0.141887,0.115382
1777047865.100065,5,-0.126697,0.062095,0.192682
1777047865.100065,8,-0.163867,0.089051,0.163330
1777047865.100065,11,-0.201523,0.115647,0.134116
1777047865.167261,0,-0.016492,0.092478,0.191255
1777047865.167261,3,-0.052361,0.117563,0.159927
1777047865.167261,1,-0.052553,0.064793,0.206107
1777047865.167261,6,-0.089977,0.141189,0.122453
1777047865.167261,4,-0.090180,0.089159,0.170920
1777047865.167261,9,-0.127300,0.166787,0.089970
1777047865.167261,7,-0.127029,0.115543,0.142141
1777047865.167261,2,-0.089127,0.036769,0.225261
1777047865.167261,10,-0.163059,0.141887,0.115382
1777047865.167261,5,-0.126206,0.062459,0.193669
1777047865.167261,8,-0.164213,0.088552,0.162276
1777047865.167261,11,-0.200230,0.116369,0.136787
1777047865.268004,0,-0.016492,0.092478,0.191255
1777047865.268004,3,-0.052280,0.117560,0.160272
1777047865.268004,1,-0.052553,0.064793,0.206107
1777047865.268004,6,-0.089788,0.141222,0.123178
1777047865.268004,4,-0.091079,0.087857,0.167261
1777047865.268004,9,-0.127300,0.166787,0.089970
1777047865.268004,7,-0.127029,0.115543,0.142141
1777047865.268004,2,-0.089706,0.035635,0.222766
1777047865.268004,10,-0.163553,0.141372,0.113282
1777047865.268004,5,-0.126697,0.062095,0.192682
1777047865.268004,8,-0.164213,0.088552,0.162276
1777047865.268004,11,-0.203668,0.114231,0.128539
1777047865.335179,0,-0.016406,0.093054,0.192454
1777047865.335179,3,-0.052552,0.117374,0.158805
1777047865.335179,1,-0.052553,0.064793,0.206107
1777047865.335179,6,-0.089342,0.141757,0.125234
1777047865.335179,4,-0.091122,0.087292,0.165965
1777047865.335179,9,-0.128152,0.166367,0.085968
1777047865.335179,7,-0.127192,0.115553,0.141649
1777047865.335179,2,-0.089625,0.035506,0.223035
1777047865.335179,10,-0.163059,0.141887,0.115382
1777047865.335179,5,-0.126495,0.062203,0.192729
1777047865.335179,8,-0.164213,0.088552,0.162276
1777047865.335179,11,-0.201899,0.115113,0.132326
1777047865.402354,0,-0.016583,0.092359,0.190524
1777047865.402354,3,-0.052475,0.117545,0.159932
1777047865.402354,1,-0.052839,0.063673,0.203896
1777047865.402354,6,-0.089077,0.142045,0.126587
1777047865.402354,4,-0.091079,0.087857,0.167261
1777047865.402354,9,-0.126942,0.166001,0.090343
1777047865.402354,7,-0.127029,0.115543,0.142141
1777047865.402354,2,-0.089706,0.035635,0.222766
1777047865.402354,5,-0.127003,0.061813,0.191682
1777047865.402354,10,-0.163771,0.141387,0.112691
1777047865.402354,8,-0.163867,0.089051,0.163330
1777047865.402354,11,-0.202761,0.114806,0.130747
1777047865.435941,0,-0.016299,0.092340,0.190679
1777047865.435941,3,-0.052321,0.117600,0.159631
1777047865.435941,1,-0.052809,0.064323,0.204718
1777047865.435941,6,-0.088829,0.142199,0.127259
1777047865.435941,4,-0.091094,0.087680,0.167148
1777047865.435941,9,-0.127195,0.166708,0.090264
1777047865.435941,7,-0.127096,0.115616,0.142034
1777047865.435941,2,-0.089061,0.035732,0.223200
1777047865.435941,5,-0.125706,0.062967,0.195268
1777047865.435941,10,-0.163059,0.141887,0.115382
1777047865.435941,8,-0.163867,0.089051,0.163330
1777047865.435941,11,-0.202761,0.114806,0.130747
1777047865.805397,0,-0.016333,0.092650,0.191638
1777047865.805397,3,-0.052475,0.117545,0.159932
1777047865.805397,1,-0.052339,0.065130,0.207253
1777047865.805397,6,-0.089788,0.141222,0.123178
1777047865.805397,4,-0.091079,0.087857,0.167261
1777047865.805397,9,-0.127558,0.166429,0.088100
1777047865.805397,7,-0.127192,0.115553,0.141649
1777047865.805397,2,-0.089706,0.035635,0.222766
1777047865.805397,5,-0.127003,0.061813,0.191682
1777047865.805397,10,-0.163059,0.141887,0.115382
1777047865.805397,8,-0.162912,0.090064,0.166443
1777047865.805397,11,-0.201523,0.115647,0.134116
1777047865.906155,0,-0.016492,0.092478,0.191255
1777047865.906155,3,-0.052361,0.117563,0.159927
1777047865.906155,1,-0.052553,0.064793,0.206107
1777047865.906155,6,-0.089077,0.142045,0.126587
1777047865.906155,4,-0.091079,0.087857,0.167261
1777047865.906155,9,-0.126951,0.165866,0.090182
1777047865.906155,7,-0.127196,0.115375,0.141448
1777047865.906155,2,-0.088936,0.037054,0.226059
1777047865.906155,5,-0.127003,0.061813,0.191682
1777047865.906155,10,-0.163059,0.141887,0.115382
1777047865.906155,8,-0.163867,0.089051,0.163330
1777047865.906155,11,-0.202761,0.114806,0.130747
